chicken,5940,7260,25964,-1877,32767,-11122,-1360,4544,-1576,-16784,32767,9877,3924,15752,224,521,4331,-526,3578359527
chicken,6108,3752,27080,502,32767,-11881,344,7868,2556,-17875,32767,11738,2452,15448,520,1069,3386,-833,1081773717
chicken,9568,-2940,29832,6901,32767,-13559,1588,8160,10784,-27661,32364,10863,1112,14132,64,1152,2118,-1042,746718637
chicken,11264,-3168,27180,7161,32767,-17875,-6212,-7640,24948,-32768,19507,7593,56,13548,-864,437,619,-1070,2438965330
chicken,8428,288,24920,2694,31470,-18391,-4344,-26260,28768,-32768,3971,6933,1384,13312,-1768,-464,-228,-1316,3065009730
chicken,7180,-2272,24916,6328,28069,-19079,1408,-32768,26796,-14824,-5721,7503,1328,13692,-1300,-994,-1365,-1549,3261293545
chicken,1016,6176,29420,5515,23522,-18669,1032,-27752,27012,7292,-11068,4958,1740,14588,-828,-1965,-3982,-2390,2490381204
chicken,-1136,14892,28588,-5320,18590,-17376,96,-13788,21120,17628,-16164,2124,3208,15804,-724,-2583,-5788,-2941,309703228
chicken,-2612,13764,25924,-15136,13558,-12061,2068,1904,13396,12228,-18841,-1095,4244,16344,-1096,-2770,-6281,-3239,2971748576
chicken,-4700,9008,26320,-15803,8919,-6780,-1396,748,7752,3980,-16877,-2621,4636,15428,-896,-2657,-6095,-3017,1504784933
chicken,-7020,4528,28704,-12042,2195,-2727,-3804,-5088,5352,4245,-15743,-4262,3980,15020,-944,-2085,-5403,-2415,561055764
chicken,-1284,8672,24472,-12710,-4894,1640,-1276,-5900,9416,9669,-17271,-5935,4008,14208,-416,-1569,-4151,-1781,523721644
chicken,4528,12020,18640,-20833,-9506,7972,1360,-2668,19664,13633,-20724,-8131,4168,14020,296,-588,-2328,-1570,1009578134
chicken,5012,7176,14184,-27171,-12669,12504,-3344,-2648,32767,16106,-27311,-8519,3448,14724,-36,368,-2073,-1684,715845290
chicken,460,-956,13712,-26058,-17296,10861,792,-984,32767,21869,-28817,-8666,5300,14304,-532,790,-2235,-1963,408977097
chicken,-28,612,11112,-18738,-24533,7436,-900,1276,32767,26551,-31216,-7772,4660,14608,-1436,992,-1008,-2250,1085258014
chicken,-2320,-2560,8852,-16008,-29593,3797,456,-288,32148,28725,-32768,-5117,4488,14156,-492,152,614,-2146,836598026
chicken,472,-10336,9400,-6546,-31909,1638,1808,316,29152,29149,-32768,-3231,1592,15476,664,389,1441,-1632,3352592015
chicken,836,-13508,6104,2534,-32768,-656,664,-256,29696,27390,-32768,-1684,1480,15628,724,414,1499,-779,3893506570
chicken,1388,-16224,5080,17897,-32768,-2122,1272,-1228,30612,27115,-32768,-1164,2048,14980,-164,467,1183,-443,1565812688
chicken,776,-12136,3540,28916,-32768,-2095,3084,1504,31144,20176,-32768,-1217,2224,15648,-1816,347,1710,-521,1278412465
chicken,-1516,-4420,1944,32767,-32768,-948,2908,248,30012,12489,-31898,-1294,900,16288,-908,275,1589,-314,2978495963
chicken,1616,-2436,-1000,31988,-32768,2899,3464,2092,26848,6361,-26219,443,-108,15520,-988,208,1432,-41,2451814068
chicken,4460,-2932,-4448,29643,-32768,7567,3168,-1836,25676,3277,-20841,1914,208,14624,-1468,468,1133,199,1352057547
chicken,7968,-3984,-8912,26881,-32768,11696,7096,-2124,23944,10150,-11962,5082,1016,15216,-1800,657,1678,817,3389292758
chicken,9620,-5024,-9544,24350,-29500,16491,5540,9404,18904,9410,-6402,4290,1132,15724,-1452,797,2222,1433,286018312
chicken,11984,-6820,-10316,24668,-24235,16638,8176,5624,17220,-129,489,2321,2360,15388,-2244,662,3054,1828,50710065
chicken,15272,-4120,-10688,23308,-15193,16448,9040,8208,15584,-4577,7541,-1309,3048,15128,-1212,487,3557,2135,3737399638
chicken,19720,-3220,-4976,13225,-6768,16659,10812,8568,7232,-9609,10102,-2721,4364,15120,-1144,311,4020,2468,1194239541
chicken,18088,-3860,2748,-3468,1096,12153,9084,12076,4376,-12493,21076,-2726,4820,15532,-1040,595,4606,2496,929048312
chicken,12788,-7292,24688,-14447,8540,2061,12384,13084,-5572,-24937,23642,-3622,5108,15512,-1024,640,5642,2240,190760824
chicken,5556,2160,25796,-1394,8301,628,13676,14672,-8740,-32768,32767,-4073,5124,15208,-1204,635,5888,1926,536563653
chicken,5320,8836,27456,-2989,18353,-3360,6492,9000,-2912,-32768,32767,-499,5404,14744,-760,694,5757,1438,623856871
chicken,6108,9980,24568,-11561,25711,-7779,5556,7004,-536,-32768,32767,1666,4964,15344,-752,728,4975,1265,1461546794
chicken,2732,6196,30148,-13604,30279,-8610,7444,4228,20,-22733,32767,4133,4680,15944,-612,539,3834,1205,282820109
chicken,3248,3856,29788,-11048,32767,-9502,7244,5072,-1808,-9275,32767,1665,4684,16220,-300,618,3617,938,4282021950
chicken,8868,3728,28316,-11192,32767,-11244,8424,4248,-3604,-2988,32767,939,3656,15240,1020,905,3789,492,2905162159
chicken,1584,3768,32767,-12631,32767,-11961,7688,8952,-3500,-216,32767,3102,2576,15652,696,1086,2897,73,3930043228
chicken,7796,96,23528,-11434,32767,-10422,8500,16616,-2580,-4606,32767,6642,44,15036,284,992,2456,84,73353866
chicken,8828,-5224,27580,-4809,32767,-13452,9668,18396,272,-13806,32767,9556,-1424,14864,388,770,1067,411,3677192625
chicken,11160,-1380,30920,-4389,32767,-12492,9784,11096,8248,-25347,29792,11719,-1268,14044,-632,-113,-1003,415,2385533437
chicken,11308,-4232,30596,-4629,30019,-16094,452,-1604,19576,-32768,14589,10514,-2200,14052,412,-48,-3291,324,382910117
chicken,4340,-7616,32767,-396,25612,-14581,-1460,-24596,24380,-32768,214,8189,408,14228,44,111,-5683,208,804585495
chicken,4792,-4448,30840,6470,20026,-16859,1580,-32768,23908,-7664,-7228,5599,3356,14476,-2244,-915,-7623,-79,986821303
chicken,3656,4196,28480,3082,13735,-14880,2448,-29088,23364,20377,-10681,4766,5284,14992,-2416,-1910,-8775,-1101,729610317
chicken,1428,12720,30616,-6858,7377,-10021,4864,-9784,20488,28165,-14013,6182,5240,16408,-1080,-2265,-8486,-1911,3073338557
chicken,1824,16024,30224,-17041,-1608,-1801,-3248,4196,17296,14694,-17077,-3012,5300,15408,-528,-2204,-8603,-2256,1469989899
chicken,2368,14060,27252,-19862,-7123,3319,4340,-356,13196,3376,-19283,-5701,5584,14668,-856,-1892,-8690,-2877,2353248315
chicken,-4776,6668,25112,-22640,-15867,5895,1452,-6572,21684,3436,-21363,-8001,3296,14912,-2008,-1850,-8502,-2735,2333261472
chicken,1820,6400,20196,-22988,-27083,7266,-1772,-10912,30696,17766,-27011,-8735,2968,14616,-1576,-1564,-6958,-2187,796839103
chicken,2180,1192,7276,-18444,-31087,8426,684,-2528,32767,30015,-30745,-7547,3820,14200,-164,-339,-5274,-1433,1500471292
chicken,2064,-2080,8980,-15582,-32768,6354,-2536,4640,32767,32767,-32768,-5545,5016,13140,888,1243,-3769,-1145,430958353
chicken,176,-11364,5084,-7316,-32768,3619,3116,4860,32767,32767,-32768,-3677,5480,14644,-1148,1636,-1851,-1032,2194424051
chicken,3208,-12364,1092,1766,-32768,-363,-1344,4128,32767,31530,-32768,-933,3672,14808,-976,365,190,-881,3801692022
chicken,6416,-12552,-2964,7759,-32768,-4859,-964,2200,31960,28380,-32768,1554,2720,16580,-912,83,407,-810,2400114846
chicken,5120,-12244,-3400,11509,-32768,-8065,1292,140,27468,24965,-32768,4116,2748,16064,-1836,-104,934,-808,3700962159
chicken,4528,-12432,-2540,16128,-32768,-10401,1156,724,23096,20009,-32768,4488,928,15816,-2232,-65,828,-725,1937958193
chicken,4664,-10424,-5196,21187,-32768,-9534,-644,4328,27004,16972,-31189,6042,676,14936,-1740,-114,1073,-260,2816608406
chicken,7824,-6824,-10696,27251,-31467,-6162,3276,12040,23860,-1873,-25564,3641,208,15300,-876,166,1545,563,1334842025
chicken,11548,-572,-12112,27642,-26771,-1872,6656,3204,19692,5637,-16908,7852,1760,15140,-1932,220,2896,838,811080906
chicken,14200,-376,-12340,21724,-20501,2426,5456,8820,16896,-8191,-10155,5858,1048,15724,-1704,775,3817,1433,2222788293
chicken,16260,-3648,-9860,17001,-12170,3449,5904,4448,15524,-15957,-4095,5067,2288,15948,-1832,798,4545,1970,3965738980
chicken,15972,-7472,-3988,15819,-5728,1753,7076,5292,14356,-17365,2565,1903,3160,15400,-1628,617,4658,2035,1522158641
chicken,15908,-7132,5856,23548,651,1910,6828,4836,13100,-17404,7453,-291,4592,14040,-1448,625,4489,1814,2490596018
chicken,13300,-300,11228,28089,4525,3674,8248,4196,9272,-15585,11674,-1869,4440,14332,-928,684,4527,1521,195330854
chicken,6804,2564,22068,24274,6399,-2497,9964,5648,7556,-13089,19800,-750,3956,14504,-956,752,5194,1330,2117511187
chicken,2096,8148,23720,30644,7472,-1721,9092,6332,3220,-10403,26229,6,3640,14904,-1904,574,5701,1302,171612604
chicken,5152,13336,21796,18723,15106,-2383,8036,11256,3752,-12718,27896,-1222,5492,14732,-2052,531,5974,1217,1824255344
chicken,-3884,15008,23744,-2714,20245,-5390,8340,10800,4400,-14936,27469,-625,5408,15204,-736,484,5175,902,3392711820
chicken,4732,8868,22972,-24021,26785,-7462,9600,11728,5020,-16828,27668,-3588,5188,16008,-444,525,3993,705,1877817754
chicken,1828,5668,19672,-28751,30117,-8140,11584,9412,-288,-17101,29127,-5243,4400,16108,-904,339,3239,270,2954479304
chicken,2520,5400,19880,-22974,32767,-7391,14340,7832,-6100,-16288,32767,-3859,3504,15292,-1724,-118,2608,-168,2772789652
chicken,6184,4080,17640,-19743,32767,-7837,13328,2908,-11624,-8512,32767,-2038,1932,15000,-752,-466,2692,-390,4242225170
chicken,12332,-732,17892,-18010,32767,-8243,10544,11388,-8732,-9705,32767,-532,1528,15692,852,-387,1916,-596,1168725289
chicken,9248,-4232,20536,-15682,32767,-11560,9708,12768,-5072,-17418,32767,4578,696,16292,1648,155,-217,-55,2981550311
chicken,5940,-3264,24888,-10782,32767,-12909,8936,12200,452,-19660,32767,8935,696,15084,328,548,-1588,450,1329882877
chicken,1412,-4596,29040,1313,32767,-15150,8352,8928,5732,-24921,29625,13061,1112,14204,256,185,-1641,826,1183572943
chicken,3648,-1040,28812,3933,32767,-16365,2504,-4196,14724,-28965,20935,14436,2056,13536,1548,79,-1283,775,975144340
chicken,-344,-6712,31468,14306,31651,-17988,-908,-19508,22264,-24172,9435,14149,1756,13136,1464,672,-2276,1020,3261940222
chicken,-956,2864,32767,17137,23935,-20124,1784,-31404,25652,-4946,2313,9545,2700,14804,-2060,-423,-3866,604,524814884
chicken,1632,9620,32767,7367,16689,-18121,2876,-23404,23644,14685,-1494,8328,4192,16252,-2424,-1219,-4897,-288,1758293051
chicken,1668,13904,32767,-7794,9041,-12288,-2276,-9276,24372,17636,-6827,3133,3708,17008,-2544,-1956,-6544,-1375,3586658473
chicken,544,13284,32688,-20174,1330,-5432,428,-4004,19896,10898,-11651,-1809,4532,15704,-2644,-2223,-7813,-2235,3112577933
chicken,-1012,9996,30748,-22612,-6595,1149,2968,-6040,14724,7675,-11338,-5425,4856,14768,-2396,-2374,-7784,-3146,1482081506
chicken,-3212,9552,21084,-24976,-14378,5112,-1016,-5588,19596,7164,-11533,-8332,3824,14096,-1056,-2305,-7395,-2949,2249849278
chicken,-1952,3724,12840,-25333,-18182,9253,-5676,-6596,28332,10797,-17621,-8333,2892,13548,628,-1539,-6901,-1869,508795661
chicken,-7304,2060,10952,-23044,-24157,6281,-3784,-5360,32767,18280,-21680,-8527,4136,13748,304,-491,-5416,-919,3283230159
chicken,-4348,256,9456,-18694,-30042,5312,-4256,680,32767,22293,-27203,-6911,5900,13712,-192,608,-2209,-687,2892008648
chicken,-1140,-236,11844,-16113,-32768,4863,-1112,1084,32767,26430,-29592,-6134,5300,15412,-2032,639,491,-603,607537595
chicken,-1380,-5320,11104,-13931,-32768,3994,-1092,3432,32767,29587,-31098,-3718,3840,15828,-660,-78,888,-412,3596755347
chicken,-3072,-13792,12864,-2339,-32768,1382,-3824,4996,32767,32767,-32768,-594,2176,15956,372,5,927,-355,1137866744
chicken,3100,-14028,2468,11316,-32768,-2434,52,912,32767,32767,-32768,1876,2332,15628,-436,-162,323,-487,2033943513
chicken,1608,-10828,-136,17650,-32768,-4652,2052,-1884,30332,29346,-32768,3122,1396,14928,-1512,-336,-75,-647,1241930019
chicken,3236,-9420,-2704,20566,-32768,-5570,5280,-2116,27744,22606,-32076,2005,3056,14400,-64,-394,8,-557,2976722136
chicken,5060,-8212,-5824,21476,-32768,-4335,4152,16252,24716,13354,-27383,-2107,2800,14976,-580,-235,94,-153,3965261057
chicken,9452,-7044,-11228,25127,-32768,-1872,5464,-2116,22984,11026,-23750,4510,2280,14364,-512,127,757,247,2241270023
chicken,13056,-3896,-14280,28945,-28441,2869,3548,2764,20780,4834,-17357,6706,2544,15080,-1176,781,2068,731,1258971352
chicken,14680,-1168,-12028,27936,-21831,5884,4632,6848,18472,-3048,-11770,5726,2512,15672,-1732,780,3382,1177,2563377069
chicken,16424,-744,-10320,22320,-13598,5777,6256,7280,17008,-7803,-5622,3631,2464,15796,-1608,759,4203,1510,3370726803
chicken,15696,-3844,-4336,18963,-6338,6791,7540,8436,15348,-11467,-151,540,3596,15340,-1572,858,4506,1513,4224707891
chicken,15668,-6304,6964,25238,-1953,8385,9004,7164,10544,-13617,4627,-1370,3800,15004,-856,970,4215,1429,2381673852
chicken,12132,-3696,24340,25558,-3256,2756,9268,11032,6872,-15254,9571,-846,4212,15484,-1196,961,4063,1305,1024547125
chicken,7364,4152,19328,26419,716,1009,13308,9176,-2284,-22903,19125,639,2876,16232,-1396,901,4729,1268,1872071079
chicken,4172,9112,25252,13732,8956,2065,8860,9208,1480,-23703,24091,-26,4084,15380,-2024,805,4627,1465,1144590147
chicken,5380,5648,18400,-3608,15116,-389,8508,4872,3136,-20642,21285,1273,5796,14812,-1628,-19,3371,1164,3527640063
chicken,2284,5924,20144,-15077,19246,-6981,10436,8100,2776,-15575,22974,-300,6464,14748,360,301,2899,518,2091551225
chicken,2952,9508,23832,-28062,24915,-9286,10352,11108,-932,-12340,24560,-568,5104,14732,-492,549,2052,136,1099443567
chicken,4944,5700,25420,-31080,31600,-8228,11136,580,-7308,-3890,30607,-2913,3700,14680,-684,605,1765,-106,2970795683
chicken,3592,5748,27216,-25591,32767,-6406,9492,6224,-8896,4372,32767,-3136,3596,14980,-780,268,1564,-382,1878989057
chicken,6004,7164,27948,-22389,32767,-7736,8052,5968,-10300,4163,32767,-2820,2904,15444,100,98,866,-317,3754615987
chicken,7660,-1432,28096,-20139,32767,-7962,7716,10584,-7944,3069,32767,743,3116,15156,84,113,94,-459,1396476737
chicken,4464,-4440,28888,-9238,31790,-8479,3748,13284,-5048,2891,32767,4340,1016,15124,-220,141,-758,-530,2682009040
chicken,11136,-5308,25240,-3451,29959,-8490,7936,15908,-28,-9052,30897,6267,-636,15608,-972,-165,-1287,35,2450437180
chicken,13348,-2648,23932,-5448,29644,-8404,4320,9100,6772,-21934,25047,6441,384,15668,-256,-227,-1991,243,1357505846
chicken,10700,-4712,28752,-6470,26913,-7262,-420,3256,18372,-32768,14110,6281,2260,15408,-352,84,-3626,137,3763054112
chicken,10784,-4432,32767,-53,21462,-7469,576,-8420,19904,-32768,4734,6141,2640,14768,-308,-487,-5162,-140,1671327827
chicken,8988,-5272,32767,3642,12623,-8191,2376,-24224,20600,-32452,590,6201,4284,14492,8,-892,-5486,-619,742376121
chicken,11756,-5084,27612,6673,6143,-12053,4312,-29692,21772,-10002,-5474,2802,3484,15184,-472,-1180,-4861,-944,1931451245
chicken,8016,5732,20344,3912,-39,-11037,16592,-26480,16756,14203,-1262,-516,3672,14976,-1356,-1253,-3543,-962,2825460981
chicken,5628,13224,19784,-12426,-3358,-5573,4208,-5580,24968,19663,-5700,-3887,3032,15324,-664,-1248,-3226,-936,2455660251
chicken,4180,10576,20100,-24080,-8807,-2354,-2456,4036,29904,9216,-12841,-4205,4600,14468,-376,-1166,-3438,-838,4245249754
chicken,5816,5596,17568,-23442,-13814,-423,96,-1852,28952,8857,-17016,-4920,3964,15024,-296,-729,-3270,-812,3723041533
chicken,3016,2428,17192,-17872,-19680,714,-1312,-4888,32767,15200,-21081,-3775,4024,14664,-524,-444,-2575,-905,3964297930
chicken,920,508,12424,-13972,-25312,-299,708,-2828,31568,21797,-25082,-3365,4148,14508,-1480,-160,-1624,-1225,3466515697
chicken,424,-3428,10808,-11873,-29431,-578,-608,-132,32767,26354,-27307,-1777,3956,14272,-200,-37,-1282,-1296,3125643796
chicken,-288,-5372,10240,-8907,-32768,-786,-2776,2588,32767,27452,-29796,306,2788,14896,28,565,-714,-1036,641438721
chicken,2364,-8952,6580,-2960,-32768,-2216,-1840,2876,32767,24290,-32768,515,2300,14924,-1020,213,-119,-780,1146908684
chicken,1452,-8260,4840,3017,-32768,-2293,744,964,29876,19673,-32569,-429,3268,15100,-1100,-29,330,-828,3067331748
chicken,80,-9468,4932,5492,-32768,-3469,-1048,44,26128,15494,-28527,-773,1624,15064,-476,93,440,-961,2814647894
chicken,348,-8772,3236,9394,-32768,-3862,-1484,-2340,23788,15493,-22582,1062,852,15388,-1068,227,510,-766,3413693480
chicken,3164,-12516,-2472,14770,-32768,-4204,-1480,168,21812,15067,-16795,1957,248,15444,-2116,67,521,-202,2693617233
chicken,6640,-14972,-8112,24912,-32369,-4298,-1516,-152,22448,12872,-10445,714,420,15304,-1936,127,933,237,2258735315
chicken,9752,-13108,-12844,32767,-26913,-1831,1436,3096,23540,7808,-5208,40,1876,15452,-1848,334,1562,674,3560944124
chicken,12944,-10248,-11604,32767,-17589,2192,2572,2512,24684,4441,-830,-1939,2312,15660,-1488,457,1829,940,3040312336
chicken,14000,-5632,-8268,32767,-9796,4883,2688,6220,21200,-9476,2444,-4140,3656,15268,-1712,593,2236,1009,3020954198
chicken,14336,-1348,-6880,32767,-1918,5854,3868,7772,21836,-20647,3484,-5842,4464,14728,-1304,616,2574,1072,3075703539
chicken,13740,752,-3276,29973,7574,4065,7064,12540,18292,-30008,3133,-7776,4488,14592,-1712,652,2952,1130,4131514047
chicken,11688,960,3104,17219,13556,3329,7048,13520,15688,-32768,5542,-7036,4744,14856,-1556,713,3937,958,2242801252
chicken,6868,-680,13128,5049,13563,-134,10876,14332,9860,-29314,5661,-3089,4672,15112,-412,709,4388,738,3081275780
chicken,6972,1180,12328,225,13954,-3172,17324,11912,1720,-23813,16306,525,3488,15216,-796,721,4428,584,2907547264
chicken,7784,-12,13900,3960,18257,-5273,15868,9688,-2012,-7345,21637,2681,2536,15112,-940,953,5195,619,838665886
chicken,5816,-1276,15484,4211,23302,-6466,16548,11624,-3744,-117,21144,3768,3044,15636,-1968,608,4660,500,129749569
chicken,2552,796,17624,6123,25097,-7793,15072,9472,-7308,72,22859,4302,2908,15468,-288,743,3751,1030,1553272513
chicken,6296,3448,22084,5698,28193,-11819,13248,7764,-10508,-1843,27853,2091,3372,15704,348,455,2728,1087,4226872420
chicken,3028,12748,22292,-7850,29321,-14343,8912,8028,-13080,-3562,32767,2979,3456,15452,604,548,2729,776,1066220092
chicken,1776,2988,23320,-8131,30656,-13549,5544,10676,-10868,-12404,32767,5292,2108,14748,-148,97,1343,818,1239760654
chicken,-2004,4952,25576,2290,30642,-16577,1428,6696,-5756,-18244,32767,9778,2608,14528,-60,36,896,1081,2650509857
chicken,-3056,9992,28608,4863,29478,-18768,-1880,7624,-152,-20513,31815,12783,3516,14588,-212,-82,15,799,3353821366
chicken,-5796,7696,31820,9711,26834,-20230,-1708,4740,3944,-23243,26042,14165,1772,14960,-296,-162,-973,755,41274938
chicken,-7420,12116,32564,11173,23999,-20301,-4584,-1152,10500,-26196,18678,12108,1672,14948,-368,-415,-1775,637,693665093
chicken,-3736,15044,30152,1653,22143,-17908,-3556,-9440,11960,-26478,10770,8626,1924,15028,-288,-366,-2453,426,1353895872
chicken,-2432,8712,29172,3530,20618,-15236,244,-19096,15120,-22661,3211,4637,1880,14880,-612,-572,-3688,294,4002867322
chicken,-1192,10644,31756,4901,18363,-13285,-1788,-26360,17020,-11701,-1898,1701,2644,15352,-1644,-1072,-4825,-28,3859051203
chicken,1092,8200,31624,2691,15574,-10154,4728,-25324,19580,888,188,-3772,2464,16052,-1088,-1274,-5353,-573,4215065022
chicken,2488,12828,31300,-2935,13232,-8053,-612,-14216,20664,6670,-5857,-9037,3108,15800,-1408,-1600,-6182,-856,3592348066
chicken,2360,16448,30772,-14260,8443,-3060,1572,-7368,18708,6683,-7431,-14391,3948,15164,-1680,-2031,-6324,-985,3153643366
chicken,2748,11200,28700,-20072,3227,3241,2408,-5568,16864,4744,-5723,-15962,4208,14840,-1356,-1867,-5717,-733,2951482427
chicken,5224,5864,27632,-21150,-2860,6961,-76,-10020,15792,9763,-7291,-16532,4076,14256,-928,-1324,-4495,-469,2678345790
chicken,7432,7572,22152,-24517,-8412,9861,1976,-7848,19284,17713,-10830,-14791,4324,13720,240,-333,-3016,-168,2494691789
chicken,8644,7448,17828,-31017,-12619,12290,704,-3408,29248,24172,-18133,-12951,4396,13896,700,387,-2109,-28,1550305905
chicken,8444,7676,12788,-32768,-16673,12175,2412,2312,32767,27505,-17875,-9056,4544,14584,1280,409,-2410,-102,3459497031
chicken,7560,2036,11020,-32768,-22053,10435,1936,4040,32767,25857,-24148,-7539,4936,13940,-128,67,-2228,-457,4229346253
chicken,3968,-1960,10440,-26238,-26471,7145,376,1960,32767,24597,-28020,-3950,5384,13280,-1388,-138,-1183,-1226,3263789609
chicken,656,-3940,10360,-20561,-30396,3978,-1196,-1376,32767,32059,-29110,-449,4172,14500,-1500,-279,-539,-1711,2584254791
chicken,-2060,-9596,8392,-15280,-32768,1004,-2440,2312,29340,32767,-30406,2400,2308,16672,-64,-175,-582,-1496,3486793671
chicken,-704,-13400,5348,-4916,-32768,-2682,-2160,-2524,31172,32767,-32668,3788,312,17032,-108,-23,-625,-786,91238745
chicken,-3184,-18068,660,6313,-32768,-6076,-644,15940,31228,32767,-24942,-1063,1748,16616,-1456,-234,-112,-704,3561546935
chicken,1064,-14972,-3980,18352,-32768,-6777,-1252,-7668,29764,32767,-25649,9398,3264,15408,-1332,-347,914,-691,1058747257
chicken,2400,-10308,-6728,24562,-32768,-5710,-4488,5900,24300,19346,-22624,7004,2008,15356,-1088,128,1675,-333,2771316774
chicken,6664,-6372,-9356,27452,-32768,-3112,-2716,2456,23128,1810,-20699,6650,1160,15180,-1156,453,2347,445,835551498
chicken,10200,-1536,-10788,26324,-28783,655,-1256,6260,21692,-7026,-17178,5173,1780,14716,-1536,600,3162,829,4035148094
chicken,11000,-1664,-8704,19749,-24447,2730,1568,1408,21716,-12663,-11637,3644,3196,14500,-1808,686,3775,847,2554399403
chicken,13828,-6828,-8708,16779,-15925,2436,2808,5288,20184,-11966,-7539,3565,3056,15456,-1372,760,4161,803,1392491614
chicken,15424,-6508,-7452,15162,-7695,2349,6344,8580,17376,-16371,-4220,2231,3376,15968,-1696,470,4268,1006,3945485745
chicken,12964,-4036,268,9805,-2662,2496,8468,8320,12652,-18474,-391,594,4228,15584,-1136,282,4361,868,1465124535
chicken,14752,-5468,8108,3919,4022,1691,8780,12656,8540,-19786,5643,-1228,4692,14928,-596,560,4917,460,2629993168
chicken,8044,-4696,23312,7515,3699,-442,11232,12544,4808,-19729,8818,4108,3924,15040,-400,752,5313,200,604360977
chicken,3784,1348,23788,19251,1648,911,14436,5052,-300,-12112,16691,4012,3532,15204,-796,780,5038,196,2913692723
chicken,8228,7196,13272,16748,9738,414,11560,5912,-1412,-3709,18730,1267,3784,15664,-1704,247,4988,120,4063789802
chicken,7328,7336,12720,9225,18095,-572,12516,7748,-1232,-1300,22626,-274,3928,15520,-576,-30,5059,-114,2753007444
chicken,2420,6004,17268,1619,22907,-3363,12352,11868,-3000,-5164,26139,2074,3948,14656,264,-7,4358,-139,2872826671
chicken,-288,5928,21232,-3857,26315,-6666,9644,12300,-6040,-10779,28649,1886,4080,14548,-396,-78,2434,98,2956847033
chicken,1912,10048,23424,-12099,29936,-9533,9296,8432,-6644,-13483,29322,2333,3844,13860,268,119,2006,40,878079631
chicken,4864,6796,22600,-14097,32725,-11068,9612,3716,-7840,-12413,32489,3290,1892,14820,220,495,1657,-6,4144157640
chicken,-728,-3040,32767,-1766,32767,-11729,6056,5520,-3720,-8921,32767,7035,1228,15872,36,306,616,123,3463866682
chicken,5908,11040,32767,-4843,32767,-17799,3128,6732,-192,-7628,31852,9939,836,15800,844,197,-306,215,2729359948
chicken,2108,600,32767,-597,29459,-17516,2580,9188,7304,-9788,28816,12938,1432,15500,216,271,-1583,237,1284997266
chicken,4964,7232,32767,-2424,24214,-16505,2328,9708,10784,-15393,25325,14430,1344,15528,-156,147,-1623,212,3987919647
chicken,10868,7336,32767,-15739,20745,-13207,1716,4992,10796,-29219,19991,13652,1520,15496,-332,-235,-2919,236,1384817127
chicken,10328,6788,32767,-23348,16767,-7873,704,-14956,10464,-32768,12858,10770,2424,14988,-432,-455,-3755,81,1350222373
chicken,8832,2196,32767,-20305,11528,-6761,-1284,-25912,15372,-30890,5097,6743,732,14436,-372,-480,-5117,4,2904489983
chicken,10144,5868,32767,-22458,4821,-8490,2404,-32768,18636,-13660,605,2085,3888,14664,88,-807,-5383,-39,3474897913
chicken,11996,8560,27440,-29835,1314,-1940,3068,-27048,22804,7041,1144,-3580,4308,15720,248,-546,-4314,-663,1870189062
chicken,6544,2464,23068,-32768,-2447,-726,2436,-10096,25756,11751,-5626,-6688,4264,15916,-1260,-646,-3814,-778,1769482477
chicken,3724,-1492,21420,-30355,-8608,123,3892,-4540,26716,9468,-9974,-8395,4952,14564,-1292,-661,-2975,-1297,2969217245
chicken,3668,-2456,16688,-24280,-16177,1080,12,-492,29416,10341,-14261,-11442,3700,14496,-772,-446,-3005,-1478,678540059
chicken,4200,-5548,13336,-15886,-22613,-996,-2648,-4948,32767,16366,-20891,-11152,3424,14064,-496,-181,-2771,-1046,1473696042
chicken,4492,-4356,10840,-9308,-25818,-2491,-3892,-4640,32767,28379,-28234,-9825,4556,14260,-1112,-90,-1712,-827,53041333
chicken,4148,-4096,7740,-5958,-29046,-3550,1448,-1072,28540,32767,-30500,-6692,4392,14912,-584,474,-338,-874,1976437192
chicken,6176,-4012,4664,-5620,-30802,-4600,3668,-116,29184,32767,-32469,-4321,3672,15628,-568,1022,924,-819,1131935740
chicken,4960,-8308,632,-2991,-31217,-5798,940,3692,32767,24697,-32768,-4470,2960,15312,-200,1060,895,-658,889518229
chicken,4180,-10452,-3096,3422,-31014,-7554,-2168,-2568,32767,17601,-32768,-4694,2904,14680,-352,385,382,-546,3092858239
chicken,3664,-9888,-4036,9315,-30648,-8820,-1812,-2912,25384,16826,-32768,-3755,2212,14904,-1076,355,829,-501,3387127464
chicken,4532,-11816,-3216,12672,-29586,-10176,-2016,924,19972,13863,-32768,-2382,2224,15420,-1256,392,1635,-485,1831978392
chicken,7584,-11588,-6436,19072,-27679,-10759,-1152,-672,23856,12157,-32598,-1118,1184,15848,-696,293,1359,-285,3146455976
chicken,9564,-8120,-13048,27433,-21985,-8604,1416,1436,27792,10078,-28587,-882,1000,15916,-1044,206,945,73,1001381374
chicken,9496,-3012,-10184,28825,-16427,-5334,2628,2532,24376,5001,-23003,-297,1376,15608,-1692,166,999,234,3888077623
chicken,11120,-2600,-7564,25153,-9403,-2259,4220,6516,22148,500,-16162,-1031,1392,14980,-1700,-32,1204,112,3423413845
chicken,12492,-5440,-8960,25617,-1959,-610,5612,-1392,19452,1715,-8490,3090,2556,14896,-972,180,1293,143,2216504548
chicken,12496,-6004,-7124,32767,5240,-785,6280,3204,16464,2710,-4133,683,2800,15164,-568,592,1128,247,1426098550
chicken,12016,-7112,-188,32767,7376,-1661,6980,4588,14452,-3307,-2330,-471,3244,15008,-848,650,1093,236,328168263
chicken,10544,6896,22708,32767,7427,875,8996,4624,14172,-183,4519,-2166,3660,14896,-1020,579,1181,166,2557804613
chicken,3352,13816,22856,32767,7180,482,13156,3404,7328,2190,7328,-1099,4124,15540,-1476,292,1948,113,3511651962
chicken,2108,15372,22772,27016,7749,-1731,13580,14252,-936,-9977,17186,-164,3732,15768,-696,100,2431,236,2807363094
chicken,6608,14740,16344,5492,12938,-2262,11592,16516,1320,-24915,19318,887,3928,15664,-1380,-2,2555,445,2027558711
chicken,6112,5600,17532,-10151,16556,-3856,10596,16728,3420,-32768,21061,1209,3232,14964,-2356,252,2859,529,3374833194
chicken,6200,2560,15968,-16106,21222,-8307,14640,8100,1072,-28590,21301,3101,4716,14796,-1788,170,2345,214,1440345484
chicken,2792,5948,16908,-15818,23714,-9327,15460,4684,-2972,-13912,26522,2661,3728,15404,272,701,2174,84,3752358036
chicken,3288,7848,20720,-14950,28887,-8990,11456,5852,-5452,-7583,31012,1557,2948,15636,-396,492,1052,209,4175308771
chicken,3924,8388,20516,-16392,31811,-9324,8624,9464,-7020,-10208,32767,1440,2480,15256,-96,370,1152,143,585751248
chicken,4772,1556,19480,-12458,32767,-10410,8400,6848,-7452,-10830,32767,5356,2280,15060,144,374,1175,111,4176297794
chicken,1628,-1764,26264,48,32767,-12666,5500,7540,-4124,-9877,32767,8374,1852,16004,0,460,561,344,2613867988
chicken,860,3952,29504,6774,30634,-14257,4620,8988,-248,-12482,32767,11937,2248,15548,-584,404,-537,619,3531139401
chicken,3368,5392,30104,3853,27073,-13757,2584,8776,4388,-20134,32663,13401,1984,15132,-744,-185,-1301,749,1190763868
chicken,3432,6096,28584,-510,23333,-15429,2504,232,6052,-30027,26643,13808,1148,14656,-8,-540,-1728,1031,286546113
chicken,5556,5840,26244,-7043,19788,-15080,192,-14500,10472,-32768,18339,10518,1208,14844,920,-269,-2491,1286,3451232272
chicken,3036,4056,28272,-9933,16496,-14987,-1980,-26540,18536,-29118,8426,7714,2464,14868,704,138,-3221,1281,371365410
chicken,1752,4584,31740,-9425,12852,-13610,972,-32768,24140,-4657,4201,3724,3288,14680,-316,-209,-3700,880,1852396456
chicken,2912,9844,32767,-12139,7456,-9670,4312,-24220,22636,14320,-306,3138,3380,15816,-1692,-890,-4438,323,305920301
chicken,3268,11596,32136,-18147,1824,-3983,-3368,-5796,22788,17274,-4558,-4099,2764,16408,-2640,-1540,-4845,-214,3118143902
chicken,2536,8492,28772,-19608,-4283,1282,3656,-2516,15852,11315,-4556,-7709,4168,15048,-2292,-1526,-5187,-909,2527932613
chicken,2756,8428,26028,-21143,-9977,6493,788,-1812,15540,5146,-6596,-10257,3576,14472,-948,-1306,-5562,-1224,2846439094
chicken,1320,6352,19772,-24826,-15116,9500,-5532,-9892,23624,9691,-9939,-9386,3712,14284,-40,-912,-5692,-862,2004540472
chicken,2428,2972,15608,-24861,-20359,9735,-1312,-5824,30136,18869,-14532,-8987,4712,13992,-924,-407,-4328,-556,2614295749
chicken,4808,3524,12456,-26535,-24747,8910,300,216,32767,22464,-20125,-8148,5052,14088,-920,90,-2114,-536,2250502755
chicken,1200,-4468,10440,-23043,-29313,6644,1080,600,32767,22930,-25298,-7403,5680,14264,-220,511,-411,-678,1927790500
chicken,2000,-8560,8772,-9641,-32768,2748,-1308,-1244,32767,26886,-27750,-5754,4852,15080,-264,458,327,-599,1296204194
chicken,1012,-11252,5352,-626,-32768,579,-1904,-268,32504,32767,-29235,-3055,4400,14532,-972,144,1028,-505,1952763975
chicken,1152,-14380,2992,12349,-32768,-2196,-2596,792,30776,32767,-30886,-32,3664,15048,-1136,393,1976,-419,2878060036
chicken,5404,-11920,-3816,20505,-32768,-3972,-3020,-1464,32767,32767,-32768,2200,2164,15784,-732,401,2417,-320,2116431760
chicken,7048,-9424,-7572,25178,-32768,-4602,-2536,-396,28484,32767,-32768,2878,1224,15864,-784,241,1857,-149,765329289
chicken,9780,-5596,-9636,25120,-30703,-2747,-1584,1868,27624,26741,-29963,3259,1044,15072,-1928,267,2003,-5,152378785
chicken,9612,-5196,-9280,24827,-27282,5,-56,5436,21352,21732,-25614,934,704,15460,-980,281,1957,-15,750390422
chicken,12524,-3988,-9040,23464,-20077,2777,2492,-4532,23488,20514,-19313,8997,2292,15324,-536,416,2738,225,1694864499
chicken,13336,-4220,-5020,22016,-15041,3360,2564,9356,18940,19478,-11527,8589,2020,15464,-1012,733,3415,605,957647849
chicken,14476,-4792,-2924,20466,-9239,2001,2356,9808,19780,3418,-8370,5886,2252,15692,-1536,863,4069,1049,573587614
chicken,14544,-4444,864,20617,-2346,2442,6772,7856,12996,-7865,-4834,1851,2540,15900,-1444,697,3969,1203,4191430794
chicken,12336,-3240,11060,24954,1144,3603,7620,12060,10232,-14988,1985,-1924,3844,15048,-1968,730,3622,1106,2256366071
chicken,9036,588,22436,22436,2592,94,9528,10056,4464,-19019,2790,317,4248,14944,-1160,622,3119,795,1496573720
chicken,5168,8156,29548,18288,2528,770,12508,17436,-2368,-31883,11931,852,4072,15528,-1368,544,3341,663,3292193694
chicken,3280,9300,25736,4941,4073,252,8180,13664,-8,-32768,15261,1090,3496,15320,-1440,464,3697,653,2112784861
chicken,2956,4564,21324,-2161,5729,-2418,8240,10284,3392,-32768,15974,210,3996,15416,-2104,258,3498,783,1443082244
chicken,3600,8752,18640,-7957,9159,-4542,11924,5792,696,-28820,14783,4544,5004,14848,-820,70,2882,742,252516114
chicken,2312,7828,17016,-16672,14632,-5787,11744,6092,-1436,-12532,19509,2440,5056,14652,-604,5,1986,414,2073986660
chicken,5792,7772,19864,-18641,20327,-8290,9492,6820,-4324,-8020,22973,-820,3984,14784,-228,-21,1122,245,458831355
chicken,3980,11024,19148,-21553,22665,-8476,12536,1868,-4832,-2523,27488,-420,2732,15412,-236,-53,604,5,3817206212
chicken,4348,6444,23036,-23449,24696,-8770,7124,5576,-3424,3568,30824,2287,2344,15072,-216,94,264,-54,3641040970
chicken,6124,2292,24556,-18594,25441,-7312,6792,6476,-4712,-1970,29876,3076,1892,15340,8,123,-614,65,1854256509
chicken,8700,2036,26972,-18895,23626,-8920,8308,7892,-4008,-8045,30061,5123,1456,15244,-92,-139,-1535,175,1663982103
chicken,13644,-172,23536,-21305,23607,-8400,7968,4612,392,-18382,26172,4713,940,16212,52,-326,-2616,389,2659976761
chicken,13248,-2700,21280,-18646,23667,-5646,5080,-392,7456,-24482,19542,5829,1072,15984,120,-397,-3814,544,1111476790
chicken,12372,-2504,23060,-15549,21469,-6184,6632,-8256,14060,-24886,12762,6185,1368,14892,972,-230,-4519,416,3417563730
chicken,10552,-4124,27932,-7354,17519,-6756,5196,-14976,18756,-17845,8788,5923,2396,13944,392,-354,-5360,254,262543702
chicken,9856,-3176,32396,-787,12682,-6917,5540,-20224,16248,-6398,4078,3838,3676,13420,96,-319,-4905,52,3730520694
chicken,11164,-416,32444,-1559,6387,-8597,6776,-11904,13500,2787,2695,409,2648,13520,-944,-411,-4907,145,1236162331
chicken,9016,-1012,26512,-317,113,-7071,9136,-4008,6384,471,588,799,4976,14568,-1808,-390,-4084,-69,2117992712
chicken,9004,3960,22092,-7609,-4186,-4212,3408,-7392,16164,1640,-1921,-4245,3216,15624,-1004,-206,-3432,-254,4162746021
chicken,7296,2652,19884,-13063,-9501,-2368,4588,-10548,20128,14311,-2410,-5438,4024,15012,-1352,-186,-3602,-421,3696217794
chicken,9504,5228,13372,-9344,-13872,-764,2200,-2620,29144,27387,-6244,-4751,3648,14528,-428,47,-3759,-605,861978338
chicken,7296,3036,10068,-4613,-17697,598,-1152,7048,32767,28094,-15040,-2548,4116,13744,-768,229,-3594,-578,31844599
chicken,6324,4296,6192,-2291,-20000,985,2996,5128,32767,24494,-20784,-2012,4684,13532,-1576,556,-2409,-622,50658954
chicken,6536,2096,5440,-6306,-20475,1442,-872,1672,32767,24281,-24814,-1339,6152,13700,-2220,802,-864,-816,2925656673
chicken,3496,-1580,7044,-7180,-21452,2927,-2296,2392,32767,27970,-31871,-1440,4724,15656,-1388,844,413,-882,352820733
chicken,3200,-4180,9952,-10263,-23235,3771,-2744,4808,29656,29404,-31713,-1153,2344,17168,-556,686,713,-249,3955356864
chicken,3068,-6772,11116,-8684,-25320,3472,-1712,5448,28516,28377,-29515,305,2044,16440,-1604,394,1102,156,2652599890
chicken,3344,-10292,7320,-2532,-26788,1846,-360,5856,28596,24897,-26249,2214,1816,15684,-1652,314,1343,82,1642574973
chicken,3432,-13072,3300,5570,-27864,852,-384,4040,29300,22051,-24319,3866,944,15416,-1800,186,712,-109,4273725620
chicken,4816,-16172,-1300,11481,-27011,-317,1816,5948,30180,19321,-21963,3351,100,14680,-2824,-9,-703,-206,1933432353
chicken,9132,-11832,-5976,17963,-24276,221,1896,1852,29036,6202,-19684,3968,1556,15196,-2160,162,-670,98,1095282700
chicken,10728,-8028,-5620,20103,-19459,2900,2020,1336,26268,10332,-15327,4248,3064,15380,-2168,110,-340,57,2215582006
chicken,11056,-7584,-4940,18283,-13657,3334,2408,6572,21668,2748,-11417,1209,3764,15396,-1468,382,909,208,1619538571
chicken,13544,-6876,-3208,16071,-7691,2610,5168,2824,18984,-1165,-5773,1619,3576,15852,-1308,283,2248,683,3053003073
chicken,14348,-7432,-2608,17230,-1113,504,7360,6804,18504,-7055,705,-1072,3848,15220,-1428,154,3092,1127,2512654440
chicken,14648,-4912,3148,21116,1060,1880,9204,8228,17912,-11323,2641,-4831,5036,14548,-1968,88,3789,1271,3519515013
chicken,13096,-5500,11264,24679,4904,-67,8368,12272,13856,-17606,4773,-7032,4052,14892,-1436,234,4495,1288,953427211
chicken,9844,192,18244,29047,5893,-1769,10224,18812,5344,-23885,5433,-3533,3280,15408,-736,330,4576,1223,1320393861
chicken,5092,6784,15756,25337,7307,-3466,16648,18712,-5608,-32768,20058,-1715,3548,15552,-1824,123,4273,1173,1750490039
chicken,5860,10856,17572,12201,12704,-3515,9468,17708,-388,-32768,19381,1552,4796,15376,-2116,-226,4161,995,3788126369
chicken,5440,8128,18008,-1052,18708,-5460,13648,11168,-844,-32768,17942,3125,5820,15428,-1632,-502,3498,760,3386906929
chicken,5372,3544,20592,-6219,23797,-5782,15568,6964,-2176,-23988,22198,4008,4408,14836,-496,-391,2699,380,294435420
chicken,4652,928,19564,-502,26134,-7032,12444,3396,-5768,-14044,27525,3612,4012,14668,-492,-151,1994,379,1771440613
chicken,1724,5204,23048,4628,27976,-9269,11836,3412,-8840,-6035,32767,3473,3640,15024,-812,-196,1596,238,90104495
chicken,3888,9608,23164,-646,30771,-11180,9344,6596,-8760,-7109,32767,5471,3556,15372,76,-113,1701,225,2352130918
chicken,5296,3488,22540,-5050,31935,-11353,6264,5044,-5592,-8548,32767,8905,3156,15444,704,-16,1169,362,1770260694
chicken,1844,308,27656,-524,30815,-14306,2936,8848,-4352,-10767,32767,10919,3004,15804,324,-190,666,600,1494889382
chicken,2736,2660,28116,2723,28421,-16001,4204,8120,-916,-20726,32767,11481,2072,15164,-336,-328,319,840,1406135165
chicken,4516,3420,27340,3291,25696,-17474,2004,3312,3824,-29246,30348,13019,1132,14784,-248,-594,-131,1074,525192290
chicken,4844,5292,28528,290,22957,-18081,-1480,-7408,12616,-32768,21094,11875,1756,14136,116,-624,-1061,1035,1282624529
chicken,2904,5868,29264,-2165,21055,-18889,-2180,-20604,19152,-31688,11107,9919,2168,14484,84,-425,-2517,685,3318928261
chicken,2148,7308,29204,-7346,18860,-17416,516,-27696,20900,-15523,4056,5841,2272,14228,-792,-707,-3772,268,1669669757
chicken,2868,5780,27268,-11298,16703,-14493,364,-22256,21752,1589,-1467,2409,5404,14640,-1584,-1344,-4835,-371,3295420183
chicken,3348,5488,24088,-11496,14311,-10571,1936,-11696,17460,10261,-8149,814,4800,15732,-2032,-1977,-5342,-1155,412313383
chicken,2020,8156,24904,-11565,11541,-7367,2016,-5872,17600,13735,-5323,-4473,3484,16304,-1796,-1989,-4904,-1537,1909260585
chicken,2112,10280,26944,-15266,7951,-3673,3800,-3820,13000,10816,-5728,-5931,3560,15632,-1004,-1883,-4387,-1494,3812165617
chicken,1672,9156,25216,-20542,2895,1403,2624,-3292,11060,8469,-7412,-8084,3128,14660,56,-1595,-4073,-1087,4232844465
chicken,4208,5048,20760,-23330,-717,5243,-2928,-7184,20548,11913,-8758,-8958,4088,14100,532,-1274,-3961,-609,2632825556
chicken,2928,1692,17572,-24992,-4443,6570,-3736,-5464,27668,19671,-13435,-9331,4972,13244,-148,-617,-3621,-721,1667666040
chicken,3640,2456,14672,-26589,-10875,8262,-3700,140,32767,22685,-18684,-8251,5776,13180,-1524,-291,-3017,-1219,2183645225
chicken,2124,-60,12544,-23698,-16673,8228,-3404,904,32767,24560,-22611,-6400,5220,13668,-1360,106,-2202,-1823,1043486771
chicken,-1580,-3768,11292,-21312,-21755,6570,-4528,2408,32767,25603,-25499,-5337,3772,14896,-340,-150,-2351,-1866,3711952335
chicken,-3056,-7164,11944,-16669,-26534,3563,-6204,712,32767,26442,-27699,-4187,3212,15204,500,-427,-2521,-1346,766855965
chicken,-3580,-9156,8156,-12904,-31052,469,-6256,604,29528,26164,-31766,-2735,3920,15212,-668,-414,-1309,-1010,2985362553
chicken,-1524,-15092,5592,-6689,-32768,-3408,-5500,-1132,28436,25033,-32768,-312,3296,15452,144,11,-459,-724,654732687
chicken,-652,-17712,2460,6757,-32768,-6641,-2988,-2632,28528,27696,-30600,1332,2444,16816,-884,171,158,-520,3857724221
chicken,-244,-14440,1144,19403,-32768,-7290,-88,1216,32612,32767,-25323,2505,1832,15044,-1024,-179,-188,-505,4151291203
chicken,320,-11568,-940,29100,-32768,-6795,-2272,1624,26468,16397,-23772,4303,1332,15236,-1400,-231,244,-108,3160885955
chicken,2168,-6272,-3764,32767,-32768,-4275,-1432,376,24052,17565,-20141,5019,1640,15128,-1820,-216,649,-243,3498761769
chicken,5116,-3004,-7948,30118,-32768,-545,-916,6392,21172,2836,-16857,1918,1756,15452,-1216,-26,961,-26,1831551037
chicken,11304,-676,-11640,22919,-30662,3457,3068,-784,21624,-3404,-11992,1656,2204,15220,-1196,169,1257,517,3066814288
chicken,14292,-4600,-10452,16331,-23852,5315,3204,5268,19764,-8218,-7719,419,2468,14872,-1488,302,1754,1043,4006337231
chicken,16676,-7412,-8040,14969,-17674,5139,5072,6356,19300,-12143,-4376,407,4604,14856,-1352,625,3203,1179,1945865154
chicken,16188,-5500,-4452,11418,-9782,5319,8812,8856,15748,-14677,-1058,-941,4728,15632,-896,843,4182,1285,3228902994
chicken,15568,-4620,980,7777,-6332,6982,9752,8616,17004,-16497,3316,-1599,4864,15288,-1104,626,4693,1333,154395486
chicken,16172,-5548,4864,4713,-2489,6610,10100,6644,13604,-11413,5523,-3304,4344,15508,-1016,876,5328,1273,1751066489
chicken,15108,-6332,15024,4330,967,4051,11764,11144,12360,-11028,9180,-1100,3828,15700,-296,1367,6336,1407,476042429
chicken,8428,328,16060,12774,481,6028,15212,8212,2644,-6786,6936,1158,2988,15752,-736,1304,6770,1744,3009483779
chicken,9268,5864,12168,7964,5795,6091,15220,11916,-3584,-6538,8226,-1980,3084,15220,-1664,653,5841,1899,1299443688
chicken,8880,8644,13104,-7154,14800,5474,15212,12428,-6048,-10498,12263,-1912,3868,15044,244,-196,5469,1673,3592267100
chicken,5860,3612,17076,-12097,21289,4303,18944,7552,-10460,-10818,22292,1750,2704,14276,464,-274,4419,1290,4078801313
chicken,5748,4776,24460,-10630,25340,2872,11692,3372,-10132,-7840,28494,3047,3344,14448,-20,-29,2357,1256,3965109738
chicken,15344,3424,24632,-12695,32767,352,6536,3612,-9624,-5387,31639,1080,7208,14016,416,-142,1323,969,1887658798
chicken,2892,-1708,32767,-3397,32767,-1005,3920,2956,-6436,-4763,32767,2685,5208,13416,496,345,696,350,1644798701
chicken,7580,9940,28828,-9634,29393,-7101,-536,1728,-1120,-5366,32767,4815,3444,14848,-160,553,-281,-1,4098842319
chicken,5384,-2140,28380,-6688,25664,-9118,-3212,1308,6976,-5368,28831,7021,2768,14968,12,350,-1277,-68,869494236
chicken,-1668,-4292,31384,4997,24972,-11283,-4252,3992,13104,-6637,22996,7099,2752,15144,-16,293,-1495,123,2259097195
chicken,-40,1112,32767,5044,24422,-9161,-420,3744,16060,-11685,18276,5495,3604,15036,-1020,132,-3058,40,3570077969
chicken,1072,2588,32767,5297,23244,-8713,-284,4032,17612,-16129,13683,4250,5488,15364,-1536,-3,-2735,-296,104927165
chicken,4652,4936,32767,-1439,21128,-7876,600,1464,16140,-19668,8497,3517,3452,15488,-712,15,-2591,-414,1079353357
chicken,6228,416,32180,-2120,19253,-5051,1816,-5020,15144,-20302,3302,1490,2964,15080,-1200,-421,-2738,-199,3882824512
chicken,8864,-2088,32124,2163,17336,-4622,2480,-9040,16020,-19032,-712,-2108,2704,14896,-708,-552,-3196,-58,749953313
chicken,8596,-672,32767,3723,13143,-3953,4800,-11176,17324,-14265,-3404,-4986,3872,14952,-168,-569,-3688,-204,3903420657
chicken,11240,1160,31880,131,8104,-3041,10076,-14600,13796,-3899,-1478,-4130,4656,14624,-420,-244,-3805,-647,3353757882
chicken,12852,328,28336,-3915,3407,-1236,6832,-10464,16584,5670,-2475,-7075,3688,15828,-1252,-572,-4260,-951,3727120188
chicken,11332,-896,22220,-9451,-1046,2280,3984,-6856,15384,15114,-2940,-8414,3436,15248,196,-367,-4016,-992,298320040
chicken,13364,-3872,16664,-17627,-4207,-577,4184,-2628,19236,20193,-5816,-8530,3340,15060,220,-274,-4365,-835,2547376911
chicken,10432,-776,14940,-18459,-6880,416,3820,5996,28176,19196,-10031,-5701,2968,13776,340,-313,-4083,-564,3959669246
chicken,8696,-3904,11076,-16777,-10993,-422,4536,4520,32767,19835,-13101,-3223,4984,13552,-348,61,-3177,-693,1750684535
chicken,7868,-172,9100,-15735,-14648,-2101,4188,1968,32767,21870,-18064,-1416,6516,13756,-980,163,-2519,-1261,1014779632
chicken,5068,1420,10724,-19142,-17703,-2930,2548,760,30992,25501,-20479,490,5256,14588,-276,426,-1440,-1501,4071240093
chicken,744,-732,10832,-19927,-23409,-3375,-748,3440,27916,30648,-22197,2976,3992,15304,564,983,-897,-1335,1789064283
chicken,2788,-2868,9132,-18839,-26045,-4846,-756,7372,26576,30941,-24018,4582,4140,16136,-640,1021,-850,-1090,2302100819
chicken,2480,-5664,7356,-13693,-29349,-5282,828,7748,26484,28505,-25769,5908,4208,16020,-1760,991,-415,-1098,1787830326
chicken,2260,-7056,4388,-7161,-32768,-6143,1512,6532,26116,28319,-26858,6615,3316,15712,-1512,1224,280,-949,993271883
chicken,2688,-6748,1288,-3357,-32768,-6450,1548,6724,29688,29606,-27844,6423,3652,15372,-1788,686,1130,-847,3792533103
chicken,3436,-6572,-2460,-1756,-32768,-6459,6016,17864,19356,25030,-26802,3275,1800,15316,-452,262,903,-429,3937320045
chicken,3868,-9052,-5664,4836,-32768,-6584,2640,868,26496,21608,-29063,10671,1860,14884,-1264,119,1214,-86,604796798
chicken,5368,-10408,-8560,10178,-30723,-5579,3108,7108,24664,13718,-27053,8871,2468,15140,-2144,241,1818,116,2335853884
chicken,6796,-13892,-9940,17199,-27751,-5113,2300,7400,24144,2166,-27176,7543,1508,15988,-1200,100,2038,402,279854200
chicken,12464,-11600,-10788,24455,-22325,-3819,3864,6096,20824,-5951,-24306,4255,2220,15992,-2180,-249,1845,679,705329803
chicken,16736,-6584,-12208,23606,-14944,-131,6388,4964,18068,-13925,-18287,2448,2024,15492,-2176,-238,1932,804,3438230160
chicken,18252,-7356,-8972,18718,-7745,1557,7060,1468,15912,-12277,-11931,3213,2568,15288,-1112,56,2504,767,34455582
chicken,17536,-8944,-4452,18666,873,-94,7796,4540,15816,-12010,-6064,2422,2936,15152,-1116,409,3103,901,3601300585
chicken,15668,-4932,5476,20758,5372,1361,9524,6432,11844,-13450,1193,655,4044,14920,-1068,386,3365,994,1862670712
chicken,14864,-2188,15256,20006,6965,1749,6968,14100,12864,-19218,6791,-1370,5364,14976,-1152,308,3692,938,2178244199
chicken,7052,-576,31084,18002,6562,-4387,9664,11928,9136,-24375,9213,122,5432,15176,-664,117,5081,682,3206634059
chicken,1328,6676,27452,22339,4673,-6593,14228,14996,-504,-28134,21351,3534,3940,15484,-1288,-182,4935,766,3983089931
chicken,1492,15504,24580,8939,11725,-7306,10208,15228,-1272,-22713,22188,8405,4948,14632,-1224,-565,3525,1138,3544879735
chicken,4384,11452,26020,-5912,17761,-6461,12492,15492,1340,-24505,18082,7871,4852,14432,-244,-581,2520,912,458801791
chicken,6072,1676,25096,-5088,23163,-4726,15048,6752,2876,-24814,20169,8853,3916,14140,-528,-115,2307,424,1263598412
chicken,6016,-472,24336,3654,26167,-6567,11764,1488,4200,-11880,24474,8011,4748,14396,-1068,112,1096,-103,470122697
chicken,9932,864,17652,10959,30756,-6084,11672,2712,-432,-668,28384,3823,4540,15208,212,585,1138,-557,620108246
chicken,5980,12096,19848,933,27358,-8844,11084,2580,-2864,-639,31200,840,3220,15664,108,594,850,-487,4079454861
chicken,4524,3728,23316,-6999,27935,-6457,9068,-68,-3116,883,31573,-350,2604,15504,-648,90,456,-285,585531053
chicken,8692,2392,20996,-11338,28914,-5651,10308,-888,-5072,3298,32767,50,1744,15464,36,-116,321,-17,3571732956
chicken,9480,-4212,21060,-9126,28179,-6737,8324,2824,-4896,2918,32767,45,1136,15876,340,-100,-449,488,646021803
chicken,9256,-2912,21128,-4294,27603,-8206,6348,3552,-3620,-2541,32767,286,1788,14972,520,47,-1265,711,3984200338
chicken,8508,-1256,21528,-2423,26309,-8998,3580,7136,2208,-12187,31224,2722,2316,14372,904,328,-1656,721,2836531961
chicken,7840,-1888,24396,5863,23646,-8779,1212,5312,13632,-24161,23617,4269,2308,13780,492,514,-1753,923,1976332461
chicken,7804,4296,28364,10542,20514,-9868,1028,-1580,18772,-30871,16076,4246,4324,13840,-400,468,-2502,863,1820452793
chicken,6684,6860,28152,7330,15180,-7602,2388,-8980,18656,-28518,10165,3078,4004,15196,-1000,299,-3023,370,932072162
chicken,5344,7888,28548,645,9772,-6066,2616,-17148,15576,-15228,5863,544,4256,15508,-1364,-315,-3637,238,4049175047
chicken,6984,6352,26836,-8195,5453,-3284,5248,-17884,16428,2276,3337,-1262,4160,15632,-668,-402,-3581,-134,948727241
chicken,5508,3772,25752,-18351,378,1671,4556,-5432,14788,13247,4172,-5593,4400,15108,-1076,-419,-3710,-372,4066709678
chicken,5464,1716,22780,-24677,-5931,4754,4076,3900,19836,14132,-863,-6890,3888,14968,-600,-338,-3670,-533,2369650365
chicken,6812,1876,15744,-26752,-11353,5428,4944,6648,28804,14258,-7638,-5535,4736,14496,-644,-202,-3677,-781,2905241574
chicken,8596,-280,12164,-24835,-13803,5430,5140,3428,32767,16466,-15252,-5387,4456,15032,-628,-255,-3708,-852,185247278
chicken,2484,-904,8820,-21876,-17868,4395,2232,516,32767,23260,-21340,-5116,4440,15008,596,-299,-3969,-964,2954400463
chicken,2216,-920,9584,-22407,-21605,4136,304,1968,32548,32108,-26039,-4040,5388,14520,-1620,-463,-3828,-1129,2877117951
chicken,1920,-4568,10748,-18842,-24591,3286,40,7848,31064,32767,-29433,-2310,5240,14100,-1940,-925,-2915,-1576,2491678564
chicken,2316,-7524,10276,-15674,-27497,1785,-2464,8052,32767,32302,-32768,-1132,3796,14848,-1844,-1094,-2558,-1909,2151758787
chicken,2424,-9380,9240,-11073,-30770,-539,-1772,5828,32767,29952,-32768,-875,1968,15580,-1612,-1143,-1931,-1542,3272909795
chicken,2444,-12984,5948,-5838,-32369,-2674,-884,3508,32767,24823,-32768,-302,1068,15560,-1664,-1274,-1505,-1057,3855674485
chicken,3940,-15764,4608,68,-32768,-4642,-1328,836,31332,21057,-32768,-370,1588,15900,-400,-1027,-1720,-533,594869356
chicken,3876,-15484,2948,7177,-32768,-6456,-884,-404,31188,14667,-32768,1559,1768,16320,-684,-763,-1549,-219,3239928961
chicken,6804,-15296,956,11823,-32768,-7290,-2392,1468,32767,13282,-30720,4346,-140,16424,-1696,-602,-1371,168,3512216467
chicken,9764,-11348,-3020,15053,-30890,-6655,640,-2180,21664,-2047,-24983,3553,2580,15428,-1364,-514,-38,360,2700563443
chicken,13040,-10156,-6044,16464,-26250,-5004,2800,2624,22648,2639,-16810,3728,2972,14008,-864,-82,1138,388,2779883592
chicken,15856,-10692,-7556,18857,-19104,-4461,3984,12292,21944,-17437,-13755,1689,2980,14680,-656,556,2355,867,2985101891
chicken,15676,-9092,-5076,21866,-12558,-4789,4824,20,19960,-19311,-10135,5257,2684,14928,-932,890,3038,1387,918671955
chicken,14772,-7884,528,25962,-6997,-6670,6196,7612,21340,-22848,-3865,3875,3972,14168,-808,976,3663,1548,3328602580
chicken,14372,-5152,5460,25534,-3456,-6782,4228,2124,22624,-26587,-6091,4839,4480,14152,-652,1181,3917,1532,1950713294
chicken,13076,-2784,8348,29115,906,-5921,9900,7896,20752,-25311,-2012,3849,4364,14836,-1092,1261,4216,1176,4144360956
chicken,10144,3920,14620,32767,3656,-4922,11352,11924,16440,-22559,-1389,6094,4460,14856,-1040,1209,4396,1012,3623741945
chicken,8596,9012,11320,31520,5573,-3502,16692,10040,5232,-11404,4445,10919,3908,14916,-768,1256,3913,854,951872364
chicken,9600,13360,5564,18062,12031,-3255,16252,12016,2224,-454,4323,11055,4744,15052,-1152,1122,3651,660,1123763611
chicken,9404,11708,7652,5375,18587,-3152,23052,7756,-4856,9137,11888,8786,4736,15064,-440,1229,3700,261,1974052382
chicken,8284,10924,12316,-6202,23093,-5339,16764,8840,-6384,9938,18485,6639,4232,15108,-248,1137,3170,120,4090358949
chicken,6272,6184,19048,-9814,25431,-5480,14068,12404,-13024,-709,25272,2910,4224,15292,-528,852,2372,-141,134028215
chicken,2248,11592,20284,-17737,26758,-7428,14660,9896,-11660,-11843,31806,5134,4568,15672,-520,408,1600,-415,2565100989
chicken,3004,10980,23160,-28584,27819,-7753,11428,112,-10772,-14815,32767,7306,3840,16064,-600,-33,885,-283,749210407
chicken,4068,-504,23716,-23689,26536,-7995,8720,-2980,-7572,-11846,32767,7883,3844,15792,-520,-213,557,-133,690331118
chicken,1376,-2592,26080,-11391,24983,-9695,4036,-3348,-3012,-1063,32767,8396,2676,15220,-188,-328,261,59,2489590138
chicken,1668,1168,30000,-8123,25324,-9025,1304,4036,1940,2386,32767,7935,1880,14472,360,-228,90,286,713235013
chicken,2596,-2656,31460,-3135,23112,-8707,756,6600,5504,-1740,32767,7600,1552,14628,-584,-347,-608,482,3912854166
chicken,7180,788,28924,-2305,22452,-8907,548,8976,8032,-9898,28520,8603,2952,15600,-1368,-585,-1284,453,2660880031
chicken,8284,200,26256,-5359,23367,-7570,1436,9484,8468,-20884,21841,9420,2236,15900,-1740,-813,-2496,700,2036706638
chicken,9796,-916,27532,-5691,23378,-6979,2124,2628,8404,-30656,16915,8813,3076,16296,-856,-972,-3180,650,2292720315
chicken,9536,-1036,29772,-6564,21389,-5968,1648,-6392,10360,-29426,12909,7203,4156,15712,760,-369,-3568,180,2951305273
chicken,10216,-1572,29764,-5308,16408,-5674,3200,-13536,13416,-20496,9217,5058,4488,14408,-508,-295,-3954,-325,1235138457
chicken,9876,-996,25668,-6387,10734,-4304,4780,-20616,18648,-5378,6587,1893,4028,13488,-204,-204,-3729,-617,462726023
chicken,10636,1040,19224,-8153,6831,-2917,6840,-21064,20568,14458,2951,-451,3884,13020,-328,-96,-3473,-751,2262690033
chicken,9160,5000,17232,-15091,3108,-367,3780,-10664,24072,24611,-524,-3006,4124,13320,-808,-228,-3634,-732,2439272031
chicken,7432,4072,19400,-19952,-1705,2323,-424,-2908,26916,21764,-5839,-4503,4864,13912,-1588,-309,-3441,-904,307150449
chicken,4984,856,17572,-21354,-6825,3252,-640,444,29684,16288,-10885,-5395,5020,14592,-2416,-765,-3136,-1228,3503315500
chicken,2572,-3492,15488,-15507,-13245,2853,1560,456,28840,11664,-15145,-6532,5136,15048,-1232,-912,-2458,-1553,2790418774
chicken,1568,-3428,13876,-14261,-18032,3160,-2804,-2752,32767,12697,-19318,-7607,4792,15568,-200,-796,-2049,-1493,134086418
chicken,384,-4992,13776,-11321,-23510,1826,-5488,-2768,32767,19809,-23924,-7375,4056,15352,-420,-618,-1797,-1318,2172412683
chicken,-208,-6864,13132,-6755,-27831,276,-5324,344,32767,25588,-27020,-6492,4016,15152,-1532,-598,-1078,-1252,3653446451
chicken,1696,-7516,12776,-2758,-32230,-964,-3488,4800,32767,26735,-30073,-5445,3968,15468,-1860,-500,283,-1364,2155995692
chicken,1136,-9760,10576,786,-32768,-2518,-1532,4180,32524,24127,-32400,-4803,3148,15816,-1292,-505,676,-1226,2839539024
chicken,1684,-11324,7908,6910,-32768,-4170,-2900,2536,29432,21271,-32768,-3036,2876,15860,432,-746,228,-869,3923311543
chicken,3576,-11604,2872,14133,-32768,-5401,-2136,-496,27424,18772,-31908,-561,2112,15448,-176,-690,-175,-441,2488383540
chicken,5032,-9488,-1936,20819,-32768,-4340,176,2176,27456,15949,-29106,576,2036,15376,-1140,-652,887,-114,1216354241
chicken,5784,-7128,-5296,19396,-32768,-2844,3136,11440,26824,9559,-24475,-1434,2308,15128,-908,-404,1652,-108,2854361518
chicken,10692,-8304,-10388,17706,-31046,-1811,3596,-2668,23768,7231,-23290,3718,2460,14244,-908,-27,1892,-65,1953240196
chicken,13652,-7652,-13532,21790,-23427,311,4048,4936,17328,951,-19705,3527,2196,14844,-1128,338,2134,173,1723609690
chicken,15032,-6712,-11772,21327,-16871,701,4600,5548,17776,-8233,-15461,5494,1540,15532,-1140,458,2663,738,3734318957
chicken,16732,-5156,-8656,18730,-8760,51,7848,3900,16048,-10600,-10993,5264,2428,15320,-1008,447,3035,1140,1328285037
chicken,15712,-5080,-3060,13319,-1651,48,7508,7876,14048,-15120,-7594,3857,3776,14968,-960,480,3177,1209,738620915
chicken,14960,-4660,4188,15069,3079,184,9840,6172,12036,-13662,-3945,4946,4116,15104,-416,496,3172,1121,315068863
chicken,12696,-1624,10848,15888,6369,-1944,14144,7888,6312,-10133,3404,5722,3660,15480,-132,521,3133,976,2317984778
chicken,6372,2664,22588,19752,5804,-4488,13708,9224,2212,-8642,12666,7006,3396,15784,-1152,460,3554,888,1486536246
chicken,4000,7404,21708,20268,7818,-3546,13308,9680,1664,-10632,17173,6905,3344,15132,-1544,-30,3513,698,3949439475
chicken,6216,11876,19228,9657,13959,-3287,14060,7876,596,-12959,17468,7947,4644,14396,-1016,-244,2829,555,2111610142
chicken,5476,9420,22180,-4208,19096,-4347,14092,7292,-2356,-12704,20743,6202,4760,14488,-84,-103,2339,377,578671658
chicken,8348,8576,21612,-16774,22824,-4640,11664,5852,-2492,-12038,25006,2960,4756,15064,-200,357,1932,504,1942849180
chicken,3836,5692,22832,-17013,24098,-5302,8768,2740,-3864,-9918,28420,78,4244,15148,-168,622,1846,486,286958368
chicken,1260,10668,25332,-20337,25725,-4970,7228,-272,-4704,-6092,31079,-397,4320,15348,168,673,1662,542,405279598
chicken,1804,6256,25888,-26338,28699,-5400,6696,-3016,-3632,2323,32767,-1448,3304,14888,132,450,1418,806,3502359637
chicken,7816,4908,22808,-32768,28823,-4883,5712,-1220,-2152,6570,32767,-3073,2380,14728,208,489,1391,1043,2246815319
chicken,6532,-3824,23792,-28836,28030,-4129,2392,2444,404,7712,32767,-2586,2196,15028,4,481,955,1043,2317684132
chicken,4560,-10908,25088,-14065,27106,-2178,2532,7120,2580,5992,31591,-491,1644,15124,292,504,156,1019,1573447105
chicken,6384,-6156,26524,-5088,25426,-2042,3592,9072,3520,-334,27116,1150,2348,14868,-280,336,-1336,1027,996250463
chicken,9584,-4068,29532,-4377,23537,-857,3264,9500,7228,-9749,22793,3138,2844,14600,68,345,-1940,949,73059696
chicken,9296,-3052,30444,-7352,19851,-551,1164,5952,13488,-20207,16663,4771,2716,14372,-460,59,-3161,835,1653085177
chicken,10092,-4780,30940,-7942,15319,288,1352,472,16344,-26243,10224,4391,3896,14268,-1068,-59,-3442,550,3780265814
chicken,11012,-6392,31580,-4720,9862,517,3896,-8204,16696,-28405,4689,1504,4684,15064,-824,-149,-3369,38,2820824741
chicken,11256,-6940,31820,-2990,3146,369,6324,-20316,15844,-17663,2762,-1829,4192,15932,-788,-30,-3743,-353,1279414579
chicken,12060,-6072,26716,-4276,-2379,104,7784,-23404,18520,5071,3034,-5232,4016,15460,-812,-353,-3957,-464,217317618
chicken,12656,-4536,19780,-7779,-4710,-1779,3984,-12192,23304,25045,-701,-5732,3940,14892,-572,-383,-4023,-464,3059806483
chicken,7188,-6652,16208,-7798,-8788,-1624,3312,-68,28652,32301,-6695,-5788,4704,13404,-264,-321,-3858,-633,2599845573
chicken,5388,-5860,13208,-1783,-14171,-3166,-980,10172,32767,28353,-16325,-5001,4804,13336,152,-42,-3518,-831,1898098471
chicken,7552,-1864,14648,2036,-19904,-4613,-1228,11736,32767,18488,-21324,-3957,5076,13596,-816,-14,-3338,-1054,1135375644
chicken,4476,-2048,11776,3379,-22440,-5579,1040,3648,32767,18300,-25318,-4074,6524,14016,-2208,-145,-2114,-1789,296241568
chicken,3772,-1076,9832,3155,-26152,-5971,732,1520,30544,25387,-27966,-2473,5256,15640,-1704,127,-874,-2156,1824292483
chicken,4076,-1660,9048,-140,-28091,-5454,684,5092,27688,31244,-29159,1203,3020,16644,-940,481,-584,-1866,1909904410
chicken,4628,-4220,7656,933,-30008,-4853,-204,11828,28156,28477,-30541,3554,2656,16876,-172,98,-1131,-1234,3380488575
chicken,4720,-5584,5692,4758,-31659,-4136,-784,8644,29316,23254,-32699,4566,2776,15404,-152,-144,-1617,-891,104082408
chicken,5872,-6928,2192,10245,-32283,-3627,1356,4084,28488,19986,-30345,4978,3080,15268,-2392,-215,-963,-1077,2379463296
chicken,7160,-5972,-668,14110,-31645,-2457,1260,3968,26068,15510,-25969,5850,1548,15628,-1544,-285,-177,-1065,4271777258
chicken,7440,-8576,-2400,14138,-28927,-1751,276,-2692,23076,9899,-23136,6028,2840,16768,-408,-617,-87,-503,321263225
chicken,9928,-10460,-4852,19012,-25530,-1337,472,1080,26964,11994,-18144,7507,3092,15652,-1332,-92,-64,-226,4290515822
chicken,13252,-8640,-8236,25351,-19438,403,624,5000,26656,10593,-15399,6949,3012,15200,-1800,110,727,-149,174126380
chicken,14380,-4676,-7760,27988,-13917,1586,1652,8564,25544,509,-12840,4825,2784,15644,-1328,392,1606,110,48839803
chicken,14468,-1100,-6316,23997,-4539,2237,3500,5116,23232,-5420,-10638,4255,2636,15812,-1136,575,2234,499,646544376
chicken,14252,224,-5712,18520,5356,1538,5744,10380,17100,-17324,-6622,442,3000,15452,-1148,547,2625,786,223055808
chicken,15540,1648,-1028,11840,13556,2717,5948,6672,17960,-23721,-6075,-433,4044,14676,-1236,499,2607,965,910054491
chicken,8764,3268,9128,5856,14022,1754,8240,12316,15896,-24171,-2652,-2454,4408,14384,-624,543,2458,882,2227485734
chicken,5752,136,14748,8430,15085,-874,10092,12796,11536,-21590,-242,-607,4164,14880,-856,788,2691,672,3510536277
chicken,2284,6388,24468,4608,13279,-2193,14692,10696,3680,-18166,7919,-293,2968,15560,-1752,603,2949,520,294351327
chicken,2940,-8,25244,4266,12394,-3026,15024,7288,-2160,-10220,11458,1155,2056,15204,-1372,338,2888,834,3568997618
chicken,7292,-452,18048,4398,15370,-2276,14920,7632,-3256,-5340,14526,-1201,2816,15676,-1300,-163,1966,1095,2069872297
chicken,7988,784,16944,-68,20104,-2995,13848,8428,-1576,-3418,16878,-2174,3376,15252,-192,48,1931,1007,1466052039
chicken,5520,1224,20088,-7429,22452,-4988,12380,9976,-2048,-3977,21294,-2090,3556,14736,-692,377,1170,1039,4228307209
chicken,6140,3396,22524,-15297,25847,-7086,11344,9060,-4592,-5583,25351,-2292,4012,14252,-720,470,781,717,365143146
chicken,2092,7932,21768,-25511,24954,-6384,9824,3932,-4932,-5902,28535,-2064,4544,14256,-576,540,544,247,261693837
chicken,5180,3128,20620,-28489,26191,-5106,5040,264,-4828,-4733,29433,-2586,3316,14420,124,418,-188,29,1049810932
chicken,2252,356,26796,-22992,24229,-4504,5352,764,-4808,553,28936,-1525,4092,14856,-76,349,-538,-72,3175797046
chicken,2120,-3020,32767,-10138,21362,-3974,4496,4932,-4280,5481,29885,130,3348,15652,-228,406,-969,78,428481201
chicken,7204,-1736,32767,-1704,19025,-2847,4092,9244,-956,4509,27800,1271,2900,15224,-548,385,-1278,455,3618345061
chicken,6744,-1912,31272,6,12670,-4333,2508,11756,5396,-3455,23386,1986,3348,14840,-872,214,-1782,452,3314934527
chicken,7160,500,28072,-6208,9953,-3263,1812,10144,11056,-13494,17799,2600,2864,14560,-348,200,-2189,211,3441860612
chicken,5916,2048,28752,-11016,6008,202,1212,4908,14720,-24450,12391,2360,3264,14724,-1000,49,-3087,7,2074952222
chicken,9524,2408,28512,-16759,2590,4211,1304,-3144,16304,-32768,6506,224,2920,14896,-1520,23,-3480,-140,2647462944
chicken,10336,-2536,28404,-19136,-1742,5849,5684,-11880,14048,-32247,1104,-3398,4180,14848,-1592,-437,-4068,-401,2278973673
chicken,12328,-6324,24540,-14608,-6397,5717,8560,-12772,12708,-26098,-532,-6398,3392,15524,-252,-412,-3719,-477,1792068426
chicken,11944,-4372,20196,-13822,-10849,4445,8480,-15920,19100,-8226,613,-7854,3436,15052,184,-390,-4045,-391,2864415662
chicken,13452,-7468,13296,-8900,-13872,3121,8344,-11412,31420,13887,-1665,-7835,4088,14016,-412,-82,-3572,-536,4258187445
chicken,11704,-6696,9152,-4155,-15964,385,6960,-2276,32767,29236,-7575,-5736,4688,13404,-1260,33,-2949,-832,3016248242
chicken,8924,-4428,6720,-3517,-18360,-2150,7484,7824,32767,30938,-14869,-3554,4944,13976,-1048,100,-2439,-1049,3726964477
chicken,6736,-3764,9420,-2415,-21059,-3312,5444,10768,30232,23725,-19850,-2269,4944,14760,-644,222,-2065,-1005,3658207286
chicken,7468,-2268,10436,-4355,-24347,-5177,2628,6776,29380,18693,-21746,-881,4180,15816,-1032,217,-1639,-703,2509957810
chicken,7960,-2832,9664,-7830,-26656,-5979,1980,4188,28908,19930,-23618,593,4212,16016,-1748,183,-623,-565,3803819159
chicken,7228,-6220,8116,-9541,-28768,-6837,1324,4416,27528,22273,-24970,2553,3820,15836,-2312,-36,156,-622,4007707895
chicken,7984,-8876,4240,-4677,-29831,-6721,1308,5384,27796,27649,-25901,3659,3236,15572,-2188,-291,318,-714,1358361135
chicken,5912,-13528,2216,1651,-30859,-6610,884,9896,28788,27719,-27016,5072,2388,15544,-1956,-603,-172,-579,3109834369
chicken,10372,-12600,-4620,11767,-29509,-7024,1988,8176,29648,23294,-30486,6296,1952,15652,-1980,-894,-296,-390,2467309961
chicken,10716,-9040,-7164,16174,-26588,-5431,1388,6036,31856,16594,-30845,7844,1716,15980,-2056,-702,15,-219,3795692774
chicken,12428,-9812,-7796,16561,-21956,-4754,1364,844,24148,5565,-30162,7192,1912,16096,-1148,-529,975,66,3749351382
chicken,13216,-6872,-6492,16029,-16888,-2493,4056,5132,24668,8457,-25706,6150,2756,15152,-1028,-431,1290,273,3972040220
chicken,13012,-6624,-5492,12655,-10845,-768,4664,8524,23736,-2906,-22573,5299,3072,15204,-1564,-297,1594,495,4229840011
chicken,14008,-8332,-4940,9768,-4514,-767,4612,3684,21324,-2894,-17400,6642,2460,15212,-1808,-195,1986,639,3848152367
chicken,15412,-8852,-5000,10893,2477,-1475,5084,5816,18364,-5056,-11881,5643,2448,15276,-1112,-78,2289,657,356340539
chicken,15568,-6028,-4052,15449,10076,-3004,6140,2888,19604,-1308,-9018,6664,3380,14892,-944,166,2350,644,3329832340
chicken,13056,-824,6728,14356,13484,-2343,8668,4620,14904,4655,-4426,3879,3956,14392,-956,436,2271,488,3249768477
chicken,6772,-2392,17680,14405,14550,-5022,8324,7944,12772,4921,357,1851,4616,14116,-688,568,2726,363,1760552115
chicken,6440,1880,27224,26530,8471,-4725,9592,1408,11196,9935,2886,1414,4560,14732,-380,641,3291,273,3924221725
chicken,5136,5080,25924,32767,8281,-7023,13976,6764,-752,7025,13012,-323,4184,15488,-904,680,4228,407,2434033789
chicken,4672,13932,24112,20061,10495,-7240,11356,8352,3832,1437,19912,-682,2748,15172,-996,420,3985,585,2338512119
chicken,4524,12008,24372,-3278,14126,-7626,8976,16824,-16,-9789,15765,65,4684,14604,-1748,97,3386,719,4102216463
chicken,5644,4236,19392,-17039,17301,-8621,13248,17736,-1052,-22585,13288,271,4416,13712,-1244,37,2846,416,1130406721
chicken,8460,600,19852,-18001,20758,-7140,16436,10604,-1224,-28027,16776,-943,4192,13776,-728,506,2127,179,1267361819
chicken,4192,3516,21200,-14172,21185,-6845,15408,5168,-1164,-22699,20972,-3112,4744,14708,-600,625,1820,-351,2735646840
chicken,3632,11112,23368,-18703,21906,-6048,13220,6024,64,-15638,23905,-4129,3792,15188,-392,727,1366,-465,2522391757
chicken,4688,8292,23748,-20564,22701,-2027,13176,4200,-1332,-10265,24716,-4447,3220,15060,-424,592,872,-259,1795942088
chicken,7052,7144,23188,-25239,20865,882,10348,1384,-2392,-3374,27942,-5534,3084,15084,-152,636,873,-84,803794689
chicken,10480,3124,22760,-29785,20870,5125,10596,4596,-3324,-978,27444,-4594,2128,15564,-524,483,333,204,2054154967
chicken,11084,-6748,22668,-24271,19410,8273,9908,7528,-3744,-5274,27811,-3151,2168,15492,-256,455,-271,535,1325245551
chicken,13496,-8000,25228,-19361,14982,8318,7476,11352,-1476,-13651,26595,584,2356,14812,-740,339,-1177,548,3642478179
chicken,15912,-4268,25788,-17984,13021,8919,8728,5260,-444,-22632,24227,2211,2488,14956,-60,197,-1680,513,897462900
chicken,15708,-7532,24716,-19716,9016,10221,7836,-396,2284,-28824,22544,3607,2632,15176,-400,246,-2080,806,794255140
chicken,16968,-13032,21256,-16512,6260,7372,6700,-3484,8448,-30926,18490,4123,3328,15448,-348,138,-2963,554,957843763
chicken,15812,-14160,19032,-9892,2483,3807,7432,-8348,15260,-27171,12510,3950,3456,15088,-612,503,-3046,180,2880209107
chicken,11088,-15320,17344,-5787,-367,94,8056,-14968,21408,-17280,7003,2887,4028,14592,-956,115,-3294,-101,1391193864
chicken,13544,-10500,11976,-4689,-3294,-1209,6540,-23724,23356,6494,4849,684,4128,14520,-1208,-299,-3670,-433,3945327166
chicken,13556,-8724,12660,-7574,-5448,-2788,3032,-10876,25104,28633,1050,1057,4248,14832,-1136,-366,-3637,-637,2865914260
chicken,10120,-9712,13408,-7008,-9140,-4604,1584,5232,29060,28890,-5364,3100,4484,14756,-1412,-439,-3076,-739,3090960764
chicken,7752,-12040,12480,-352,-12172,-8780,4452,10648,32767,23075,-11069,2285,5360,14644,-1700,-519,-2072,-899,900362994
chicken,5600,-11792,10868,7592,-16962,-11665,2972,6712,32228,21217,-15893,3099,4988,14884,-1956,-477,-1292,-985,3184544720
chicken,6976,-7148,8068,14352,-20639,-12473,1608,6116,32767,24262,-20058,4628,4884,15544,-1936,-308,-366,-930,4050056456
chicken,8744,76,5124,9504,-22089,-10359,128,8248,32767,27060,-24108,5081,4404,15712,-1700,-262,-4,-691,4074869507
chicken,6268,-1500,5460,4762,-23375,-8307,-3888,11944,32767,24999,-30215,6289,3548,15412,-1760,-231,382,-422,1736456349
chicken,5160,-4136,6080,4107,-24531,-8004,-768,9676,29700,22486,-32768,8154,3568,15040,-1760,-323,934,-508,3344772322
chicken,3916,-8424,6752,5472,-26420,-8316,-1440,8916,27456,18060,-32768,7844,3648,15000,-2048,-376,1327,-692,2627441142
chicken,5340,-10156,2216,11149,-27584,-8392,1360,6596,26468,12751,-31361,7113,2108,15892,-1656,-509,1159,-593,993547129
chicken,7888,-7796,-4452,16068,-25992,-6930,1480,4496,28316,7764,-28720,6499,1756,15816,-1704,-693,743,-385,4254635232
chicken,9064,-8272,-6608,17380,-22560,-4448,152,5340,27308,4929,-25091,6711,4320,14700,-1060,-726,1401,-128,4046982954
chicken,9948,-6616,-6468,17770,-18498,-1657,912,6764,25028,-891,-20055,5276,1836,15464,-1368,-539,1332,120,46195010
chicken,12224,-6644,-7100,16417,-12359,337,3756,1784,21364,-458,-15011,6550,3372,14116,-1332,-294,1763,226,477058143
chicken,14296,-6592,-7484,13588,-4754,1181,4432,12788,17260,-7476,-11331,2050,2904,14688,-1320,12,2113,469,659129257
chicken,14628,-7276,-8296,16549,2768,820,7108,-436,17980,-7533,-6573,3552,2880,14704,-984,-28,2044,752,325958556
chicken,13780,-5184,-1576,20653,9106,1210,6788,9376,16356,-5557,-1730,-668,3380,14980,-1228,-20,2084,896,2017960238
chicken,10428,-4564,13344,20028,12008,-530,8656,3608,11648,-4518,-516,-1558,4360,14752,-676,245,2418,808,2111472172
chicken,9156,2748,27768,22162,8079,-1973,8484,8452,9520,-5316,1933,-2931,4528,14944,-1112,392,2910,601,4018148003
chicken,6636,988,25792,32767,4777,1060,11056,8640,-1884,-10832,6085,-1537,4088,14784,-1080,228,3108,609,1437744754
chicken,11628,6888,17332,32767,5950,1827,13260,8480,-2548,-9372,18057,-3295,3704,15192,-1404,112,3106,764,1654849837
chicken,7908,12092,16332,15896,10891,1443,9128,12152,-1948,-9798,15513,-888,4012,14984,-832,57,3095,865,2811974586
chicken,4268,7060,16376,-3696,13872,-460,11900,16016,-2292,-14910,17378,-1064,4904,14396,-1272,155,2574,463,2547090638
chicken,5456,4404,15240,-11319,16353,-3494,10840,12068,-1608,-15515,18108,-2207,4572,14216,-712,325,1897,152,3134010445
chicken,5344,5788,20068,-17330,19664,-4547,10508,12160,-1084,-16421,21477,-4903,4920,14524,-724,285,1492,-65,1944183936
chicken,5612,7912,21444,-21976,22645,-4166,9456,9240,1460,-17364,22073,-4042,4152,15092,-644,488,1571,-96,1011097042
chicken,7948,2216,20956,-15881,24133,-2162,9892,5256,1848,-13719,23586,-1365,4276,15156,-356,447,1434,-12,1622408328
chicken,6144,5928,24832,-13532,22950,-5356,8328,2824,1408,-8104,24474,775,3024,15552,-100,318,1430,215,1565072074
chicken,8948,4548,21664,-17245,24531,-1859,8060,3136,1824,-6272,23935,957,2852,15204,-4,297,620,365,2748786847
chicken,8560,-5992,21456,-9006,24293,-1527,8252,4560,2052,-4923,24749,891,2000,15596,-884,131,24,526,1221925404
chicken,12352,-5948,22744,-3966,23591,-3793,7584,8572,2716,-7596,24094,2498,2092,14944,-392,177,-542,626,2075050817
chicken,12876,-5484,23576,-2036,23952,-3755,6708,10468,5688,-18635,20580,4550,2940,14776,224,331,-1170,472,1665305995
chicken,12428,-4168,27448,211,23421,-4851,6932,2824,7856,-29283,15264,5315,2464,15008,152,361,-1928,409,71312097
chicken,10076,-1608,32767,498,18478,-4708,6300,-3900,10084,-32768,11113,5448,2300,15308,-1072,-98,-2557,533,3932338321
chicken,13080,-4824,32767,1139,12708,-4928,5900,-10708,9260,-32768,9342,4556,2764,15572,-740,-193,-2620,448,3250492083
chicken,13308,-7312,32767,1387,5597,-6543,6944,-18276,8700,-30348,8041,1597,3176,15384,-512,-126,-3266,220,163229664
chicken,14000,-4944,25528,2916,1204,-8181,7148,-21192,10964,-18287,8064,-2389,4268,14612,-76,123,-3696,-174,1217639673
chicken,12540,1032,15820,-2413,-2491,-7910,11700,-24124,17776,50,8447,-4308,4916,14040,-604,101,-4082,-719,2383514942
chicken,9076,3280,13804,-7634,-6338,-7935,8840,-15716,27244,18828,5282,-4810,4892,13900,-628,37,-3982,-1006,1483653785
chicken,11408,8928,11116,-11508,-9542,-6933,4148,-1644,32767,20920,-3446,-3877,5612,13596,-824,120,-3219,-1152,1349459371
chicken,9352,6712,12588,-15733,-12065,-4949,2348,-1172,32767,19782,-11305,-3683,4700,14260,-820,472,-2306,-1090,1895201670
