cowboy,-3492,-6480,3960,-12565,-4338,7486,-2428,-32768,-11052,-5823,-32768,868,-824,7968,-3572,-524,13214,496,2773375021
cowboy,-4192,-8020,5416,-13989,-4103,7214,-1800,-32768,-18572,-8318,-32768,-10506,756,9868,-3740,-1904,12312,570,987600793
cowboy,-4996,-8860,7620,-14857,-3974,6896,872,-32768,-26252,-9007,-32768,-23804,2428,13260,-2612,-3124,11506,292,1278229044
cowboy,-7192,-9168,11248,-14910,-4453,6567,4076,-32768,-32768,2130,-32768,-32768,4036,18000,-748,-3461,12226,87,3569822037
cowboy,-10376,-8672,15544,-13680,-5689,7015,4520,-31604,-32768,16473,-29710,-32768,4136,19860,4316,-1771,13591,-46,380648399
cowboy,-12856,-7584,17828,-12970,-6615,7895,1948,-27448,-32768,32767,-16594,-32768,2248,19160,7420,422,11983,147,3581252230
cowboy,-13668,-9152,19348,-13090,-6849,8865,-2796,-16944,-32768,32767,-12833,-32768,4864,19440,4092,2552,10043,684,4254211785
cowboy,-15184,-9424,20732,-12890,-7098,9461,-4596,-11076,-32768,32767,-8540,-32768,6072,20300,380,3898,9420,860,4275167007
cowboy,-16096,-10540,20772,-11683,-7338,9892,-9720,3220,-32768,32767,-2408,-32768,7284,22852,-2176,4032,9358,707,1431686766
cowboy,-16312,-11524,20748,-9169,-7708,10171,-8344,19976,-32768,28914,6410,-32768,7668,25276,-1472,4245,10218,419,4069739892
cowboy,-16336,-13248,20532,-6226,-7983,10316,-9640,28880,-32768,-24679,22218,-32768,7320,25144,432,5714,11020,437,1752141951
cowboy,-15700,-13676,19096,-4530,-7729,10125,-15216,32767,-32768,-32768,32767,-32768,6640,22472,-384,6701,11916,512,3611734604
cowboy,-14824,-13576,16048,-4493,-6691,10005,-24604,32767,-29228,-32768,32767,-32768,4788,21500,-1372,7347,12228,469,2966904054
cowboy,-13776,-13428,13616,-5067,-6026,9795,-19432,32767,12884,-32768,32767,-24311,4144,19544,-1656,7753,11722,312,388612759
cowboy,-12348,-12316,11272,-6179,-5427,9397,-7028,32767,17720,-32768,32767,-8416,4268,18256,-2740,7403,10750,-59,1914325182
cowboy,-10796,-11060,9412,-6141,-5013,9044,-32768,32767,4168,-32768,32767,32767,4924,15116,-3184,6365,10569,-984,3147257882
cowboy,-9540,-9516,7832,-5608,-4259,8547,-32768,22476,18892,-32768,10541,32767,3468,12124,-2456,5585,10797,-1665,3744912926
cowboy,-8072,-8816,6304,-5618,-3393,8165,-32768,-22116,17736,-32768,-3833,32767,3212,9480,-3052,5041,11910,-2230,4118735904
cowboy,-6644,-8580,4940,-5961,-2349,7791,-32768,-13664,24240,-23951,-11935,32767,3968,7432,-3484,5160,13688,-2731,424509916
cowboy,-5436,-8492,3272,-6832,-1219,7364,-27096,-20272,32767,-7138,-23435,32767,4048,7496,-5540,4739,14809,-3028,3787755938
cowboy,-4580,-7684,2024,-7822,-399,7006,-9112,-23016,27504,-3751,-28920,32767,3824,6244,-6164,3490,16484,-3225,919358295
cowboy,-3924,-6248,960,-8036,-383,6961,-14636,-32768,27104,1157,-32768,32767,2372,6196,-4952,1981,17752,-3571,662307686
cowboy,-3396,-6060,896,-8945,-301,6823,-3780,-32768,16860,5532,-32768,32767,1192,5976,-4464,1026,19078,-3911,3774743393
cowboy,-3832,-5996,1180,-10480,-612,6612,-4252,-32768,10484,2089,-32768,32767,-344,6508,-3884,120,19689,-3858,2481651843
cowboy,-4076,-6672,1772,-11803,-1261,6443,6532,-32768,4060,-7787,-32768,23073,-956,7344,-3196,-346,19798,-3786,752313054
cowboy,-4460,-7348,3124,-12224,-1598,6479,3676,-32768,-2584,-16409,-32768,9946,-1828,8528,-2372,-1028,19319,-3507,1692949972
cowboy,-4968,-8928,6268,-13102,-1663,7261,-384,-32768,-11252,-22205,-32768,-1120,-2200,9324,-324,-1641,18828,-2849,4039363604
cowboy,-6248,-10660,9040,-13436,-2035,7148,-1592,-32768,-18360,-16499,-32768,-14369,-2860,11096,2376,-1693,17882,-1914,2907389744
cowboy,-7968,-11428,10696,-13126,-3227,6972,6656,-31764,-28764,-8759,-32768,-30729,-2472,13272,4060,-1002,16257,-258,2116836937
cowboy,-9908,-9468,12000,-13142,-4865,7187,6876,-31084,-32768,9282,-32768,-32768,-812,19224,2484,245,14741,955,3158151426
cowboy,-12740,-10600,14616,-11220,-5824,8255,1764,-26984,-32768,30869,-14871,-32768,2928,26780,700,1398,15145,1166,3908302628
cowboy,-16240,-12616,19232,-7825,-6482,8922,-5072,-24376,-32768,32767,-4492,-32768,2940,31932,2420,2170,13700,660,1790850735
cowboy,-19488,-11668,21832,-6324,-8227,10220,-9144,-22460,-32768,32767,-3124,-32768,748,29704,2172,2266,12411,138,4066315217
cowboy,-20720,-12552,21964,-5600,-9723,11636,-8572,-16652,-32768,32767,-9361,-32768,1148,25384,492,2453,10520,635,2596410763
cowboy,-20412,-12552,20388,-5236,-10221,12844,-6996,-3676,-32768,32767,-20545,-32768,740,22708,-796,1316,8836,911,741420281
cowboy,-18400,-11592,17304,-7522,-9820,13839,-348,1852,-32768,32176,-23686,-32768,1692,21736,-904,1050,7244,759,3530642612
cowboy,-15416,-11124,12932,-9921,-8166,14256,-3696,656,-32768,-16420,-9756,-32768,3052,20808,-808,1768,6699,107,4190230527
cowboy,-13184,-10800,10752,-12610,-6813,13430,-9556,6592,-32768,-32768,10018,-32768,3892,20084,-140,3169,6392,-355,566316308
cowboy,-10716,-10628,9916,-14678,-5281,12210,-13320,13896,-32768,-32768,31435,-32768,4848,18340,-736,3954,5801,-379,1138695298
cowboy,-9060,-10440,10580,-14664,-3882,11200,-19996,32767,-21420,-32768,32767,-32768,6704,16700,-1356,4315,4702,-229,2880285609
cowboy,-7876,-10384,11780,-13881,-3194,9867,-13664,32767,-9704,-32768,32767,-32768,6516,15116,-2800,3330,3609,114,1240098966
cowboy,-6460,-9316,12056,-13281,-2481,8759,-10924,32767,1292,-30552,32767,-32768,7980,13452,-4852,1498,3889,219,1791269531
cowboy,-6024,-9652,11948,-11965,-2720,7784,-15924,32767,-3872,-32768,32767,-27332,7916,11620,-4548,670,6131,-76,833113553
cowboy,-4996,-9012,11224,-10614,-3171,6778,-26956,32767,-2800,-32768,32767,2880,6808,10368,-4008,309,8328,-409,661651271
cowboy,-3932,-7692,9784,-9391,-3134,6116,-32768,32767,3176,-32768,27132,25857,6052,9044,-3588,394,10436,-555,882155237
cowboy,-3508,-6480,7964,-8273,-2716,5716,-32768,22488,1224,-32768,8203,32767,6020,7412,-3164,645,12320,-711,1555119632
cowboy,-3332,-5652,6888,-7026,-2403,5612,-29632,-4964,10964,-32768,-7233,32767,5420,5872,-2808,849,13850,-1016,1862019922
cowboy,-3420,-5356,5764,-6579,-2128,5655,-24100,-20848,18892,-32768,-23705,32767,4316,5404,-2584,1239,15383,-1386,1164290097
cowboy,-3288,-6172,5104,-6003,-1775,5659,-12944,-25028,16432,-19795,-32768,32767,4060,4432,-1604,1540,16641,-1710,455282076
cowboy,-3456,-6188,4232,-4954,-1428,5678,-10764,-20792,16512,1227,-32768,32767,3352,4212,-660,1405,16925,-2083,269647929
cowboy,-3372,-5208,3888,-3708,-1025,5637,-7548,-21328,8392,8560,-32768,32767,1872,4616,-824,1105,16111,-2124,214832658
cowboy,-3716,-5048,4260,-4408,-1032,5735,-1928,-27052,10104,3292,-32768,32767,-1024,6292,-2992,-3,14785,-1610,1799638196
cowboy,-4648,-6692,6532,-6187,-1231,5616,3396,-32768,7164,-5595,-32768,27299,-2828,9668,-6104,-1755,13876,-831,2327029821
cowboy,-6884,-8868,10752,-7302,-1905,5379,2036,-32768,1444,-3655,-32768,18767,-2252,14296,-5092,-3017,13584,432,2001005301
cowboy,-9472,-9484,14052,-6684,-3424,4865,3596,-32768,-3156,-7462,-32768,7630,-480,20000,-524,-3118,12612,1569,2813407414
cowboy,-12264,-8688,16300,-6222,-5645,4483,3732,-32768,-13496,-17130,-32768,-2498,1580,25320,5744,-1508,11606,2098,2203200028
cowboy,-15620,-6880,17352,-7510,-8423,4867,6368,-32768,-20880,-16334,-32768,-16419,3884,25660,10416,-139,8590,2024,2915457840
cowboy,-16648,-10496,19320,-7038,-9601,5752,12584,-32768,-30404,-6187,-32768,-30929,7928,24964,5164,2860,8331,1733,286692008
cowboy,-17808,-13232,21004,-3930,-9004,6395,10768,-32768,-32768,18178,-32768,-32768,9660,23988,-396,3944,10092,1055,1735040016
cowboy,-18836,-13204,21220,-3523,-8251,7444,6056,-31088,-32768,32767,-19107,-32768,7940,24104,-3820,3475,12050,1104,959198694
cowboy,-18916,-13392,20732,-4195,-7800,8227,-3712,-26896,-32768,32767,-7386,-32768,3540,23060,1100,4659,11614,1762,547849323
cowboy,-18268,-11624,18896,-4834,-7303,8886,-13304,-20156,-32768,32767,-7527,-32768,4840,21984,-164,5704,10385,1932,6989091
cowboy,-17164,-10220,16784,-4706,-6497,9282,-12432,-9736,-32768,32767,-7262,-32768,5604,20720,-2660,6287,9097,1156,2996491046
cowboy,-15128,-10120,14548,-4415,-5527,9308,-15060,-4240,-32768,32767,-106,-32768,5796,20516,-3232,6533,9326,613,3453401672
cowboy,-12656,-10228,12128,-4904,-4704,9010,-20412,-592,-32768,32767,11508,-32768,4832,19372,-2076,6814,10648,835,1146894023
cowboy,-10324,-10004,9444,-6621,-4317,8493,-32768,15748,-32768,12681,17847,-32768,5504,17336,-2324,6646,11568,1467,2472746359
cowboy,-8072,-9900,6640,-8792,-4246,8002,-32768,32767,-32768,-32768,20990,-32768,6212,15020,-2420,5842,11320,1564,3379522427
cowboy,-6608,-9204,5692,-11101,-3685,7697,-23236,32767,-32768,-32768,23228,-32768,7320,13076,-3684,4892,10969,879,3468829884
cowboy,-5600,-8296,6452,-13893,-2827,7416,-14552,32767,-18728,-32768,32767,-32768,6228,11384,-4752,4829,11350,108,4269089067
cowboy,-5348,-8116,7004,-15908,-2389,7248,-16136,32767,-4204,-32768,32767,-6550,4420,10620,-5364,4680,11880,-360,1600537431
cowboy,-4744,-7180,7064,-16450,-2409,6982,-30248,32767,3580,-32768,32767,22452,4316,9416,-6444,3420,12679,-564,959402708
cowboy,-4036,-7324,6988,-15534,-2412,6704,-31736,26540,11732,-32768,32767,32767,3884,7364,-4992,2457,13096,-975,2111691875
cowboy,-4028,-6192,5848,-13389,-2829,6249,-31532,20088,24964,-32768,23096,32767,3828,6628,-4448,1798,13534,-1758,3985596163
cowboy,-3756,-4804,4016,-11010,-2835,5979,-31212,15836,27940,-32768,-6388,32767,3244,5140,-3216,1145,13925,-2489,3002921279
cowboy,-3136,-5900,3288,-9332,-2370,6126,-30932,2400,31624,-32768,-16449,32767,2812,4548,-2752,479,14664,-3176,1353859615
cowboy,-2500,-5124,2520,-9138,-1643,5945,-20272,-18956,25532,-32768,-32768,32767,1752,4212,-1900,23,15515,-3448,4210040577
cowboy,-2592,-5924,2168,-9265,-691,5691,-17108,-32768,2116,-32768,-32768,27497,-116,4444,-1348,-167,15994,-3389,2245478419
cowboy,-2748,-7224,2176,-9832,-158,5551,372,-32768,-10228,-32768,-32768,17398,-1088,3956,-2404,-301,16022,-2584,3327960494
cowboy,-3172,-8236,3100,-10884,68,5013,5812,-32768,-21308,-32768,-32768,-1094,-1836,5200,-3632,-1514,16301,-1613,3015619549
cowboy,-3956,-10196,4944,-12795,-302,4219,8744,-32768,-18188,-11361,-32768,-11664,-2536,8216,-3264,-3505,16113,-516,3078643450
cowboy,-6212,-12068,7780,-12996,-943,3788,-752,-32768,-20444,9262,-32768,-24310,-668,12176,-1320,-4926,15321,384,4143085040
cowboy,-9652,-13676,12872,-11155,-1550,3283,3632,-30660,-30256,18424,-32768,-32768,988,21408,416,-6202,14576,1378,1193453258
cowboy,-14468,-12812,18112,-9457,-3862,3737,8512,-24960,-32768,28586,-32768,-32768,5608,31192,8404,-3656,15184,1777,3949537083
cowboy,-19448,-12840,22372,-10064,-7835,4719,7392,-22852,-32768,32767,-15968,-32768,4624,31952,15760,116,11915,1832,2810942317
cowboy,-21576,-14276,23980,-10453,-10465,6193,4556,-21816,-32768,32767,-2753,-32768,7800,30264,7472,2851,10060,1470,2718398395
cowboy,-22760,-15912,24124,-8712,-11806,7778,4688,-19444,-32768,32767,2125,-32768,8092,27044,-1540,3219,10603,1207,2757719311
cowboy,-22464,-14192,22160,-7082,-11259,9279,5024,-18060,-32768,32767,1306,-32768,5996,25308,-648,3495,12518,626,344989212
cowboy,-20740,-13868,19748,-5496,-9838,10547,8268,-10676,-32768,32767,365,-32768,4112,25748,1948,4353,11352,500,3671645253
cowboy,-18540,-14428,17624,-4389,-8588,10818,6436,-8904,-32768,32767,533,-32768,4080,23420,1988,4838,9864,399,4004204968
cowboy,-16052,-14360,14708,-4235,-7617,10198,-2480,-4800,-32768,32767,3237,-32768,4376,20336,1364,4876,9162,221,2519424632
cowboy,-13152,-12832,11388,-4679,-6957,9274,-13220,-5304,-32768,32767,5456,-32768,4516,17628,1008,4842,9166,-18,3966116090
cowboy,-10316,-10564,7936,-5479,-5935,8338,-23936,1768,-32768,32410,3110,-32768,4496,14700,812,4767,9088,69,960263947
cowboy,-8040,-8944,5948,-7327,-4586,7371,-26588,24540,-32768,7721,-1807,-32768,4952,11732,304,5488,9660,175,227392949
cowboy,-6044,-7340,4768,-8617,-3313,6572,-13408,30776,-32768,-31246,4537,-32768,4732,10588,-124,6527,10640,77,701995722
cowboy,-4084,-6260,4060,-9830,-2633,6041,-13764,31720,-31556,-32768,19445,-32768,4684,9068,-1632,6071,11314,-165,1091763879
cowboy,-2560,-6316,3760,-9674,-2284,5729,-13512,32767,-22996,-32768,32767,-22562,4752,5428,-2308,4780,11671,-1210,4269237479
cowboy,-1356,-6264,3256,-8566,-2192,5766,-20644,31896,-16920,-32768,32767,-4773,3328,4712,-3756,3739,11688,-2465,2006066778
cowboy,-908,-6432,2688,-7451,-2073,5951,-21640,26312,-7452,-32768,32767,6293,1968,3756,-3732,2704,11733,-3402,2861263860
cowboy,-772,-5892,1988,-6572,-1930,6135,-21316,27860,688,-32768,32767,18993,328,3660,-4288,1993,11180,-3525,1461990471
cowboy,-944,-5428,1028,-7005,-1715,6454,-23800,24524,13040,-32768,32767,32767,-100,3784,-5076,915,11035,-3005,595599383
cowboy,-1536,-6276,368,-6870,-1646,6819,-32584,26736,20044,-32768,12935,32767,860,3888,-5184,-478,11563,-2420,3862808128
cowboy,-2416,-7092,1092,-7988,-1973,6997,-32768,18212,12356,-32768,-29431,32767,1164,5144,-4148,-1587,12451,-1762,3647928476
cowboy,-3844,-9072,2612,-9881,-2565,6678,-27460,-27408,-220,-32768,-32768,32767,624,8048,-3396,-3042,13474,-872,4263631861
cowboy,-5804,-11120,5196,-10678,-3214,5844,1272,-32768,-13100,-32768,-32768,32767,104,11176,-1532,-4485,13630,279,2225542914
cowboy,-7924,-11848,8952,-11491,-4326,4874,-1372,-32768,-16660,-32768,-32768,14539,236,16160,608,-5894,12412,1355,2414259694
cowboy,-11380,-11392,12888,-11786,-6574,4311,6764,-32768,-11588,-32768,-32768,1591,1076,23520,4576,-5097,12300,2126,1703208021
cowboy,-15156,-11688,16908,-11576,-9416,4316,2564,-32768,-24912,-3600,-32768,-10464,-1444,26112,13216,-2655,10379,2689,3136586696
cowboy,-16060,-14056,20132,-9495,-10814,4361,14272,-32768,-32768,10979,-32768,-26368,1756,25992,8552,1847,7805,3406,2033123181
cowboy,-16524,-14140,21916,-6996,-10717,4308,16364,-32768,-32768,19643,-26507,-32768,6072,27284,456,2257,7734,3587,1963596618
cowboy,-17320,-14584,21628,-6625,-10345,4709,9620,-32768,-32768,31261,-3775,-32768,8124,25920,-1304,1746,8505,2888,827503425
cowboy,-18544,-13412,20488,-6380,-10338,5565,5464,-24896,-32768,32767,4601,-32768,8404,25120,-560,1022,10039,2098,157052906
cowboy,-18544,-11044,20276,-4533,-9750,6500,6624,-18748,-32768,32767,7099,-32768,7008,24276,2212,2085,10583,1522,3777696778
cowboy,-17200,-11348,20904,-3454,-8200,6984,6444,-20240,-32768,32767,3155,-32768,6948,22808,2684,3084,9839,965,3504813892
cowboy,-15980,-11516,20156,-1772,-6576,7353,3084,-17876,-32768,32767,-3112,-32768,7208,21092,-144,3928,9153,34,2907560777
cowboy,-14796,-11356,17792,50,-5385,7673,4668,-12016,-32768,32767,-7283,-32768,6800,18504,-1928,3957,10149,-825,3856773923
cowboy,-13248,-10516,14680,373,-4326,8068,3184,-15332,-32768,32767,3001,-32768,5004,17160,-1380,4014,11146,-1063,4249873972
cowboy,-11028,-10004,10900,-986,-3329,8125,-5688,-13788,-31088,32767,13112,-32768,3528,15212,-588,4347,11284,-506,2648711530
cowboy,-8916,-9704,7212,-3657,-2343,8021,-26408,4864,-1116,4646,9578,-32768,3032,13516,212,4576,10986,435,2430719413
cowboy,-6540,-8632,3512,-7097,-1345,7963,-32768,32767,-29796,-32768,-6286,-32768,3984,12456,920,4049,10007,1306,3415757858
cowboy,-4008,-7640,1404,-11842,-486,7746,-32768,32767,-32768,-32768,-32768,-32768,5676,10028,524,3442,8650,1440,2786952895
cowboy,-2376,-8440,1596,-15021,-566,7114,32767,32767,-32768,-32768,-22356,-27950,5368,8424,-836,3321,8378,700,1940926631
cowboy,-1624,-8992,2764,-17063,-1186,6532,4088,32767,-32768,-32768,32767,24236,3232,7724,-1928,3165,8217,-326,178869276
cowboy,-1636,-9512,4976,-15990,-1863,5862,-17204,32767,-12344,-7226,32767,32767,2820,5952,-1972,1696,7833,-1071,3680819624
cowboy,-2276,-8828,8052,-11543,-2999,5443,-30340,20476,-936,2576,32767,32767,2528,3932,-1836,1690,7731,-2138,1076016498
cowboy,-3124,-5852,9120,-7178,-4225,5628,-32768,32767,-2152,-15590,32767,23312,2756,4832,-2516,1233,7304,-2392,4021812079
cowboy,-3532,-4448,8680,-4265,-4049,6354,-32768,32767,23880,-32768,32767,26119,2220,5980,-2100,1001,8368,-1887,3739731681
cowboy,-4000,-3888,7004,-2676,-3318,7125,-32768,32767,24728,-32768,-11473,32767,3500,5588,-1992,494,10023,-933,1580037561
cowboy,-4600,-5776,5508,-2551,-2694,7680,-32768,-6996,6676,-32768,-32768,32767,3716,4796,-1456,465,11959,-324,2190769268
cowboy,-5500,-7424,4592,-3926,-2951,7774,636,-32768,7700,-32768,-32768,32767,3156,7400,-2212,261,14290,-255,319240827
cowboy,-6976,-9364,5048,-6196,-4106,7541,2500,-32768,4132,-32768,-32768,32767,180,12284,-2884,-832,15635,113,3800306064
cowboy,-9112,-11452,7336,-7307,-6423,7316,7384,-32768,-168,-10046,-32768,24901,-1388,19504,-1116,-1855,14639,1722,3974265326
cowboy,-11576,-12720,10888,-9238,-9309,6508,10132,-32768,-3372,22887,-32768,17856,2488,27404,3508,-936,14119,2897,1348901803
cowboy,-13144,-14908,13980,-10779,-11567,5917,10236,-32768,-732,30903,-32768,5187,4148,29020,8092,1314,12527,2493,1833786690
cowboy,-15380,-15688,17564,-12072,-13456,6268,9664,-32768,-7524,20133,-32768,-3177,5936,28060,5780,3640,10023,1391,2343921968
cowboy,-17680,-15284,21956,-13596,-14272,7339,11560,-32768,-12860,17084,-32768,-13439,6516,25392,1832,4363,10988,1344,240697261
cowboy,-18968,-13612,24920,-12459,-12185,8472,11648,-32768,-20224,24753,-32768,-22648,6600,24708,-236,4239,12061,1506,2192144140
cowboy,-19200,-14308,25944,-9923,-9182,9418,11188,-32768,-25164,32767,-32768,-30944,6120,25724,-208,4450,12781,1466,2728939287
cowboy,-18204,-15364,23800,-6847,-7036,9362,8912,-29444,-28428,32767,-30826,-32768,5400,25924,1116,5141,12907,1003,1324758592
cowboy,-16548,-14372,19000,-5392,-5377,9483,9456,-24532,-32768,32767,-32145,-32768,4872,23772,2828,5679,12572,590,3901867557
cowboy,-14372,-12772,14868,-4668,-4033,9625,7024,-14592,-32768,32767,-32768,-32768,4952,19616,3352,5645,11436,105,1549435495
cowboy,-12212,-11952,12868,-5461,-3010,9323,6788,-6664,-32768,32767,-32768,-32768,4716,15840,2808,5780,10472,-363,4129603369
cowboy,-10256,-10396,11136,-6284,-2474,8837,1180,-3900,-32768,30916,-31983,-32768,4708,13424,872,5943,10747,-625,1632032747
cowboy,-8360,-9288,9620,-6896,-2146,8373,-2604,-324,-32768,18613,-25361,-32768,4728,11424,80,5781,11413,-688,1930955424
cowboy,-6964,-8292,8184,-7272,-1890,7926,-4288,8040,-32768,-2748,-10976,-32768,4464,9356,-680,5723,11824,-905,425375215
cowboy,-5636,-7440,7244,-8012,-1475,7509,-6732,9236,-32768,-23325,14096,-32768,2600,8236,-1032,5504,11775,-796,1287183983
cowboy,-4544,-6744,6000,-8735,-833,7270,-13820,12556,-32768,-32768,32767,-32768,684,7196,-1744,4652,11150,-319,3373573799
cowboy,-3296,-5180,4636,-11262,-704,7270,-20712,18772,-29704,-32768,32767,-32768,-448,6124,-1908,3676,9819,208,3326216169
cowboy,-1800,-4780,3284,-13334,-393,7040,-22852,27484,-13020,-32768,32767,-32768,124,4840,-1800,2991,8256,245,469295428
cowboy,-592,-4884,2372,-14179,-357,6906,-24396,32767,2376,-32768,32767,-32768,1216,4492,-2036,2781,7200,-121,3341806839
cowboy,636,-5344,1440,-13607,-415,6682,-27880,32767,5636,-32291,32767,-24779,1568,4008,-2744,2228,6523,-535,504905896
cowboy,1452,-6092,976,-11169,-1015,6279,-32768,32767,-2080,-32768,32767,-284,2332,3856,-3580,1269,5957,-854,196247808
cowboy,1196,-7396,1296,-7925,-1813,5770,-32768,32767,12956,-32768,32767,24988,3432,4772,-4512,-127,5623,-922,3856076345
cowboy,296,-8264,1832,-5635,-2423,5225,-32768,20268,22808,-32768,22264,32767,4204,7120,-5756,-2112,5768,-628,3194808688
cowboy,-2292,-8924,2856,-4959,-3109,4605,-32768,-136,30580,-26373,12735,32767,5348,10332,-8068,-3429,8146,-332,2016088809
cowboy,-5792,-8928,4864,-5100,-3569,4190,-21780,-16196,32767,403,6630,32767,5904,15024,-5392,-2590,12989,35,1813855902
cowboy,-10980,-9304,5048,-7174,-4081,4660,-18948,-15084,32767,13107,-2469,32767,5180,22064,-2352,-965,16960,663,1633186915
cowboy,-17216,-9840,6696,-11424,-5305,5780,-8672,-18500,32767,9852,-11906,32767,5240,26916,1080,-851,18983,1538,848583848
cowboy,-21952,-14052,10044,-17302,-7235,6302,-4152,-20620,32767,3213,-26028,32767,2880,28528,5812,-1259,17661,1799,1173117536
cowboy,-24372,-18544,11772,-21952,-9098,6578,-3012,-28016,32767,-7716,-32768,32767,1880,27408,6468,140,14468,1656,3287311714
cowboy,-23856,-21580,15320,-22520,-10152,8132,6812,-32768,29992,-15498,-32768,32767,3152,23436,2200,1087,13415,1285,3550798129
cowboy,-21448,-19580,17932,-20142,-9543,9455,9588,-32768,20380,-20130,-32768,32767,2940,22444,520,1617,12686,869,2747341042
cowboy,-18264,-17688,18708,-18316,-8924,10356,12140,-32768,9544,-19679,-32768,22409,3892,22280,1884,2501,11972,651,3729963756
cowboy,-14616,-16712,17708,-16262,-7872,10302,10396,-32768,1120,-15118,-32768,3464,5400,21836,2288,3358,11792,482,2764218225
cowboy,-12044,-14500,15976,-14785,-7031,9954,10676,-32768,-6808,-12499,-32768,-10388,6332,21048,1080,4050,11934,114,3718206507
cowboy,-10920,-13004,14480,-13273,-6480,9507,10692,-31448,-10464,-7639,-32768,-21477,6276,19320,-672,4294,12929,-141,3578889823
cowboy,-9404,-12528,13340,-11885,-7156,8902,9236,-25528,-15276,2396,-32768,-29917,5448,17416,-1992,4043,13983,-271,1913445542
cowboy,-7592,-12200,12084,-10255,-7960,7861,8044,-18176,-17932,16572,-32768,-32768,4132,15284,-332,3724,14652,-311,1140137689
cowboy,-6160,-10912,10392,-9649,-7918,6634,5200,-15912,-23640,29493,-30528,-32768,2900,13036,1232,3626,13693,-255,3615958930
cowboy,-5728,-9452,9324,-8419,-7277,5814,3744,-11168,-29536,32767,-27353,-32768,2144,11372,616,3491,12298,-492,523505695
cowboy,-5540,-8056,8664,-7023,-6018,5308,1348,-11780,-32768,32767,-26137,-32768,1520,9904,-684,3101,10762,-918,2395592378
cowboy,-4808,-7404,7908,-5702,-4845,4831,-2024,-8940,-32768,32767,-26492,-32768,740,8572,-1160,1978,9083,-1347,3381816637
cowboy,-4124,-7536,6732,-4958,-3717,4304,-5756,-956,-32768,32767,-28741,-32768,476,7596,-280,862,7605,-1480,3748031217
cowboy,-3076,-8128,5652,-4463,-2640,3307,-2160,376,-32768,-4631,-23488,-32768,1064,6752,-108,871,6509,-1310,3773333341
cowboy,-2160,-7928,4620,-4401,-1896,2241,1364,-6932,-32768,-32768,5621,-32768,1740,5660,104,1265,6030,-983,1720435763
cowboy,-1440,-8112,3284,-3011,-1051,1487,-12388,3940,-32768,-32768,32767,-32768,1756,4656,304,1570,5832,-634,1976569323
cowboy,-708,-7252,1912,-1297,64,980,-26908,25448,-17124,-32768,32767,-32768,576,4408,364,1370,5648,-228,1930696805
cowboy,-752,-6488,1600,-1220,1065,663,-32768,32767,-6056,-32768,32767,-32768,1660,5136,80,472,5241,468,3252260779
cowboy,-1436,-7244,1484,-1886,1805,612,-32768,32767,13104,-32768,32767,-32768,4676,6648,-688,-1336,3973,1010,2783384119
cowboy,-2664,-8160,1560,-4235,1941,-42,-32768,32767,-29392,-32768,32767,-8781,7556,9392,-2972,-3348,3014,736,3239378096
cowboy,-5600,-9180,2748,-5391,1459,-131,-32768,32767,-6856,-32768,19787,31155,6720,10840,-4868,-4332,5218,30,1847456811
cowboy,-11004,-9000,5392,-4665,90,822,-32768,12508,23972,-32768,3739,32767,3644,11716,-2228,-3002,8329,-542,2884085846
cowboy,-13304,-10260,7140,-5310,-1228,2065,-28680,-17684,32767,-32271,8508,32767,420,16176,-1108,-1318,10382,-172,1430636036
cowboy,-15380,-12460,8064,-8194,-1230,2777,-8168,-28216,32767,16386,15248,32767,504,20144,3240,-374,10962,1279,3702453496
cowboy,-18144,-16368,9724,-11120,-2098,3099,-16924,-4296,32767,25653,9568,32767,3648,26644,8176,909,9988,2423,2004507030
cowboy,-21084,-19572,12424,-12339,-4572,3451,-18392,2420,32767,-6164,-11613,32767,7080,32756,5880,2716,8961,2055,4097256372
cowboy,-22648,-22244,15344,-11544,-7515,3809,-19064,-31832,32767,-30261,-32768,32767,7496,32767,2120,2812,10647,946,3260221145
cowboy,-22780,-20920,17592,-9446,-9532,4201,-14500,-32768,24664,-20722,-32768,32767,5300,29932,-296,2803,11958,801,3435715436
cowboy,-23544,-17552,18480,-7114,-10616,5175,2288,-32768,12684,-20896,-32768,32414,3496,28140,1796,3479,13028,1145,2285305028
cowboy,-22728,-17564,17300,-5206,-9921,6608,12384,-32768,3416,-16341,-32768,21027,2956,26608,2936,4441,13246,1471,2093947080
cowboy,-20868,-17576,15008,-5057,-8933,6971,12952,-32768,-1252,-14110,-32768,10283,3908,24460,2960,5151,12796,1498,623479779
cowboy,-17664,-16716,12048,-6139,-8556,6588,11764,-32768,-7132,-11878,-32768,-890,5252,21000,2616,5839,11830,572,405706061
cowboy,-14784,-15048,10076,-6590,-7747,6136,10876,-32768,-16092,-9644,-32768,-15246,5388,17396,1488,6477,10986,-372,64531389
cowboy,-12032,-12652,8920,-6682,-6831,5587,11872,-31364,-22596,-573,-32768,-30008,3948,15892,-184,6499,10726,-609,1953331120
cowboy,-9356,-10688,7284,-6305,-5901,5205,13216,-27944,-26800,14497,-32768,-32768,3812,13968,-1056,5564,10698,-25,1915355797
cowboy,-8500,-10656,5972,-6018,-5362,5565,11220,-21404,-32012,32767,-23261,-32768,4276,11492,-1160,4541,10837,433,1032172962
cowboy,-5708,-8148,4372,-6225,-5075,5085,4400,-16596,-32768,32767,-12025,-32768,5272,9168,-1048,3858,11221,84,919967694
cowboy,-3824,-7196,3648,-6694,-4387,5078,-1924,-9656,-32768,32767,-7103,-32768,3288,7552,-60,3188,10724,-319,640448397
cowboy,-3228,-5840,3376,-8004,-4539,5055,-8568,1700,-32768,32767,-10579,-32768,1860,5840,312,2802,9947,-801,3700191903
cowboy,-1880,-5484,3948,-7943,-4728,5123,-6320,9048,-32768,32767,-10372,-32768,628,4708,-316,2057,8862,-943,130637052
cowboy,-1384,-5952,4352,-7269,-4799,5340,-7336,7792,-32768,14029,-1223,-32768,-136,3612,-544,1621,8373,-707,1438767843
cowboy,-652,-5436,5132,-4372,-4842,5265,-11072,11300,-32768,-3850,13276,-32768,-556,2568,168,1274,7175,-525,2136233533
cowboy,636,-4976,5540,-2704,-4723,5211,-17796,15796,-32768,-21780,26638,-32768,-124,1844,316,1766,5435,-268,2019459602
cowboy,56,-5320,4780,-485,-3703,4519,-22648,28928,-24448,-32768,32767,-32768,772,1716,-64,1813,4419,-256,1231828737
cowboy,-716,-6352,5084,684,-2369,3866,-24472,32767,-11820,-32768,32767,-32768,1584,2100,-452,1482,3444,-465,759946561
cowboy,-3300,-6416,5660,995,-1963,3245,-16684,32767,-3016,-32768,32767,-28858,2500,5028,-1876,786,2847,-645,14970606
cowboy,-6172,-8064,6432,1824,-1701,2896,-14204,32767,-832,-32768,32767,-4874,3240,9924,-3716,-515,2458,-720,3216136638
cowboy,-9420,-10860,7792,4309,-1530,2782,-25760,32767,4448,-32768,32767,27630,5016,16656,-6068,-2572,3158,-604,3643182099
cowboy,-13120,-12828,9328,6229,-1571,2636,-32064,26828,9336,-32768,27294,32767,3724,23968,-3388,-2770,5215,-642,3990090671
cowboy,-16048,-11520,9184,5508,-1859,2217,-25788,14700,19576,-32768,11120,32767,4264,31960,360,-977,7547,-920,2993342592
cowboy,-19036,-13840,9256,1082,-2120,2160,-15956,464,27176,-30027,8668,32767,5428,32608,2988,-837,6536,-2069,856410453
cowboy,-22140,-16864,11996,-4169,-2627,2640,-3404,-13292,32767,-18701,7237,32767,4748,28820,1844,-496,6190,-2849,3497519573
cowboy,-23840,-14212,15248,-6317,-3311,3785,7468,-19236,32767,-20309,6614,32767,732,24108,92,1260,5597,-2495,2607455368
cowboy,-23000,-14112,19080,-7061,-3967,4727,8232,-32768,32767,-21923,-14625,32767,-1316,25768,1088,1880,3943,-967,2597954539
cowboy,-21904,-13400,20340,-6595,-3686,5228,3376,-32768,31668,-3368,-32768,31709,-328,26492,904,2567,1467,-199,736961279
cowboy,-19616,-13112,20116,-4398,-2796,5492,6536,-32768,22636,-6147,-32768,14304,1452,24252,-332,3043,448,-491,1632001028
cowboy,-16240,-11800,17992,-1861,-1562,5191,15644,-32768,15148,-17736,-32768,9752,2372,20432,-156,3166,76,-908,2174525823
cowboy,-13248,-10708,15056,-1057,-908,4736,19780,-32768,10608,-27765,-32768,3618,3044,16848,-268,3611,645,-1078,4250119146
cowboy,-10320,-9648,11824,-1015,-873,4075,13760,-32768,1156,-32768,-32768,-11140,3644,14832,-856,3875,1762,-977,2824300275
cowboy,-8052,-8976,9004,-1462,-885,2824,10012,-29824,-4412,-32768,-32768,-19086,4284,13184,-1444,3543,2489,-529,2340900101
cowboy,-4856,-8524,4288,-1283,-196,1752,6744,-21332,-10932,-23090,-32768,-28177,5892,11340,-1788,3159,3922,-393,3326178960
cowboy,-4632,-5496,3572,-983,344,907,6988,-15620,-13388,-10078,-32768,-32768,5976,9212,-1568,2401,4890,-573,1688980910
cowboy,-3908,-5680,2344,-2204,655,633,5812,-16060,-20480,7989,-22279,-32768,4652,7388,-756,1551,5529,-671,738634781
cowboy,-2912,-6672,1900,-2371,979,29,1544,-10680,-27484,32767,-8524,-32768,3304,7028,148,644,5657,-1332,752445901
cowboy,-3212,-7224,2852,-3116,288,-92,-6552,-5032,-32768,32767,-3882,-32768,1616,6504,848,49,4388,-1239,1528296353
cowboy,-3320,-7968,4796,-2684,-86,235,-10372,1700,-32768,32767,-5122,-32768,-156,6924,356,-179,3302,-1168,1573415580
cowboy,-4828,-6100,6668,-2889,-895,753,-11128,21012,-32768,32767,-9020,-32768,-480,7104,296,-145,2699,-661,2505060470
cowboy,-5424,-7564,7564,-459,-1449,1445,-5532,25416,-32768,6270,-1249,-32768,1220,8040,-392,-5,1971,-107,642583856
cowboy,-7680,-6676,8668,-33,-2684,2429,-7636,29328,-32768,-32768,17172,-32768,1780,10184,-1304,-38,1485,324,3344637063
cowboy,-8636,-8336,8896,333,-3991,3370,-13332,32767,-32768,-32768,32767,-24477,1488,13616,-640,-717,1160,1150,2406834638
cowboy,-9848,-10220,8788,-689,-5225,4158,-15636,32767,-22492,-32768,32767,-9026,3088,16036,336,-739,-432,1787,1560938074
cowboy,-10748,-11672,9192,-2187,-5750,4373,-10768,32767,3928,-32768,32767,690,4796,17232,536,-56,-1024,1701,550545356
cowboy,-12624,-11796,9884,-4517,-6283,4231,-2368,29660,16444,-27486,32767,7302,6884,16644,-1368,875,-989,1377,4006541667
cowboy,-13688,-13432,11408,-3442,-5735,4112,-3736,32648,-32,-24232,32767,29267,9528,18376,-3188,1602,1229,310,3229040234
cowboy,-15744,-13400,12540,-2066,-5015,4270,-32768,25168,26860,-20358,32767,32767,9184,21532,-3180,2211,3254,-155,3565244946
cowboy,-16636,-15136,12888,169,-4580,3969,-32768,27560,32580,-29651,-2903,32767,10400,26412,-6228,2007,6590,21,469118869
cowboy,-17372,-16004,10432,642,-4088,3914,-21492,-5556,32767,-24849,-1153,32767,10516,25804,-3500,1723,10572,-62,2991689391
cowboy,-18360,-15196,10400,1939,-3715,4325,-1504,-21100,32767,-7735,-5903,32767,8336,24548,-1864,1589,13724,-394,4293750418
cowboy,-18700,-14340,8620,-1702,-3407,4496,5852,-29544,32767,11726,-10598,32767,5600,21660,-2368,1568,16676,-712,4137754986
cowboy,-17512,-13148,7972,-4060,-3327,4502,3004,-31804,32767,22834,-21127,32767,2636,18788,-2076,1265,18084,-751,982154176
cowboy,-15596,-11804,7056,-7423,-3168,5063,8012,-31724,28768,23457,-32583,32767,2460,15836,-904,1135,18175,-573,4234099108
cowboy,-13464,-9804,6788,-9453,-2980,6032,820,-31592,23708,17486,-32768,32767,2028,13676,604,1973,17744,-685,430486309
cowboy,-10924,-8296,6604,-12853,-3369,6942,4740,-31712,16152,9370,-32768,26599,1660,12336,216,2859,17527,-639,4186363919
cowboy,-8892,-8076,6272,-15352,-3895,7775,6040,-32052,10940,-4674,-32768,17697,672,10208,-240,3670,17434,-225,2873281937
cowboy,-6952,-8192,5644,-17269,-4803,8349,6388,-32292,1588,-22729,-32768,6468,1164,8824,-516,3883,17739,16,83728827
cowboy,-5008,-8528,4952,-18877,-5650,8447,3188,-31896,-8648,-30006,-32768,-7864,1092,7996,-68,4164,17904,-116,813710641
cowboy,-3904,-8572,4660,-19199,-6176,8255,1000,-26044,-19100,-22367,-32768,-20872,780,7132,-96,4171,17366,-350,2399518257
cowboy,-3124,-7232,5036,-18950,-6419,8171,5912,-17420,-28228,-5583,-32768,-32378,1572,6452,-964,3777,17227,-791,2124579395
cowboy,-2476,-6812,4480,-17999,-6087,8234,2304,-19872,-30412,11576,-32768,-32768,2104,5748,-764,3281,16937,-1384,959703159
cowboy,-2168,-6140,4636,-16595,-5971,8277,1404,-18712,-32768,32767,-31952,-32768,336,5504,-776,2879,15903,-1504,3420098662
cowboy,-2224,-6328,5080,-15901,-5943,8000,-3784,-11824,-32768,32767,-11801,-32768,-1856,5980,-728,2337,14597,-1040,224845272
cowboy,-2548,-6720,5672,-14716,-5678,7620,-5360,-8412,-32768,32767,718,-32768,-2384,6628,-824,1678,13061,-152,2987982200
cowboy,-3520,-7564,6688,-12695,-5278,7254,-8380,-7420,-32768,32767,8250,-32768,-1728,8272,-2564,1150,12218,569,2876302874
cowboy,-5308,-8820,6512,-10326,-4860,6841,-14176,352,-32768,32767,10604,-32768,64,11900,-2484,1031,12449,833,1559818826
cowboy,-6444,-11188,6728,-7554,-4161,6257,-15476,11912,-32768,3221,11446,-32768,500,17672,-1512,759,12877,862,2230142631
cowboy,-9100,-12068,7876,-6042,-3438,5387,-17240,16668,-32768,-32768,19301,-32768,964,24432,564,346,11801,1744,3778713513
cowboy,-12268,-11760,8744,-7844,-3557,4051,-23948,24264,-32768,-32768,32767,-32768,2616,27912,2132,153,9268,2457,4017652113
cowboy,-17172,-10144,10704,-13618,-5284,3218,-24236,32767,-8640,-32768,32767,-32768,5604,27200,1632,435,7762,2408,3810205650
cowboy,-19756,-15480,13908,-17603,-7384,3227,-16640,32767,10076,-32768,32767,-32768,6792,25664,-828,843,7549,1678,1485735475
cowboy,-23040,-18712,17620,-15524,-7652,4187,-10564,32767,-3984,-32768,32767,-3205,7000,25132,-3160,1421,8262,794,1049785432
cowboy,-24728,-19632,22020,-10361,-8258,5362,-32768,29344,-3108,-32768,32767,32767,6972,23304,-3484,2535,9336,-126,3495521360
cowboy,-23696,-17612,21308,-6191,-8276,6340,-28824,18820,16688,-32768,32767,32767,7816,21532,-3212,3225,10625,-1122,3315131010
cowboy,-20940,-14660,17816,-3430,-7195,7401,-32768,3492,25384,-7202,23649,32767,10468,20032,-2244,3811,11168,-2225,3332388650
cowboy,-16752,-13720,14052,-2333,-6539,8111,-26104,6928,30196,6742,18030,32767,7408,19996,-2792,4118,13148,-2675,879922764
cowboy,-14120,-13168,11308,-2308,-6674,8670,-19400,-44,32767,2442,14887,32767,4328,17436,-2808,4592,13026,-2161,1155386428
cowboy,-10872,-10780,7516,-3798,-7425,8343,-9728,-320,32767,-17274,9618,32767,4968,15020,-4092,5190,15347,-1512,2815441195
cowboy,-7940,-9528,4324,-6351,-7209,8603,-11956,-12904,32767,-32768,-10601,32767,4384,13052,-5060,5286,17772,-1086,1940527003
cowboy,-5852,-7992,1644,-8797,-6691,8260,-16372,-30040,24028,-32768,-32768,32767,2548,12244,-4028,4819,18532,-814,825456744
cowboy,-4344,-7368,552,-12311,-7124,7505,-8416,-32768,14380,-19964,-32768,32767,720,11664,-3584,3809,17981,-157,3281603813
cowboy,-2804,-8060,824,-15688,-6521,6756,668,-32768,6116,-13371,-32768,27114,360,9968,-2332,2560,16527,328,3760770887
cowboy,-2580,-7404,2600,-19158,-7158,5886,6016,-32768,-704,-8362,-32768,19745,260,8292,-1076,2111,15990,328,620109449
cowboy,-1144,-9068,3904,-19567,-8024,5370,5564,-32768,-5556,-6113,-32768,4044,-484,6164,280,1903,14816,176,2446941813
cowboy,-2680,-8688,6320,-17413,-8586,5634,2768,-32768,-13636,-10387,-32768,-7211,-1596,6016,444,999,12897,182,2734133862
cowboy,-2792,-7692,7364,-15388,-9243,5687,-72,-29136,-14160,-5086,-32768,-18790,-24,5544,880,114,11774,320,1943701649
cowboy,-2920,-6880,7648,-13938,-9669,5716,4752,-21848,-23444,-1827,-32768,-30432,860,6880,536,-665,10070,559,2261250067
cowboy,-3416,-8640,7284,-12200,-9477,5812,6736,-22168,-31304,10319,-32768,-32768,2324,9224,-404,-1237,8793,805,1183373052
cowboy,-5740,-9996,9028,-10636,-9025,5674,4996,-23688,-32768,32767,-28753,-32768,3624,13040,-356,-1227,8884,1163,469691499
cowboy,-9056,-12308,12456,-8234,-8704,5539,776,-15788,-32768,32767,-14342,-32768,4708,15108,1424,-46,9513,1380,1221760355
cowboy,-12128,-13384,14900,-6099,-9097,5663,-548,-12052,-32768,32767,-6523,-32768,6260,17144,464,1317,10128,1278,1217975285
cowboy,-13512,-14556,16036,-3566,-8992,5969,-524,-8068,-32768,32767,-1006,-32768,9088,18844,-1904,1951,11767,777,1522495769
cowboy,-15504,-14432,16564,-2823,-8751,6246,1664,1148,-32768,32767,5690,-32768,8600,20356,-1488,2548,13063,214,1727374390
cowboy,-16732,-15232,15700,-1889,-8621,6669,-3780,9768,-32768,9942,13934,-32768,6848,22848,-1392,4142,13277,551,3353801131
cowboy,-17348,-15420,14264,-1319,-8362,7370,-13136,18512,-32768,-24592,27395,-32768,7100,25236,-2320,5406,13551,1352,707652940
cowboy,-16824,-16736,12668,-2413,-7902,7854,-23384,30332,-32768,-32768,32767,-32768,8920,26896,-2916,5968,13617,1805,192239266
cowboy,-16488,-17404,11884,-4832,-7049,7765,-24164,32767,-13996,-32768,32767,-32768,9548,27604,-3304,6046,13396,1702,1006940566
cowboy,-15980,-17052,11664,-8421,-6557,7498,-17124,32767,19676,-32768,32767,-32768,10536,25892,-4136,5368,13577,1184,423599392
cowboy,-14684,-16396,11988,-10952,-6333,7180,-18232,32767,-18040,-32768,32767,322,9936,21364,-5640,5058,14922,251,2566123829
cowboy,-13400,-14712,12364,-11684,-6405,7099,-32768,32767,4528,-32768,32767,32767,8056,17992,-6176,4563,16386,-456,2835109705
cowboy,-11348,-13260,11456,-11396,-6981,7410,-32768,32767,15840,-32768,11613,32767,7252,15060,-5224,4131,17687,-908,1108436702
cowboy,-8768,-11780,9716,-11226,-7335,7915,-32768,-7144,25736,-31032,-3736,32767,6832,12372,-5244,3777,18718,-1366,3873467748
cowboy,-6360,-9960,7224,-11028,-7358,8431,-22484,-10844,29652,5898,1175,32767,5112,10652,-4968,4271,19718,-1638,1508360890
cowboy,-4620,-9048,5124,-11589,-7166,8895,-14660,-6064,32296,19174,6303,32767,3488,9152,-5352,3752,20101,-1734,207860190
cowboy,-3944,-7240,3132,-12541,-6857,9380,-15528,-11984,32767,5922,6304,32767,3576,6720,-5400,4188,21287,-2128,1597092761
cowboy,-2884,-5820,1620,-13692,-6530,9761,-13088,-17128,32767,-15607,-14447,32767,1752,5552,-4288,3344,21144,-2515,305542047
cowboy,-2580,-5328,1232,-14863,-6011,10044,-5820,-29868,24004,-32768,-32768,32767,92,4708,-3272,2659,20582,-3076,1363643997
cowboy,-1752,-5220,572,-16490,-5229,10214,-10360,-32768,9548,-32768,-32768,32767,-1144,3264,-3376,1438,19184,-3529,2407716351
cowboy,-1268,-6748,616,-17747,-4194,10116,-328,-32768,-236,-30193,-32768,24363,-1680,2532,-2524,402,18241,-3669,2233596623
cowboy,-668,-7476,1552,-19613,-3905,9654,1712,-32768,-8496,-27350,-32768,7810,-3372,2520,-2152,-161,16944,-3576,4286708354
cowboy,-1216,-8944,3388,-19714,-4157,9179,3308,-32768,-10120,-24937,-32768,-2204,-3676,2868,-1620,-863,15576,-3004,2232395347
cowboy,-2172,-9764,5032,-17945,-4193,8546,1288,-29388,-16204,-19961,-32768,-13962,-3500,4752,-1052,-1983,13348,-1963,480592657
cowboy,-3732,-9508,6840,-17321,-4436,7991,2500,-28304,-17200,-11786,-32768,-22758,-1528,6688,-864,-3222,11820,-1020,2264028961
cowboy,-5828,-10736,8556,-15913,-4532,7408,9140,-27836,-23816,-4027,-32768,-29204,1416,10248,-884,-3922,11514,-630,2731424006
cowboy,-8656,-11896,11208,-14905,-4460,6965,7264,-25028,-27648,5626,-18002,-32768,4032,17984,1668,-4508,11838,-169,452746038
cowboy,-12144,-12244,13664,-14198,-5334,6505,5912,-20596,-28148,19865,-4389,-32768,6440,26128,10256,-1602,12681,662,1617853494
cowboy,-14952,-14148,16228,-13103,-7337,6271,3328,-19396,-31652,32767,1003,-32768,8592,24944,9612,3064,13318,402,331612699
cowboy,-17248,-16116,18616,-9574,-9402,5951,2008,-16628,-32768,32767,2663,-32768,7768,28660,2216,5894,15155,354,2765146357
cowboy,-19232,-20072,19888,-6970,-10717,5615,1488,-13812,-32768,32767,1055,-32768,5660,30760,-3376,5530,17164,519,1520844457
cowboy,-21384,-22736,19692,-5565,-11556,5373,188,-9508,-32768,32767,285,-32768,2132,28916,2076,5975,16683,1090,2760786034
cowboy,-22004,-21744,17732,-3853,-12187,5563,4012,-6404,-32768,32767,2475,-32768,2560,27244,976,7317,15490,1412,1311481120
cowboy,-21272,-18740,15984,-2767,-13124,5836,2884,-4080,-32768,32767,8876,-32768,1780,25008,-576,7919,13658,1651,3796956732
cowboy,-19200,-16480,13240,-2402,-13620,6003,-5892,616,-30696,32767,15889,-32768,2540,23284,-1080,7877,12292,1846,1612396756
cowboy,-15608,-13656,10132,-3347,-13788,5884,-14896,8388,-23432,4979,19022,-32768,3540,20900,-1352,7584,11658,1876,3015065937
cowboy,-13056,-12272,7184,-4465,-13310,5745,-26408,18244,-27344,-20011,19498,-32768,5260,18564,-2364,7123,11022,1623,1124497556
cowboy,-10504,-10736,6260,-5765,-12446,5944,-32768,32767,-32768,-21969,13232,-32768,5304,15852,-2340,6367,11829,1101,3782227028
cowboy,-7920,-9688,5744,-7163,-10976,6151,-12008,32767,-26368,-32183,2040,-32768,6320,12776,-2784,5520,11568,235,3175802980
cowboy,-5912,-9612,4876,-9797,-9705,6803,-3072,32767,-20456,-32768,19046,-32768,4072,10444,-2224,4815,11544,-699,2101193591
cowboy,-4092,-8828,4600,-8870,-7864,7317,-9072,32767,-14864,-32768,28506,3679,2340,8020,-1992,3989,11652,-1481,1145791771
cowboy,-3428,-6292,3616,-8161,-6429,6949,-14448,32767,-5692,-16904,32767,20850,2048,5468,-1520,3407,11325,-2188,1175213977
cowboy,-2472,-5312,2984,-6576,-5083,7354,-12568,32767,-704,-3799,32767,25846,1912,3516,-2284,3315,11291,-3216,1940380063
cowboy,-2416,-4352,2204,-6497,-3756,7675,-11088,31176,1200,-734,30970,32702,1920,2792,-2796,3057,11291,-4171,379986143
cowboy,-1680,-4568,2060,-5840,-3144,7959,-10824,28408,7084,-3174,29359,32767,704,3480,-3304,2259,11527,-4246,462710066
cowboy,-1352,-5160,1288,-5326,-2613,7865,-12628,22548,10824,-15562,21277,32767,504,3560,-2228,615,10536,-3513,2677812742
cowboy,-1248,-5680,992,-5993,-1861,7838,-11456,17668,13468,-32768,13169,32767,1908,4588,-1832,-705,9477,-2780,582317709
cowboy,-2260,-7904,1304,-6756,-1102,7658,-14332,11448,16480,-32768,-4646,32767,2444,6744,-2052,-1450,9206,-2239,1174031698
cowboy,-3728,-11048,3340,-5703,-470,6908,-16288,3816,10960,-32768,-24831,32767,2980,10032,-2868,-1599,10883,-1870,4205163162
cowboy,-6392,-13808,6416,-4003,-137,5493,-12400,-19844,2728,-32768,-32768,32767,3604,15072,-2864,-1167,14070,-1580,307075790
cowboy,-9292,-14364,9480,-1048,-575,4370,-3180,-32768,-13492,-32768,-32768,23788,2604,22636,180,-147,17056,-888,3223362798
cowboy,-13172,-10924,11392,-1658,-2067,3784,3372,-32768,-32768,-32768,-32768,9540,256,27536,3212,-659,17072,-16,1802219310
cowboy,-17796,-10264,12608,-3998,-3559,4118,18252,-32768,-27296,-32768,-32768,-5626,104,26176,2892,-478,15224,611,613170085
cowboy,-20724,-13720,13676,-6849,-5125,4861,19636,-32768,-29480,-7862,-32768,-20740,1648,22204,1012,-304,13578,774,2986880415
cowboy,-20508,-17296,14376,-9245,-6015,5297,21972,-32768,-32768,23222,-32768,-32768,1180,21316,1976,506,11321,1031,497636948
cowboy,-18044,-18432,14336,-11933,-6219,5558,13268,-22224,-32768,32767,8787,-32768,3276,22832,2016,1529,9257,1589,3836350967
cowboy,-15780,-17812,14504,-14277,-6173,5752,3188,-15804,-32768,32767,20719,-32768,6336,23576,-276,2582,9012,1849,1107202803
cowboy,-14624,-15712,15740,-15562,-6630,6150,-908,-13344,-32768,32767,30105,-32768,7720,23032,-1272,3194,10196,1188,4207856297
cowboy,-13784,-13232,17772,-14764,-7250,6914,-4688,-12276,-32768,32767,32767,-32768,7480,20880,1548,4060,10926,630,1268289791
cowboy,-13564,-11836,18472,-13182,-7857,7867,-7004,-7100,-32768,32767,32767,-32768,7208,18528,404,5382,11109,230,2249847439
cowboy,-13504,-11852,18104,-10057,-8486,8649,-12476,-2140,-32768,32767,32767,-32768,5056,16984,-2100,6187,11094,117,29812075
cowboy,-12476,-11044,15884,-6653,-9125,9142,-31156,7528,-32768,32767,32767,-32768,4492,16792,-3524,6133,10466,-41,557490171
cowboy,-10908,-10532,12152,-4814,-9170,9206,-32768,20232,-32768,32767,32767,-32768,5296,16552,-3356,5876,10589,170,3566295602
cowboy,-8536,-10760,8672,-4518,-8729,9040,-32768,32767,-32768,5384,29891,-32768,6628,15732,-3760,5400,11025,395,2473231701
cowboy,-6372,-12020,6080,-4860,-8331,8513,-25636,32767,-30064,-32768,21309,-32768,7988,13972,-4740,4620,11603,135,4139956963
cowboy,-5308,-12260,4296,-5559,-7835,7813,-24364,32767,-18008,-32768,23263,-4799,7652,11432,-5556,3477,13104,-620,4244958822
cowboy,-5204,-11480,3244,-5839,-6908,7423,-26196,32767,-5348,-32768,28295,17098,6636,7956,-4136,2286,14543,-1932,1637360419
cowboy,-5740,-8740,2968,-5853,-6079,7618,-25416,32767,6164,-32768,32767,28902,4764,6716,-3264,2040,15432,-3212,1483601503
cowboy,-5836,-7472,2756,-5835,-5246,8191,-32768,22772,17616,-32768,16623,32767,2584,6456,-3328,1915,15862,-3493,23085950
cowboy,-5024,-6768,1968,-7153,-4239,8605,-32768,2712,24604,-32768,-7874,32767,1516,5804,-3652,2069,16107,-3186,763071633
cowboy,-4208,-6580,620,-9735,-3303,8638,-3828,-28440,29352,-19296,11989,32767,1780,5748,-4724,1785,16520,-2565,35059068
cowboy,-3732,-7240,100,-12195,-2546,8466,-18256,-19040,32260,8199,4832,32767,1860,5352,-4968,1418,17621,-1990,880382679
cowboy,-3532,-7696,104,-14554,-2269,8164,-11460,-6788,30812,8589,-13935,32767,2100,6092,-4608,927,18907,-1516,2037427534
cowboy,-3632,-7940,976,-17142,-2715,7944,-13724,-12776,31156,-7798,-32076,32767,1352,7656,-4012,-146,19879,-1158,3307395912
cowboy,-3756,-8000,2372,-20495,-3441,7724,-6880,-22548,24268,-25944,-32768,32767,-792,9624,-2528,-1605,19218,-508,1345962263
cowboy,-4364,-10428,5272,-23104,-4242,7258,-4036,-29704,14484,-32768,-32768,32767,-3008,12948,-852,-2259,17636,420,1146085605
cowboy,-5824,-13436,9192,-23662,-4841,6502,-2636,-32768,4504,-32768,-32768,21179,-2588,16620,1460,-2060,16175,1373,2022659975
cowboy,-7284,-15616,12364,-21153,-5354,5948,1244,-32740,-5032,-29418,-32768,8645,-404,20328,5348,26,14430,1622,1573767680
cowboy,-10928,-16028,15360,-19383,-7347,4669,3744,-32768,-13700,-21728,-32768,-203,1912,24236,4844,2596,13351,1234,1149300542
cowboy,-15316,-15156,18568,-16292,-9932,4685,11664,-31480,-15196,-5340,-32768,-10256,4572,25816,2888,3126,11846,696,2940168441
cowboy,-19572,-15212,21380,-12468,-12117,5208,11508,-24020,-21532,7993,-32768,-16891,5992,27112,784,3315,10912,306,2710379473
cowboy,-21864,-16880,23240,-7796,-12802,6022,13984,-22460,-26836,22037,-32768,-24889,4496,26796,1484,4003,10895,285,1285224574
cowboy,-22172,-19260,23692,-4630,-11473,6344,18736,-16460,-32768,31912,-32768,-32768,3268,26792,892,4980,10015,367,4105453965
cowboy,-20748,-18844,21636,-1762,-9408,6226,20720,-16112,-32768,32767,-29650,-32768,4000,25260,-644,5117,8679,-96,842533163
cowboy,-18544,-16684,17752,148,-7754,5824,19292,-12936,-32768,32767,-13540,-32768,3108,22976,-1656,4054,7777,-712,790352018
cowboy,-15248,-14380,13928,1238,-6318,5467,16136,-7640,-32768,32767,-4096,-32768,2544,18684,-272,3454,6246,-1042,4217265912
cowboy,-12036,-11688,10416,1474,-5071,4887,13392,-3628,-32768,32767,-896,-32768,2648,15112,-1028,3051,5787,-1217,4212565451
cowboy,-9412,-9436,6928,1583,-4168,4189,10748,3016,-32768,16523,929,-32768,2008,11928,-788,3155,6460,-1227,2319177632
cowboy,-7128,-8080,4672,2684,-2993,3483,7464,5324,-32768,-20899,7577,-32768,1724,9724,-372,3511,7254,-1135,1982761155
cowboy,-5360,-6424,2424,2875,-1868,2846,-704,7180,-32768,-32768,21600,-32768,1492,7968,-248,3795,8353,-1124,3432523668
cowboy,-3860,-5776,932,2512,-674,2582,-10272,9724,-23148,-32768,32767,-32768,404,7036,496,4058,8649,-800,555992319
cowboy,-3012,-5336,-288,1691,23,2270,-20016,16516,-9956,-32768,32767,-23686,204,6508,1056,4411,8513,-42,2312538229
cowboy,-1768,-6332,-1872,928,396,1772,-31016,29972,19308,-32768,32767,-4749,160,6428,968,4939,7490,945,928939934
cowboy,-708,-7520,-3672,-92,1147,986,-32768,32767,32012,-32768,32767,-6397,2412,6564,-696,4427,6594,1471,1487415714
cowboy,-392,-7032,-4668,-2463,1624,-673,-32768,24184,-7224,-32768,32767,9598,5676,6604,-4408,2667,6876,937,3517907853
cowboy,-1568,-8192,-2764,-3840,2805,-1879,-27144,4348,2092,-32768,20473,13474,5832,8220,-7420,215,8274,-290,2991113881
cowboy,-3944,-8172,1936,-5436,2631,-1944,-32768,-24992,21728,-32768,-27781,13343,1620,6872,-4260,-1563,9978,-728,2330787196
cowboy,-5964,-9452,5092,-6089,1901,-1210,-32768,-25468,30860,-4148,-32768,20251,-3380,8312,-1984,-1644,9050,-29,303577709
cowboy,-7748,-10628,7256,-4403,719,-28,-18064,-32768,8948,17255,-32768,32767,-460,9156,-2424,-1241,9819,644,3966369657
cowboy,-9540,-8480,8640,-4954,-928,1081,-8100,-32768,10960,32767,-32768,32767,912,15328,-2948,-1647,8288,996,3928963881
cowboy,-12320,-11348,10140,-5734,-3537,2145,-13724,-32768,18376,32767,-32768,32767,4204,21756,-908,-3434,5923,1418,570161809
cowboy,-15704,-12524,12844,-6620,-6305,2475,328,-10312,14844,32767,-32768,32767,5660,27572,1956,-1717,4364,852,3090835026
cowboy,-17156,-13964,14652,-5946,-8246,3713,-18440,-21304,19032,19068,-32768,32767,7776,27464,32,-1481,5372,134,3507317850
cowboy,-16984,-17224,14720,-5237,-7917,4162,-15216,-32768,7436,5138,-32768,32767,7760,25056,-1188,-1063,7244,-98,3012898247
cowboy,-18168,-19168,13980,-5278,-7895,4477,3608,-32768,5648,4944,-32768,26427,7352,22812,-1436,-366,10424,300,1015440594
cowboy,-18680,-19332,13984,-6538,-8280,4964,-3128,-32768,-1900,-3124,-32768,12701,7160,21880,-772,805,12687,638,1530828836
cowboy,-19448,-16236,14500,-9377,-8985,5332,220,-32768,-9528,-6248,-32768,1149,6588,22268,-1168,2062,14348,1062,79347873
cowboy,-17924,-14228,15308,-12014,-8450,6199,-212,-32768,-15800,4986,-32768,-13048,5744,22108,-1736,3225,14981,1524,423729146
cowboy,-16164,-13944,15604,-12198,-7418,6378,1304,-32768,-26316,12742,-32768,-29754,5856,21316,208,3852,15204,1554,2239271564
cowboy,-14304,-13132,14616,-11443,-7452,6705,3252,-32768,-32768,21309,-32768,-32768,5100,19704,1356,3915,14470,1021,3066287673
cowboy,-12608,-12448,12856,-10580,-8123,7226,1704,-32144,-32768,32767,-32768,-32768,5040,17612,940,3612,13272,277,626096737
cowboy,-11124,-11108,10904,-10978,-8702,7671,-3048,-20764,-32768,32767,-24187,-32768,4616,15588,604,3707,11829,-537,331687144
cowboy,-10160,-10756,9988,-11056,-8381,8260,-5228,-13792,-32768,32767,-23876,-32768,4220,13896,-100,3916,10200,-1160,2761994824
cowboy,-8908,-10296,9732,-10351,-7351,8649,-1376,-7896,-32768,32767,-20489,-32768,2708,11424,-212,3611,8761,-1532,1008286384
cowboy,-7476,-9940,9624,-9629,-6292,8744,-712,80,-32768,17395,-5417,-32768,1908,9480,272,3069,7320,-1735,708073066
cowboy,-5620,-8992,8684,-9541,-5331,8490,-5056,10904,-32768,-13714,13887,-32768,2004,8304,564,2502,6135,-1804,2508517889
cowboy,-4204,-8100,7100,-9333,-4731,8087,-12204,20796,-32768,-32768,31438,-32768,2328,7464,220,2408,5058,-1670,2631113302
cowboy,-3616,-8304,5820,-8708,-4224,7553,-18576,24392,-32768,-32768,32767,-32768,3840,6864,-1036,2167,4684,-1543,3002780431
cowboy,-3208,-8324,5516,-6415,-3557,7235,-24096,30664,-31124,-27282,32767,-32768,6100,6948,-1644,1915,5002,-1736,2414071992
cowboy,-3072,-8564,5188,-4815,-2984,6942,-26944,32767,-14520,-27284,32767,-32158,6684,6804,-1692,1587,5616,-2148,2419309169
cowboy,-3168,-9756,4512,-3206,-3074,6567,-26588,32767,1144,-32768,32767,-13477,5844,6552,-1864,1613,6733,-2535,3376828953
cowboy,-3256,-9304,4296,-931,-3038,6088,-31252,32767,7004,-32768,32767,12375,5464,6532,-2524,1506,8190,-2710,519707265
cowboy,-3748,-7808,3748,585,-2770,5811,-32768,32767,23560,-32768,32767,32767,5140,6720,-2964,1405,9408,-2693,2392024450
cowboy,-4620,-7508,3304,761,-2530,6007,-32768,15792,32600,-32768,25216,32767,4912,8020,-4600,1041,10524,-2392,1190135284
cowboy,-5472,-8796,3168,-459,-2314,6590,-27872,4636,32767,-14571,14225,32767,5492,9200,-5612,423,12066,-2179,1821734581
cowboy,-6400,-10636,3560,-2080,-2739,7132,-23488,-5664,32767,4394,9023,32767,4428,11748,-5152,286,13953,-1776,907872072
cowboy,-7836,-11296,4308,-3520,-3526,7376,-16460,-11616,32767,16455,1143,32767,5000,14732,-4712,957,16439,-1337,1274301606
cowboy,-9740,-12744,6524,-5724,-4012,7337,-16696,-18756,32767,9572,-6308,32767,5376,19000,-3872,2160,18678,-756,3645968949
cowboy,-12300,-15700,8804,-8074,-4470,6667,-12268,-27884,32767,3628,-18303,32767,5524,25040,-2808,2668,20155,440,1520167373
cowboy,-16104,-18192,11328,-11251,-5801,5655,-10360,-32768,32767,-4638,-32768,32767,7224,29036,-2680,3867,21588,1089,3185125314
cowboy,-20156,-17840,13928,-14645,-8775,6565,-4916,-32768,29208,-12314,-32768,32767,8472,32476,-3628,5020,23477,859,479577773
cowboy,-22380,-17484,17596,-15043,-11438,9230,3752,-32768,19992,-14146,-32768,30036,5772,32060,-3432,5618,25759,399,2216407229
cowboy,-23256,-15652,20668,-15590,-12891,11782,7200,-32768,9608,-15532,-32768,13721,2356,28332,-3392,5400,26487,816,684347005
cowboy,-22116,-15812,20652,-16998,-13556,13261,8096,-32768,-1376,-21322,-32768,-3079,1256,24412,-3720,5091,25965,1254,1835379123
cowboy,-18352,-16992,16712,-18170,-13532,13392,9196,-32768,-10740,-23646,-32768,-18715,-56,21388,-3292,4860,24872,1467,3405575801
cowboy,-14084,-14924,11184,-19223,-13380,13095,11036,-32768,-15200,-14395,-32768,-30373,2088,17904,-1820,4887,23698,1093,96947595
cowboy,-9892,-12836,7380,-20167,-12881,12761,6588,-20656,-19400,3096,-32768,-32768,1968,15620,-456,4892,22395,121,342720517
cowboy,-6812,-10328,5948,-21482,-12164,12220,5080,-10772,-21352,18563,-32768,-32768,1620,12792,-92,4412,21372,-810,2396892346
cowboy,-4412,-8672,5468,-22446,-11181,11652,-1632,-10704,-25356,32767,-32010,-32768,668,10300,252,4082,20437,-1574,1706960093
cowboy,-2560,-7040,5776,-22417,-10025,10785,-7800,-9444,-30720,32767,-25754,-32768,-128,7776,2236,3870,18853,-1819,2755209129
cowboy,-1696,-6860,6044,-20969,-8789,9857,-18196,-9008,-32768,32767,-24755,-32768,-260,6300,2084,3740,16598,-1400,602438653
cowboy,-1696,-7336,6524,-17903,-8046,8990,-24956,-6844,-32768,32767,-32280,-32768,464,4712,616,3528,15262,-952,2820216171
cowboy,-1472,-7420,7092,-13853,-7497,8456,-21564,-7108,-32768,32767,-32768,-32768,1184,3580,236,3526,14740,-888,3234711009
cowboy,-1604,-6944,7396,-10330,-7035,8099,-19000,4772,-32768,32767,-32768,-32768,1380,3100,252,3528,14467,-928,3085136501
cowboy,-1416,-7484,7020,-8603,-6605,7604,-10744,4692,-32768,-8672,-18545,-32768,1080,3800,140,3458,14090,-734,485622554
cowboy,-1484,-7104,5896,-8028,-6436,7218,-11184,2176,-32768,-24927,20489,-32768,740,5112,-40,2934,13156,-211,2974681708
cowboy,-2392,-6868,5600,-7604,-6127,6896,-17076,6468,-32768,-19135,32767,-32768,1232,6256,-264,2037,12150,169,1635787237
cowboy,-3536,-7652,5332,-6028,-5778,6907,-17196,11908,-32768,-12255,32767,-32768,3204,7424,-1120,1318,10751,-7,3275725515
cowboy,-5400,-9212,6968,-4260,-5266,7062,-20096,13468,-32768,-12813,32767,-32768,4680,11076,-2504,530,9940,-727,298824638
cowboy,-7276,-10972,8932,-2610,-5430,6889,-18200,19284,-30460,-20913,32767,-32768,5280,15088,-2708,377,9624,-1181,1269163713
cowboy,-9920,-11592,10344,-1991,-5843,7052,-17984,31884,-20828,-32768,32767,-32768,5768,19476,-1700,1302,10019,-1011,2252730903
cowboy,-12616,-11572,11048,-2651,-6276,7153,-18728,32767,-6256,-32631,32767,-27176,7140,23308,-1584,2024,10330,-512,1222570330
cowboy,-14656,-11984,11120,-5255,-6778,7375,-6408,32767,14596,-16538,32767,-16029,9680,25132,-4028,2252,11130,-47,659278274
cowboy,-16032,-15220,11912,-8159,-6895,7297,-10448,32767,-3552,-7446,32767,5468,12288,25784,-7756,2170,14072,-436,2577149040
cowboy,-17076,-17592,13896,-10804,-7236,7118,-32768,32767,10556,-4456,32767,29321,10356,25980,-8424,1627,18057,-752,3444235994
cowboy,-18828,-16940,16784,-12743,-8745,7180,-32768,32767,32767,-32768,20150,32767,8872,23656,-4500,2048,21079,-1009,365941336
cowboy,-20224,-14580,19020,-12579,-11575,7909,-24064,29364,32767,-32768,10760,32767,5676,22420,-4240,3303,22136,-396,3738385533
cowboy,-18328,-14588,19236,-9692,-13124,8682,-8600,-7876,32767,-31436,6353,32767,4272,21744,-5428,4888,22718,388,3713058351
cowboy,-15320,-16432,18048,-6624,-13959,8925,-13336,-10752,32767,-7498,-205,32767,4512,20848,-6644,5664,23140,314,1750884479
cowboy,-13272,-15076,15916,-4219,-14165,8697,-16200,-11904,32767,-2487,-16703,32767,3584,20292,-6008,6006,23622,-467,295638103
cowboy,-10824,-12028,13232,-5282,-12676,8731,-11448,-15380,32767,-24808,-32768,32767,2460,19240,-3696,5557,22835,-1006,4136660726
cowboy,-8608,-10776,10908,-7675,-11754,8768,-2676,-32768,25536,-23266,-32768,32767,1856,16304,-1928,5212,21753,-1211,1440105647
cowboy,-6256,-10416,7972,-9492,-10143,8731,5136,-32768,14848,1943,-32768,32758,700,14880,-2092,4249,20167,-1080,2274321682
cowboy,-4680,-9560,4752,-10588,-8240,8528,5812,-32768,10492,17031,-32768,19513,904,12972,-2384,2906,19241,-748,3699607110
cowboy,-3840,-7320,1712,-11789,-5287,8636,3072,-32768,5560,14216,-32768,10054,1140,10928,-1408,2246,18826,-699,2542438131
cowboy,-3768,-5744,1548,-15314,-2761,9089,1296,-32768,-836,6766,-32768,-214,1300,9564,-1348,2133,18033,-759,3291494620
cowboy,-3944,-6068,2488,-19328,-980,9474,-920,-32768,-8796,530,-32768,-11780,2976,8288,-2344,1807,18162,-1180,1324716912
cowboy,-4072,-7428,4916,-21202,-220,9742,-512,-30176,-15856,1506,-32768,-22394,2736,7724,-1664,1567,17795,-1823,509650733
cowboy,-5004,-7240,7864,-21970,-1491,9826,-312,-25624,-22560,3630,-32768,-31146,2184,7264,-176,760,16461,-2259,1358499139
cowboy,-5936,-9064,10056,-20721,-4449,10142,488,-17840,-29448,4227,-32768,-32768,-532,7696,1048,-525,14160,-2718,883070064
cowboy,-5464,-8988,11184,-16913,-6618,10442,-1888,-14520,-32768,8939,-32768,-32768,-2768,6008,5700,-722,10784,-2470,1221133233
cowboy,-4880,-8504,11984,-13541,-6968,10728,-2712,-9568,-32768,15800,-30795,-32768,-2412,6340,3528,1854,8063,-1649,4897822
cowboy,-4784,-8180,12096,-10253,-6478,10759,644,5952,-32768,9310,-17956,-32768,-1248,6744,-216,2827,6931,-1107,973049715
cowboy,-5164,-9520,12240,-5072,-5532,10619,-1356,16640,-32768,-940,3046,-32768,2588,8324,-1316,2957,5823,-797,3482326567
cowboy,-6448,-8940,13396,-651,-5346,10366,-3340,27312,-32768,-11068,23798,-32768,6220,12516,-2724,2016,6477,-878,694441705
cowboy,-9060,-9732,13928,1642,-7019,10629,-11160,32767,-32768,-25285,32767,-32768,6088,18536,-2840,1422,7764,-672,1069980910
cowboy,-11280,-10464,13048,3289,-8148,11056,-11340,32767,-29808,-32768,32767,-32768,6576,25048,-1016,3001,10091,-44,3457269553
cowboy,-14204,-12220,13372,2253,-8395,11159,-16240,32767,-6840,-32768,32767,-25976,5520,28344,-992,4664,10755,116,4216590251
cowboy,-17956,-13768,13880,-998,-8683,11024,-7412,32767,9380,-32768,32767,-8866,4160,30048,-2676,5085,11044,-252,3036964839
cowboy,-20884,-15588,14600,-2311,-8855,11024,-15760,32767,11652,-32768,32767,23646,1968,30840,-2532,4309,10322,-692,2494463169
cowboy,-22480,-16060,15220,-2052,-8545,10920,-26364,29056,32767,-32768,19363,32767,592,29424,-2108,3373,8970,-599,704832392
cowboy,-22152,-15984,14880,-2733,-7637,10969,-21980,14324,32767,-32768,21846,32767,2628,25832,-2604,2488,7942,-710,359480076
cowboy,-19552,-15180,14180,-4497,-6065,10502,-13680,-20216,32767,-11671,2999,32767,4020,22092,-1916,2392,8093,-651,3562395137
cowboy,-15688,-12960,12228,-7342,-4807,9541,-3948,-21752,32767,9196,-6468,32767,3468,20244,-2144,2681,9179,-209,1180865952
cowboy,-11824,-10028,9784,-10123,-4712,8547,-2392,-26688,32767,19521,-14045,32767,3272,16848,-2584,3243,11523,585,2928099652
cowboy,-8748,-6744,7524,-12193,-4673,7906,-4172,-32188,32767,25914,-25730,32767,3152,13744,-2240,3651,13725,1143,202100925
cowboy,-6528,-5316,5640,-13491,-4620,7522,-3528,-32768,29944,32442,-32768,32767,3180,9868,-1164,4204,15676,1076,3500723785
cowboy,-4724,-5452,4268,-14168,-4500,7183,-4280,-32768,20444,32767,-32768,32767,2388,7020,-712,4519,16515,359,3473012439
cowboy,-2460,-5800,3028,-15019,-4333,6707,-6400,-32768,11752,32735,-32768,21126,1340,5492,-908,4627,16887,-417,2953191187
cowboy,-1008,-5644,2440,-15780,-4023,6052,-6680,-31692,3688,28923,-32768,9855,-512,4568,-1212,4268,16571,-599,3787404454
cowboy,-288,-5120,3212,-15736,-3862,5425,-1888,-30636,-4700,28348,-32768,492,-1360,3264,-944,3411,15783,-492,593829698
cowboy,-184,-4652,3992,-14923,-4340,4864,-2796,-26572,-7884,26382,-32768,-6274,-1332,2360,-764,2705,14734,-140,1594997941
cowboy,-268,-5276,4644,-11931,-4805,4658,-1464,-22660,-11088,13934,-32768,-9200,-1716,2312,-764,1660,13392,136,50225412
cowboy,-872,-6332,4956,-8928,-5305,4478,788,-21292,-15708,-4950,-32768,-13888,-1196,2720,-436,742,12331,574,578992543
cowboy,-2528,-6632,5472,-7554,-5882,4511,3828,-20944,-24092,-22801,-32768,-20587,16,4128,68,123,11161,921,2471381905
cowboy,-5404,-7000,7280,-6400,-5653,4978,4980,-20696,-32768,-23860,-32768,-31307,988,6296,-188,-513,9431,1310,1993025206
cowboy,-8660,-8240,9468,-5734,-4803,5769,6356,-21216,-32768,-8453,-31467,-32768,2696,10312,-932,-1489,7700,1570,2552437641
cowboy,-12008,-9484,11860,-6067,-4195,6381,4136,-14552,-32768,10383,-1400,-32768,5644,16292,-1040,-2059,6475,1641,2695121158
cowboy,-13940,-11136,13872,-6593,-4349,6359,-5304,-3756,-32768,16808,21723,-32768,6352,25872,1420,-370,6482,1169,3666216875
cowboy,-14996,-12644,16240,-5678,-4564,5706,-13440,13724,-32768,7171,32767,-32768,4224,32480,3040,1776,6253,993,4041383578
cowboy,-16792,-13764,17832,-4867,-4495,5166,-10816,20892,-32768,-10494,32767,-32768,5280,32767,-8,755,5310,928,336777107
cowboy,-18120,-15116,18324,-3998,-4206,4908,-10004,29264,-30980,-32768,32767,-32768,7872,29360,-800,7,5005,586,1889893228
cowboy,-19516,-15408,19684,-4517,-3934,4833,-5464,32767,-14200,-32768,32767,-32768,8804,24128,580,609,5567,-227,545590188
cowboy,-20336,-14332,20708,-4878,-4211,5022,-9164,32767,100,-32768,32767,-17559,9964,21536,-304,1887,5886,-924,1877971838
cowboy,-19528,-12468,20736,-3513,-4043,5638,-4260,32767,16444,-32768,32767,-1769,9636,20760,-2272,3418,5984,-1555,2201524506
cowboy,-16552,-13188,18888,-992,-3352,5940,-7176,32767,-4112,-32768,32767,23262,9784,20040,-5368,3587,7888,-2030,2167178138
cowboy,-14352,-12832,15656,1515,-3382,6115,-32768,19144,32767,-13350,32767,32767,8848,18156,-5032,3883,10375,-2514,3849342488
cowboy,-12012,-11092,12132,3046,-3537,6314,-26836,19888,32767,-15337,21710,32767,8312,16156,-3564,3829,11621,-2997,204360992
cowboy,-10248,-8600,8940,2719,-3558,6985,-22056,14760,32767,-5793,17844,32767,7192,14216,-3300,4235,12510,-3579,3703558936
cowboy,-8940,-7332,6232,555,-3222,7813,-8632,4304,32767,3713,9213,32767,4872,13432,-3572,4783,13445,-3546,2300865319
cowboy,-6968,-7396,3920,-2862,-2788,8538,-7400,-5960,32767,5999,3136,32767,3356,11532,-4096,4519,14254,-3066,2198239651
cowboy,-4996,-8136,2096,-6475,-2317,8730,-12044,-6852,32767,4430,-5778,32767,2584,10168,-3440,3362,14840,-2213,702012865
cowboy,-3728,-7864,1100,-10052,-2329,8593,-11796,-18456,31132,6275,-18569,32767,2040,8312,-1884,2284,14643,-1665,3886741781
cowboy,-2932,-8220,1164,-13059,-2660,8350,-12312,-19760,22772,4814,-32768,32767,1464,6988,-1904,1784,14542,-1260,43519122
cowboy,-2728,-7408,2172,-15156,-3347,8160,-10432,-27148,18540,1758,-32768,32767,992,5916,-1952,1549,14813,-842,1286455972
cowboy,-2572,-6264,3120,-16377,-4013,8265,-6468,-31648,13008,-4362,-32768,32767,864,5400,-2068,1086,15162,-546,1320071441
cowboy,-2640,-6156,4316,-16979,-4697,8510,-1748,-32768,6820,-8840,-32768,21180,296,4912,-1404,213,14911,-372,3632423181
cowboy,-3228,-5984,5656,-16694,-5321,8761,3600,-32768,956,-17771,-32768,6957,96,4076,-644,-341,14496,-393,2030046461
cowboy,-4036,-6380,7248,-15359,-6069,9117,5432,-32768,-12572,-24343,-32768,-5023,28,4804,-296,-250,14061,-521,2458937921
cowboy,-4936,-6668,9160,-14061,-6838,9431,1216,-30596,-14364,-18791,-32768,-15298,524,6696,-528,-153,13544,-325,1841166900
cowboy,-5860,-8748,11056,-13096,-7119,9938,5744,-27064,-23076,-6830,-32768,-25517,-280,11076,-1236,-168,12300,427,719838860
cowboy,-6968,-10428,12968,-11858,-6693,9942,8084,-28116,-23096,2987,-32768,-32768,932,15792,-1132,-54,11097,1579,2787004686
cowboy,-9648,-11700,16132,-11048,-6339,9330,6988,-23164,-32768,21765,-32768,-32768,1924,22876,3504,1817,9282,3122,1290791523
cowboy,-12964,-12676,18932,-10960,-7240,8380,8148,-20084,-32768,32767,-16564,-32768,7328,25932,4016,5064,8468,3593,4168016286
cowboy,-14956,-14816,21184,-10004,-8208,7239,4140,-8764,-32768,32767,-4110,-32768,11604,24780,-224,6924,7924,2882,2078451331
cowboy,-16072,-14456,21228,-7473,-8544,6082,3348,4280,-32768,32767,-3847,-32768,13360,25364,-4444,7528,9851,2145,3233394785
cowboy,-17728,-13536,20628,-6514,-8710,5776,8316,12752,-32768,25115,-2398,-32768,13036,25104,-4728,6854,13070,2232,1992850382
cowboy,-18304,-14960,19172,-5891,-8734,5802,10592,15424,-32768,2200,5781,-32768,11892,24856,-4408,7502,16239,2271,482108328
cowboy,-18108,-14664,16440,-4382,-8492,6310,9180,20184,-32768,-16063,15509,-32768,11800,24220,-4540,7845,19367,1628,1555642185
cowboy,-17236,-13208,14428,-3973,-7671,7420,4724,26132,-32768,-30947,25759,-32768,9524,22212,-4720,7626,20986,146,1501418039
cowboy,-15536,-12500,13148,-4948,-6474,8801,1604,29824,-32632,-32768,32767,-32059,5648,20380,-4008,6813,20525,-1129,1114665602
cowboy,-13296,-12168,12040,-5446,-5210,9825,-2176,31492,-21136,-32768,32767,-25009,3160,17836,-3388,6004,18607,-2061,855232417
cowboy,-11236,-11228,11016,-5971,-4772,10577,-3212,32767,-9988,-32768,32767,-15079,2192,14772,-2856,5572,16172,-2712,1765553481
cowboy,-9648,-10168,9364,-5679,-4930,11317,-10100,32767,-828,-32768,32767,-3843,2248,12052,-2548,5478,13913,-3326,421689058
cowboy,-8104,-8100,7288,-4667,-4836,12404,-12460,32767,7720,-32768,32767,6199,2812,10004,-2484,5267,12297,-3727,3365710974
cowboy,-6788,-6636,5964,-4217,-4260,13378,-22128,32767,13900,-32768,32767,24297,2804,8680,-2192,5130,11773,-3992,2691913898
cowboy,-5480,-6088,4852,-5494,-3379,14046,-32768,25608,16484,-32768,30813,32767,3756,7116,-3308,4792,12778,-4037,2181909695
cowboy,-4488,-6808,3424,-7409,-2994,14297,-32768,12356,32767,-32768,-4812,32767,4612,6024,-3236,4520,14318,-4080,309186358
cowboy,-3648,-7244,2584,-9322,-3013,14150,-32768,860,28036,-17102,-13733,32767,4440,5220,-3352,4969,15871,-4181,2922003522
cowboy,-2444,-7560,1220,-10726,-3156,13677,-22876,-11128,26792,5049,-14183,32767,5140,5572,-4112,4486,17076,-4088,3842558139
cowboy,-1688,-7352,740,-11812,-3640,13168,-19220,-18020,24516,15804,-12254,32767,4668,4204,-3932,4241,18907,-3921,4081668939
cowboy,-792,-7896,328,-12916,-3467,12812,-19112,-19520,23120,20131,-12438,32767,4068,2972,-4292,3739,19478,-3876,3826495070
cowboy,-624,-7344,492,-14539,-3033,12476,-24996,-25924,22112,11582,-27747,32767,2104,3088,-4996,2780,19705,-3733,1054076341
cowboy,-992,-7356,1676,-15461,-2752,12074,-15280,-32768,19248,967,-32768,32767,1292,2612,-5804,1745,20616,-3502,3375944868
cowboy,-1484,-7132,3696,-16160,-2765,11656,-15480,-32768,12264,-1528,-32768,32767,-1380,4296,-6476,898,21681,-3001,4238198256
cowboy,-2412,-9128,5796,-16672,-2801,11061,-8320,-32768,6668,-1368,-32768,28062,-3124,6156,-7248,-394,22242,-1896,222923001
cowboy,-4532,-10532,8660,-16444,-2865,10062,-8692,-32768,104,-10102,-32768,7790,-4228,10596,-9236,-2449,21791,-782,1716088853
cowboy,-7356,-11992,12472,-15832,-2528,9162,-3664,-32768,-8072,-20668,-32768,-7192,-1976,20676,-11592,-5228,21360,263,2809899087
cowboy,-11348,-10668,16952,-16617,-2561,8525,664,-32768,-17432,-17050,-32768,-18992,1096,32767,-3004,-4680,22584,512,1364151101
cowboy,-19256,-3732,20620,-18996,-3587,8409,620,-32768,-22816,1930,-32768,-31273,-4220,32767,15024,2337,23383,-311,2010725606
cowboy,-30088,-3244,26000,-22618,-7172,9378,5280,-32768,-26172,14828,-32768,-32768,-804,32767,9580,4101,10857,-1258,199598548
cowboy,-31336,-13708,29200,-21228,-10403,11624,7740,-32768,-32076,23412,-32768,-32768,3796,31560,-3824,5328,12615,-2082,263782582
cowboy,-32768,-17052,27244,-13779,-9760,13923,7164,-28004,-32768,24890,-30974,-32768,848,23348,-3396,3142,10290,-2312,2847775654
cowboy,-30288,-16084,24552,-9961,-8795,15078,5304,-17012,-32768,31770,-27064,-32768,432,25244,-492,3938,6986,-2331,1978999660
cowboy,-22756,-13712,19380,-10292,-8002,14128,-2464,-7576,-32768,32767,-24696,-32768,3272,23380,-244,4309,4858,-2381,567414859
cowboy,-15396,-10036,13972,-11326,-7298,12308,-8572,4380,-32768,32767,-17791,-32768,5192,19600,376,4016,3013,-2358,2964500796
cowboy,-7988,-5892,9644,-11349,-5957,10447,-10752,16400,-32768,27138,-3243,-32768,7848,15764,144,3588,2169,-2228,1533156257
cowboy,-3844,-5056,7520,-12734,-4598,8696,-14888,28344,-32768,1710,20482,-32768,8036,13256,-1692,3745,3751,-2063,1880019818
cowboy,-1984,-5188,6820,-13360,-3245,7344,-21120,32767,-32768,-22680,32767,-32768,7876,10724,-1972,4505,6343,-1711,916594511
cowboy,-788,-8116,6372,-13361,-1745,6979,-22744,32767,-32768,-32768,32767,-32768,7024,9512,-4108,5116,8942,-1344,2413638199
cowboy,-752,-11668,5468,-10685,-402,6836,-22036,32767,-20316,-32768,32767,-23135,5564,9032,-5356,4184,10998,-1358,3261372314
cowboy,-1660,-14072,5392,-9749,259,6300,-18480,32767,-6576,-32768,32767,-8292,3152,9856,-4508,2773,11833,-1053,2184526130
cowboy,-1696,-13924,5748,-8161,79,4572,-17972,32767,7640,-32768,32767,1629,1644,9740,-2976,769,10910,-341,3209854868
cowboy,-3264,-14100,7400,-6418,-2154,2583,-27880,29840,6428,-32768,32767,14982,2448,7784,-2676,-725,9473,-165,3428064495
cowboy,-3896,-10568,7148,-2235,-3958,1952,-32768,15516,9332,-32768,32767,32767,2540,6716,-3292,-1430,8994,-299,51754175
cowboy,-3952,-5604,5128,215,-4467,2234,-32768,11720,17796,-32768,32767,32767,1932,5484,-2544,-1213,9485,-191,271438347
cowboy,-4104,-3068,3068,382,-5200,3196,-32768,4412,24776,-25247,18137,32767,996,5540,-2176,-591,10689,509,841110464
cowboy,-3028,-3240,1672,-1245,-4943,4160,-31556,-3460,29536,-9858,5784,32767,2192,2964,-2264,395,12031,815,2489979737
cowboy,-2372,-4100,284,-1961,-4047,4730,-25008,-12596,25920,-2030,-6183,32767,2832,2248,-3124,263,12674,675,3522067120
cowboy,-2872,-3328,68,-3272,-3189,4907,-23248,-15608,28100,7190,-14221,32767,3524,1988,-4732,-854,13070,234,339509113
cowboy,-3960,-4544,1484,-4540,-1803,4858,-24528,-20820,29672,14562,-23718,32767,3436,2820,-6388,-2777,13260,-79,1736700621
cowboy,-5412,-7020,3968,-6760,-14,4931,-18088,-23676,28300,14482,-32768,32767,1424,7188,-8436,-4969,12999,-17,277485332
cowboy,-8344,-10212,9108,-10947,50,4452,-14724,-32712,28716,2635,-32768,32767,1064,14644,-9012,-6707,14075,797,1377974519
cowboy,-13028,-13256,16548,-12637,-1282,3651,-7712,-32768,24552,-13632,-32768,32767,4832,26176,-5028,-5615,16186,1976,857889771
cowboy,-18120,-12876,21584,-13564,-4498,3497,-3768,-32768,17860,-23508,-32768,32767,5840,32767,4712,1042,19652,2879,3465397181
cowboy,-21464,-13440,22468,-10702,-7429,4712,4,-32768,7740,-16483,-32768,17919,7632,32740,8660,1040,17389,2547,3488652901
cowboy,-23116,-12000,21648,-8485,-8568,6278,-692,-32768,-3172,-7659,-32768,2024,13428,26800,10228,-15,14664,835,2388456801
cowboy,-23832,-10684,21004,-9597,-8830,8357,6284,-32768,-9520,-934,-32768,-8292,10452,24156,3748,3342,17961,-405,1464815072
cowboy,-22664,-11800,19920,-12732,-8103,10411,6108,-32768,-13604,25,-32768,-19151,6580,24468,-96,4309,19310,-703,985161941
cowboy,-20104,-14172,19256,-13752,-7079,11669,4716,-32768,-20780,4805,-32768,-31898,3992,24784,-224,4431,18270,-586,1248568544
cowboy,-17572,-14732,18012,-13724,-6772,11739,4972,-32348,-31004,16317,-32768,-32768,1388,23652,2652,4237,15282,-559,2300599737
cowboy,-14192,-14364,16324,-12317,-6808,11206,6332,-26476,-32768,32767,-32768,-32768,404,19760,2064,4718,12273,-811,2532177816
cowboy,-11480,-12924,15052,-9923,-7017,10495,-2348,-20604,-32768,32767,-32768,-32768,2396,15716,436,5075,10687,-1075,3321125479
cowboy,-8740,-10488,13100,-8042,-7069,9770,-7556,-15012,-32768,32767,-32768,-32768,3444,12264,144,5408,10504,-1492,598795225
cowboy,-6324,-8188,10100,-6309,-6741,9365,-15756,-3096,-32768,32767,-26969,-32768,4040,10088,420,5942,11258,-1332,2092304243
cowboy,-4720,-6520,7092,-5188,-6211,8989,-20232,14728,-32768,13587,-7063,-32768,3784,7448,692,6520,12465,-866,2119646816
cowboy,-3400,-5820,4048,-4272,-5465,8730,-26744,25836,-32768,-20440,15801,-32768,3324,5792,200,7292,14373,-56,1982210558
cowboy,-2356,-5440,1700,-4410,-4727,8413,-32768,31024,-32768,-32768,32767,-32768,2848,4364,-204,7717,15591,559,2594033663
cowboy,-1820,-6352,-860,-5085,-3845,8156,-32768,32767,-32768,-32768,32767,-32768,2728,3384,-700,7759,15913,787,910270977
cowboy,-1668,-6416,-2200,-6175,-3208,7803,-32768,32767,-20692,-32768,32767,-16440,3300,3276,-2300,6859,15328,412,2904217626
cowboy,-1688,-6880,-2672,-7233,-2935,7704,-27744,32767,-676,-32768,32767,375,3148,3320,-3332,5491,14146,-209,1040945764
cowboy,-2524,-6740,-2112,-7042,-2534,7907,-22756,32767,6416,-32768,32767,15725,3112,3624,-4388,4092,13086,-1000,1709512149
cowboy,-3652,-5768,-788,-7589,-2207,8547,-32768,32767,-4160,-32768,32767,32767,3240,3624,-4448,3265,12838,-2092,4036881369
cowboy,-5676,-6792,1632,-7859,-1474,9516,-32768,16804,8488,-32768,32767,32767,2264,5120,-4372,3284,13145,-2544,1860057356
cowboy,-7060,-7576,3460,-8576,-901,10950,-32768,7232,26728,-32768,30518,32767,2416,8016,-5580,2600,14175,-2038,431329451
cowboy,-9000,-10460,6204,-8807,-755,11736,-32768,-10284,32767,-13737,13326,32767,2800,13100,-7748,1540,16435,-1337,2797924828
cowboy,-12272,-12016,9296,-9470,-1746,12421,-22488,-27328,32767,38,-2387,32767,3568,20532,-7832,-15,19613,-143,1918985332
cowboy,-17024,-11624,12636,-12102,-3654,13250,-17224,-32768,32767,7371,-14977,32767,6076,32767,-4048,2030,25637,744,2341314920
cowboy,-25152,-11284,17792,-17695,-5855,13706,-11536,-32768,32767,7234,-25361,32767,4964,32767,524,5657,29644,-690,828720223
cowboy,-31772,-10968,20260,-21977,-8068,15839,-12372,-32768,32767,12043,-32768,32767,48,32767,2584,5860,27726,-2845,1307069757
cowboy,-32768,-12996,22444,-22430,-10418,18445,-11276,-32768,32767,19582,-32768,32767,-1484,32064,688,6894,23609,-2649,2842221579
