crab,-456,-4788,19328,-9112,-16465,-4247,-828,-9724,23952,17930,-20587,3128,2112,16416,-800,-2376,582,-431,3799762927
crab,-1024,-3644,18444,-3656,-12822,-3350,800,-9240,22288,21373,-21533,1920,1764,15872,-480,-2268,71,-374,2689553516
crab,416,-3224,17592,-2662,-12556,-1367,2128,-7648,22452,22089,-21337,870,1648,15304,-12,-1696,359,-618,3184831455
crab,488,-2844,17348,-3439,-11742,408,4400,-6500,21820,19524,-19962,-284,1332,15228,-196,-1503,454,-694,3509783260
crab,3844,-5736,17496,-5038,-10655,1463,5256,-7020,21424,16488,-18827,-1245,1988,15356,308,-1243,508,-936,3045621906
crab,5724,-6644,19564,-4211,-10078,2996,7324,-6416,20764,13786,-18312,-2072,2292,14260,724,-1050,13,-865,771218692
crab,7956,-6820,19236,-1812,-8459,2559,8408,-6764,19184,10460,-18209,-3139,2112,14144,1212,-684,142,-517,923890361
crab,8392,-6364,18840,-883,-8888,1870,8636,-6400,18020,8231,-17030,-4201,2424,13904,712,-114,872,-135,2579358697
crab,10128,-7820,17796,1393,-9095,678,9224,-6280,17744,8409,-15647,-4941,2864,14060,428,139,1650,-129,1834470713
crab,10008,-8108,19116,1741,-9834,-1185,9784,-4312,17184,6826,-15986,-6086,1756,14432,312,219,1459,96,2665106985
crab,9428,-6400,19768,2720,-11995,-2298,10128,-1916,16488,7239,-17069,-7298,1304,15040,652,320,1301,505,2568940443
crab,9780,-5644,19044,4030,-13743,-2539,10080,1176,15416,9421,-17801,-7650,1568,15616,564,533,1472,664,3033336323
crab,10184,-4940,16320,3322,-15011,-2648,10532,2800,14896,11395,-17597,-7560,1368,15640,136,376,1299,625,3989879438
crab,10064,-4956,14776,538,-15849,-2808,10960,2892,14596,12092,-17279,-7374,1672,15056,396,449,1139,637,3748914240
crab,10428,-5360,14500,-349,-16147,-2795,10840,2788,14196,12677,-17504,-7125,1612,14884,532,595,980,641,3384347751
crab,9076,-3768,14716,-1792,-16860,-2444,10900,3832,13024,12405,-18137,-6405,1660,15052,948,714,566,757,1157703587
crab,9188,-4484,14056,-3141,-17345,-2142,11128,3980,12712,11604,-18095,-5465,1448,14736,180,845,328,855,56219424
crab,8108,-4464,14712,-3436,-17769,-1386,11460,4052,13620,7614,-17366,-4751,1904,14548,-144,1068,417,753,928009713
crab,7604,-5644,15448,-4125,-18304,-2261,11652,3316,13976,1972,-17021,-4257,1452,14384,132,1168,387,599,631056723
crab,8748,-7488,15220,-2496,-18732,-2308,11724,2876,13304,-2390,-17563,-3799,1816,14812,620,1229,133,587,660412625
crab,8900,-7876,15668,-328,-19323,-2880,12120,3268,12968,-4867,-18491,-3514,1620,15048,648,1350,-202,624,3872900530
crab,9060,-8048,15984,2659,-19950,-3077,12336,4252,13844,-7382,-18849,-3828,1700,15020,-396,1529,-71,603,565507281
crab,8932,-6752,16500,7080,-19930,-3263,12736,4620,13768,-7439,-18875,-4138,1740,14928,-60,1558,-85,597,656332495
crab,8692,-6232,17244,10941,-20114,-3049,12716,5504,13868,-7548,-19342,-4205,2344,14716,-156,1701,-120,445,2903745630
crab,8648,-6232,17196,17581,-20850,-2126,12596,7020,13744,-8449,-20397,-4212,1776,15172,-944,1724,-58,374,715040141
crab,9284,-5460,15548,23471,-21268,-514,12460,7784,12876,-9664,-21382,-4056,2600,15336,-520,1833,62,349,949511743
crab,9588,-5400,14340,27620,-21246,1757,12612,8580,12416,-10509,-21897,-3643,2868,15412,-856,1792,66,265,601124856
crab,10000,-5668,14468,31789,-20501,4512,12692,8792,10968,-9838,-22880,-3140,3048,15480,-1500,1552,-38,252,3289254626
crab,10104,-6664,13672,32767,-20222,7474,13008,11052,8372,-10380,-23852,-2451,3112,15632,-1124,1261,-117,-6,1411080993
crab,11428,-8924,12516,32767,-20470,10290,13276,12388,5056,-5450,-25266,-1456,2644,16324,-2004,489,-761,-166,2985290493
crab,14384,-10516,9132,32767,-21255,12453,14272,12764,2576,1146,-26249,-727,2008,16556,-3112,-380,-1271,-370,3893221545
crab,17788,-12624,5516,30191,-22270,13794,13736,14680,380,1933,-26298,-499,1092,16880,-3500,-1374,-1825,-449,776005357
crab,18816,-15220,1924,22717,-22712,14472,13176,13356,-3700,-2839,-25237,-205,520,17328,-2408,-2190,-2559,-277,1027388375
crab,18096,-18164,-2856,18158,-22315,14695,12460,14288,-8748,-8617,-23382,1000,1044,17548,-1800,-2500,-3112,-32,2848596613
crab,17000,-19844,-9284,19838,-21373,14282,11744,15160,-13236,-13239,-20618,2328,1132,16864,-1236,-2354,-3236,167,3003238040
crab,15348,-20156,-16364,22478,-19992,13103,11776,15156,-17224,-16176,-16993,3336,2512,15688,-520,-2052,-3126,70,1315704766
crab,12692,-21776,-22972,21586,-17189,11478,11400,14368,-20072,-17119,-13200,4068,3180,14412,68,-1569,-2525,-208,39596860
crab,10380,-24564,-27164,19470,-11254,9535,10880,13456,-21576,-14908,-9793,4468,2840,14220,620,-1101,-1990,-446,171798900
crab,9600,-24952,-29208,19455,-3582,7804,9964,13624,-22284,-12555,-6054,4778,2340,14492,8,-776,-1405,-409,263111185
crab,10348,-23148,-28976,18408,3646,5209,9744,13584,-22824,-11176,-1622,5430,1916,14740,264,-773,-1011,-279,860636729
crab,10924,-21136,-26688,18909,9613,1727,10620,13676,-22924,-11025,3801,6782,2420,14532,652,-703,-1081,-218,2174939153
crab,11156,-19424,-22108,21893,13755,-1178,11336,12256,-21352,-12153,9986,8380,3096,13852,968,-337,-1135,-466,3600103320
crab,12480,-17156,-18784,23083,15125,-3226,11440,10668,-19356,-12718,16244,10000,3704,13908,564,-276,-637,-816,3345085886
crab,15332,-14380,-18608,22351,16562,-4595,12076,10000,-17680,-12932,21756,11032,3428,14448,1160,-229,-568,-882,623876859
crab,17804,-12224,-18668,20780,19218,-5895,14420,8148,-16088,-12722,26782,11905,2828,14676,1988,-201,-81,-564,1024985716
crab,18116,-11200,-15528,17862,21685,-7511,15156,7068,-12604,-9344,27466,11898,2768,15020,1496,-127,224,-176,659627370
crab,17736,-10308,-13356,14150,23372,-9326,16496,8052,-13708,-4863,25992,12345,2964,14888,1040,-142,684,59,2902654621
crab,18196,-8864,-13636,11453,25589,-10119,17192,8096,-13492,-2452,26417,13276,3056,14944,684,-104,1017,80,213762433
crab,17536,-9304,-14380,12444,28641,-11325,15884,7992,-10116,-1546,26689,14777,2916,14964,968,113,1182,-74,4039008754
crab,15556,-9600,-10024,13371,31138,-12833,16232,6532,-6708,-167,26490,15751,2776,15252,820,459,1358,-160,2798951170
crab,13448,-9040,-5072,12419,32534,-14391,16480,5404,-6200,1087,27005,16214,2576,15260,348,549,1429,-313,371431400
crab,12556,-8304,-3380,9442,32767,-15216,15744,4904,-8216,2723,28456,17131,2268,15004,32,611,1702,-427,1279479891
crab,11132,-8276,-1960,7115,32767,-15891,13708,5004,-8492,3757,30236,18567,2328,14700,72,651,1831,-457,433547368
crab,7444,-12296,-2568,11964,32767,-16289,11312,4364,-5800,5571,31959,20049,2448,13816,-124,627,2108,-530,2405380085
crab,4860,-8656,-1048,14536,32767,-21132,8636,2648,-1204,9777,32767,21026,2312,14628,704,1064,2073,-420,1644750081
crab,3548,-8480,628,14003,32767,-23164,7536,2092,3152,14747,32767,21402,2172,15220,64,1383,2101,-464,2981723736
crab,980,-6216,5792,10891,32767,-24666,6948,2904,3916,18418,32767,21280,1892,15004,172,1568,1954,-505,2410695210
crab,868,-7448,7032,8617,32767,-26156,6008,3924,2456,20116,32767,20652,1868,15456,-56,1623,1680,-549,3696013522
crab,-1108,-7316,8132,10218,32767,-27219,4484,6528,2428,19566,32767,20709,1172,15212,68,1583,1435,-492,2451279548
crab,-2756,-8216,7876,13976,32454,-26989,2836,6880,8008,19240,32767,20871,1888,15232,-184,1595,1429,-518,2973138675
crab,-5080,-5280,9948,16944,30282,-28728,1752,6172,15008,20352,30103,20611,1860,15496,-628,1486,1310,-514,3143806501
crab,-4444,-3304,11828,18548,27038,-30758,1736,7092,16980,21284,26987,20391,1568,15748,-1224,1270,1226,-513,3997128038
crab,-5548,-324,16336,18788,22583,-30343,2608,7992,16140,21541,24439,20295,1456,15700,-1904,986,1193,-516,2366838889
crab,-5620,1648,18148,17868,16611,-28188,468,12372,19640,17047,21417,20574,1536,15656,-1428,640,774,-509,678377799
crab,-5060,3904,16172,14732,12026,-25756,-16,13072,24148,9950,16520,20353,1300,15892,-2196,444,804,-540,985391502
crab,-4512,4516,15624,10855,8113,-23182,248,7788,26284,8008,10838,19623,1548,15924,-2492,-32,826,-399,3762163192
crab,-7224,5580,20400,9787,4116,-20661,428,4896,27216,10794,7054,19873,1308,15416,-1716,-343,650,-166,1758315996
crab,-7116,6236,24056,9879,-605,-17891,-592,6484,28104,11060,2656,19995,1512,14916,-1484,-833,412,-103,1251277263
crab,-7848,8148,24116,7487,-5717,-14375,-660,5808,28036,9304,-2564,19378,1336,15120,-2140,-1514,486,-79,741342006
crab,-7564,9792,22456,3798,-10362,-10422,728,4264,26452,8926,-7932,17473,1048,15968,-2036,-1907,552,-59,2296331586
crab,-6704,11136,20836,-918,-13832,-6528,1880,3156,26964,8875,-12198,15029,1028,16136,-1204,-2211,176,25,1568352412
crab,-6612,10984,21820,-5007,-16183,-3437,2228,1080,27076,9451,-15655,13061,1560,15768,-932,-2381,-301,225,1107049912
crab,-7324,10532,23452,-7894,-18657,-1088,1748,-2076,27300,12380,-18568,11962,1896,15192,-536,-2784,-465,114,1981775004
crab,-5712,9068,22848,-11345,-20721,494,3300,240,25896,13847,-20836,10714,2376,15196,-356,-2715,-216,-21,3450566578
crab,-3936,7692,22100,-13567,-20966,813,5012,1284,22680,12895,-22284,9522,2332,15868,-272,-2910,191,-49,1835917253
crab,-3836,7380,21988,-13572,-20061,879,6100,2156,19364,11342,-22399,7337,1564,16456,436,-2472,211,265,32282335
crab,-3032,8328,21612,-12870,-18712,1188,6900,1720,17364,11420,-21754,4982,1412,15736,636,-2353,280,514,1713614116
crab,-2760,7680,21544,-12585,-18339,1972,10532,956,15808,10560,-19919,3035,1012,15840,336,-2017,175,830,914889461
crab,-2172,4020,22388,-11758,-17106,1926,10532,-5168,14060,8549,-20510,3583,1168,14952,1212,-1411,64,592,4187379562
crab,-2028,4044,20816,-12489,-16428,1690,9204,2244,15512,2938,-15658,-1420,552,14920,1220,-1021,-861,462,3786386717
crab,-1024,3596,20248,-13710,-15296,592,10508,812,14732,-1081,-14017,-3403,1176,14648,2096,-554,-1182,296,2588722606
crab,-848,3908,20116,-13139,-14610,-751,10444,2016,13560,-2237,-11207,-3734,1452,14636,1512,-287,-1878,247,488596235
crab,-1572,6812,22196,-11884,-14474,-1750,9316,3592,14612,-3271,-8215,-4646,1712,14544,1216,-227,-2284,211,889816338
crab,-96,5948,19248,-10348,-14504,-2505,10220,6340,13564,-2919,-5326,-5824,2044,14108,1064,54,-2477,-65,623070450
crab,960,6588,17224,-6278,-12625,-2446,10304,9320,13372,-4724,-3762,-5995,1812,13916,1188,267,-2753,-270,1728900631
crab,1176,6584,16916,-3211,-11402,-1240,10592,7292,14316,-4286,-3623,-5071,1412,14296,672,580,-2632,-183,2082212920
crab,3284,6940,15312,-2481,-10726,537,10652,5440,14988,-352,-3719,-2855,1800,14804,532,804,-2427,-2,2696574513
crab,4916,5584,15220,-5074,-10723,2358,11332,6992,15120,-2308,-4340,-1413,2352,15000,500,930,-2194,-18,2065259901
crab,5992,3388,15608,-8319,-10974,3467,12464,6524,14812,-6047,-5129,-589,2772,15060,144,816,-1996,10,2774969009
crab,5872,2580,15172,-11667,-11749,4860,13048,6604,13848,-8748,-6135,-64,2576,15384,76,815,-1571,33,2638324026
crab,6972,-80,13588,-12770,-12582,5956,13804,6092,13116,-8876,-7238,84,2304,15804,-260,738,-1150,131,3658594536
crab,8084,-1272,12800,-13192,-13024,6118,15312,4672,12256,-6858,-8604,640,1988,15552,44,648,-1086,251,3934584208
crab,7572,-1988,13976,-14829,-14295,6162,15556,4384,13496,-3008,-9684,1232,1856,15524,44,565,-934,305,988736240
crab,7948,-3648,13972,-16610,-16075,6176,15432,4684,14660,-3776,-10152,1312,2236,15504,36,506,-851,387,839127249
crab,8912,-3836,13620,-18555,-17784,6173,15104,4728,14676,-5360,-11407,1241,2112,15544,20,539,-755,505,2054336677
crab,9320,-4220,13652,-20199,-19948,6104,14864,4724,14520,-6201,-13452,1345,2264,15600,48,441,-651,647,2984176913
crab,9284,-3776,15784,-18271,-22542,6089,14312,4208,15120,-6896,-15342,1619,2152,15508,340,355,-632,741,279911199
crab,8660,-2448,19160,-15788,-24760,6989,13744,2788,15284,-6502,-16629,1824,2152,15236,456,409,-750,682,3930338063
crab,7796,-2984,19832,-11986,-26461,8326,13828,2352,14688,-6525,-17774,1649,2480,14940,204,550,-907,569,3500885525
crab,8048,-5024,18528,-9602,-28673,8830,13380,2752,14152,-7096,-19310,1251,2164,14856,280,609,-860,443,2241993616
crab,7816,-5808,18328,-11046,-31433,8093,13036,1548,15048,-9638,-20582,882,1924,14676,1212,712,-1337,389,2163450817
crab,7440,-6024,19236,-12216,-32768,7261,12580,796,15724,-13301,-21454,240,1796,14380,404,944,-1703,367,4023296042
crab,7288,-8232,18636,-11469,-32768,6379,12360,120,16940,-17378,-21272,-546,1736,14044,608,1354,-1801,300,211667496
crab,7480,-9444,16604,-12169,-32768,4518,11932,-396,16664,-19417,-21021,-2134,2084,14008,-232,1700,-1684,334,757477319
crab,7308,-10604,14308,-11117,-32768,1920,12056,1560,15464,-19027,-21266,-3564,1896,14304,208,1829,-1396,306,1730614219
crab,7392,-10156,13100,-7811,-32281,-214,12144,1748,15668,-18920,-21459,-4633,2168,14700,592,2162,-1367,288,1582859111
crab,7540,-11248,12504,834,-30490,-2034,12440,2696,14848,-19017,-21575,-5534,2544,15044,-1368,2179,-929,215,3153064488
crab,7892,-12292,10420,9613,-28914,-3374,12344,4020,13672,-21086,-21419,-6276,2584,15256,-1336,1873,-570,106,2648723291
crab,8704,-13032,6908,13307,-27114,-4660,12552,4964,11952,-23936,-21531,-7043,2316,15788,-1204,1515,-532,18,4182112153
crab,9864,-13972,4072,12992,-24557,-5470,12208,6756,8912,-27298,-22546,-8216,2812,16332,-2160,1200,-216,105,2725426510
crab,11328,-14280,444,11665,-21858,-5143,11476,9140,4132,-27734,-23028,-9240,2384,16664,-2684,590,-161,270,1219737515
crab,11788,-13360,-3164,11596,-18813,-4855,11512,10224,-508,-25383,-21151,-10068,2528,16640,-2436,-13,-125,426,1825345178
crab,11664,-14224,-6052,13146,-15709,-4399,11288,11652,-4320,-23796,-17754,-11087,2712,16412,-2272,-566,-265,409,555012047
crab,12332,-14588,-10220,14287,-11794,-3692,11472,12964,-10004,-22623,-13603,-11695,2744,16100,-1728,-862,-421,344,459077480
crab,13244,-16140,-15016,19890,-6567,-3074,11416,13628,-13612,-22912,-7449,-11378,2468,16492,-1304,-1062,-413,219,831589712
crab,13728,-14364,-18500,28463,-513,-2748,12324,13820,-16056,-23474,-707,-10601,3056,16680,-1412,-1240,-449,113,1556842124
crab,14168,-15120,-21044,32767,6550,-2208,12608,14244,-16704,-24853,5632,-9729,2840,15996,-1244,-1360,-23,-112,2154657325
crab,14988,-15360,-20788,32767,13170,-1234,13596,15200,-16096,-26968,10935,-9334,2448,15736,-480,-1539,186,-145,178702298
crab,16252,-17984,-18616,32767,14911,-141,15272,16480,-14100,-29448,14747,-9177,2448,15376,-12,-1536,261,28,1698104012
crab,18328,-17796,-18468,32767,16671,452,15820,17728,-11940,-31040,16074,-8870,2160,14804,268,-1613,338,152,2167320384
crab,19460,-18088,-17180,32767,20655,-358,16336,15872,-8972,-29723,16624,-8178,2256,14676,528,-1387,354,190,2803876485
crab,20272,-19676,-17644,31367,25663,-2413,16040,17048,-6728,-28759,17644,-6525,2776,14600,772,-1150,402,132,3138130681
crab,20552,-16156,-16072,26240,29886,-4987,16664,17936,-3312,-29108,18117,-3896,3012,14612,488,-1066,353,-85,627300327
crab,20796,-14292,-13496,19227,32767,-7744,17888,18964,-2304,-27439,18777,-1151,2756,14872,1112,-840,150,-254,186265842
crab,18276,-14152,-10988,12956,32767,-9978,18092,22324,-4940,-28095,20335,1304,2920,15132,204,-748,460,-271,2243564197
crab,18316,-11468,-9900,7239,32767,-11886,17744,22816,-6076,-30726,21237,4392,2588,14680,660,-661,1047,-478,2302875866
crab,15836,-9548,-7704,929,32767,-13158,16680,20976,-3788,-32768,21229,7922,3760,14436,492,-412,1524,-786,2605630252
crab,13628,-9124,-4504,-4918,32767,-14731,15012,16468,716,-32178,20434,12160,3216,14372,1216,-73,1920,-924,168486402
crab,11020,-9332,-944,-10460,32767,-15531,14628,12968,1504,-27007,19061,15755,4604,14808,1116,114,2568,-892,3487484531
crab,8904,-8720,2160,-14315,32767,-15955,13832,10892,2060,-21623,18079,17838,2640,14876,1608,593,2634,-772,4016696701
crab,7204,-8832,4332,-16525,32767,-16332,12780,9832,3252,-18464,16895,19297,2072,14672,1604,976,2750,-798,2598902141
crab,5148,-10924,6436,-13728,32767,-17062,10804,8536,4096,-16255,15441,21108,2288,14720,1056,952,2840,-960,1513179871
crab,3848,-11308,8016,-9331,32767,-18369,9968,6732,4780,-12962,13885,22453,1636,14828,812,1045,2611,-1149,1971802498
crab,3508,-8840,8416,-7689,32767,-19626,9032,4756,6384,-8388,13018,23835,848,14836,844,1178,2160,-1168,2626337779
crab,2448,-7932,11580,-6659,32560,-19374,8312,4488,8696,-4862,12115,24830,1376,14804,820,1305,1838,-1213,3349173608
crab,2048,-8276,17372,-4016,28737,-20713,6976,3952,9916,-2667,10925,25310,1380,15252,48,1163,1683,-1167,2192696972
crab,1624,-8336,19592,-391,24143,-21760,6848,3300,9260,-755,9385,25341,1584,15512,-212,881,1502,-1037,3318135424
crab,2040,-5012,17876,-1416,18698,-22079,6556,2172,8916,2261,8535,25386,1248,15932,-168,712,1348,-853,1393351011
crab,3816,-2900,15664,-8984,13265,-21762,6048,596,10992,6192,7763,24969,1912,15628,-256,619,1223,-664,1289553671
crab,4484,-4836,19776,-15062,9102,-21303,5988,672,12976,9502,6581,24377,1772,15688,-536,463,938,-490,3079000057
crab,4300,-9892,25056,-13889,5108,-21264,6648,1392,12460,11737,5759,23441,1552,16012,-1092,267,1034,-356,2959447469
crab,6228,-12024,24692,-6994,754,-20788,6536,1996,14796,10703,5325,22227,1008,17096,-848,79,951,-339,376942253
crab,9892,-9096,21628,-3720,-3190,-19686,6640,1224,17928,8203,3814,20802,1316,17684,-396,-231,413,-396,2370776210
crab,12520,-7096,20164,-8965,-6270,-18871,8876,696,17040,7226,2085,19234,2004,15612,-852,-396,379,-595,235347637
crab,12476,-10652,20088,-12949,-7194,-19769,13336,-276,14140,8824,3026,18647,1976,14196,-1276,-659,592,-553,2025378495
crab,7472,-13660,21860,-10040,-8403,-19611,9228,256,16820,8074,2536,16890,808,12924,-936,-1085,236,-208,440754728
crab,3920,-13868,23076,-5484,-9596,-19675,4688,-3464,20928,7638,781,15896,992,13904,-2496,-1675,-151,-7,3374233274
crab,2568,-12084,22968,-3903,-10759,-18507,748,-7320,24604,9418,-1712,14537,768,15808,-2836,-2175,0,51,1013800535
crab,-124,-11712,23944,-2092,-12731,-16039,-564,-10444,27204,15845,-5299,13133,1660,17104,-1928,-2663,62,-107,1701404204
crab,-3000,-11412,24772,2593,-14845,-13062,-1364,-6988,27384,20875,-8015,12076,2704,16764,-572,-2988,-286,-414,535598509
crab,-4076,-8392,23128,5751,-16775,-9655,-4200,-7500,30588,22858,-13204,9505,2144,16488,-796,-3293,-439,-596,1426000187
crab,-3956,-4444,19932,1263,-18585,-5938,-3164,-6400,28216,24962,-16588,7105,2964,16188,-652,-3419,184,-726,3553206968
crab,-3372,-3368,19004,-8380,-20160,-2677,-1884,-6596,28020,25553,-18299,5791,2956,15576,-192,-3310,768,-1039,1430839531
crab,-2260,-4980,9996,-12164,-16635,-385,864,1204,32767,23687,-16721,3382,1668,15368,548,-3087,913,-1033,4087579776
crab,-9268,-11668,19792,-16870,-21139,1707,2624,-4296,26232,25081,-16037,2168,1376,13708,1680,-2311,1237,-694,297320524
crab,-112,-7524,20592,-9094,-14850,281,2928,-6164,23136,20100,-14078,772,1640,14556,1596,-1537,1664,-535,1437479878
crab,892,-6084,16992,-10644,-14958,1479,5900,-3416,20344,19171,-13958,-393,1152,14408,1868,-995,1586,-325,3828341904
crab,2360,-8300,17756,-7219,-12776,2520,6644,-5196,18648,17913,-12553,-546,1140,14756,2284,-577,1371,-147,3295862857
crab,4856,-7488,18332,-3009,-9860,1373,10204,-2412,17888,18814,-11629,-624,1224,14436,2688,-156,879,3,3291068219
crab,4996,-6684,17732,-1567,-9298,1185,10420,-976,17016,13958,-10625,-1368,1312,14064,2144,53,651,253,2238492282
crab,6044,-7028,15792,2695,-8221,1343,11328,-920,16436,11287,-9322,-2547,340,14292,1796,382,457,547,2484734704
crab,8812,-8392,12116,2665,-7934,919,10444,236,16692,10256,-8666,-3038,928,14488,1220,692,678,582,3958445701
crab,10880,-10592,11836,2868,-7299,311,9640,976,15672,10395,-9483,-2961,1296,14660,676,746,714,368,2983676831
crab,9972,-11232,13652,2126,-7491,215,9708,1772,15492,9060,-10449,-3160,2296,14584,660,651,580,325,2853964291
crab,8156,-10420,13440,750,-8337,-276,9136,3176,15224,6664,-11128,-3698,1924,14940,1236,807,1023,545,3303794325
crab,9216,-9824,10652,-2354,-9554,-859,8748,3652,13100,5746,-11115,-3573,1636,15252,548,885,1573,584,4109792371
crab,10384,-11228,9432,-3627,-10231,-1562,10132,4196,11324,6239,-10962,-3290,2008,15588,608,722,1385,351,3938700471
crab,10616,-11324,10368,-3312,-10666,-2324,11460,4692,11136,7361,-10864,-3480,1600,15540,900,698,1169,261,1915807418
crab,10396,-10932,11632,-2295,-11124,-2884,11352,4968,11464,8597,-10784,-3724,1124,14960,1144,723,1086,392,1794164789
crab,11076,-10200,11392,-2208,-11386,-3426,11084,5728,12012,9211,-10774,-3856,432,15064,1152,658,769,536,1491400902
crab,10416,-11208,11264,-2174,-11805,-3900,11040,6460,13896,7830,-11037,-3768,1152,15056,288,588,350,474,4153328052
crab,10356,-13924,13032,-795,-11638,-4621,10868,6296,16028,4638,-11774,-3687,1160,15260,692,841,134,357,681596603
crab,8728,-13804,15760,2142,-11948,-5244,11156,5628,17956,880,-13149,-3425,1212,14932,1168,1117,-214,293,3377793227
crab,8400,-14128,18124,5236,-12385,-6288,11260,5436,19180,-2598,-15191,-3398,948,14864,1068,1191,-568,380,2576469868
crab,6176,-13716,20604,9418,-12780,-7694,11088,6196,19260,-3255,-16762,-3445,1260,14836,1368,1500,-809,353,657254850
crab,6892,-14248,20188,15574,-13741,-9120,10880,7192,19808,-3642,-17968,-3527,1524,14740,960,1914,-831,150,684104075
crab,7092,-12088,18084,18991,-15768,-9524,10760,6876,19424,-3853,-19477,-3229,1780,14728,0,1806,-734,-186,1671008905
crab,8184,-11636,16076,22888,-16467,-9227,10856,7144,19300,-6176,-22211,-3152,1716,14976,244,1756,-822,-304,3565591966
crab,8832,-7308,15056,24062,-17012,-8421,10220,7300,18740,-9164,-25178,-3084,1764,15020,388,1923,-706,-117,468551939
crab,10028,-6048,13068,26685,-16977,-5884,8912,9444,16876,-10179,-27594,-2979,2264,14856,-56,1909,-488,-29,2962739397
crab,10412,-4760,10380,29563,-16975,-2802,8300,11056,13776,-9212,-29501,-2592,2440,14916,-920,1834,-110,-25,2183491736
crab,12596,-4944,7880,32767,-15901,968,8260,11548,10856,-9706,-30600,-2396,2260,15368,-1056,1539,177,-105,1627961894
crab,14452,-5176,4140,32767,-14583,4210,8228,11960,7628,-12383,-31781,-2567,1480,16120,-432,1338,17,107,3456853796
crab,14760,-6356,2248,32679,-12598,7087,7968,13292,2832,-14067,-32033,-2463,868,16228,-560,1004,-367,526,4076614559
crab,16036,-9128,124,31714,-10169,9769,8276,14780,-968,-14504,-30311,-1917,392,16200,-1556,466,-843,874,292681292
crab,17248,-10320,-2352,29767,-7808,11834,8740,15968,-5348,-14882,-27052,-1275,144,15892,-1716,18,-748,1175,2140622518
crab,18676,-12528,-7896,28313,-5027,13417,9560,15692,-8228,-16960,-23671,-965,1148,15548,-664,-37,-954,961,989719514
crab,19172,-14928,-13452,24474,-1497,13729,10380,16540,-12020,-18519,-20468,-501,720,16536,-352,-61,-1447,803,781170323
crab,20716,-15820,-17560,17760,3323,13159,11604,17516,-15640,-18171,-15959,439,128,16640,-336,-72,-1888,850,1060251648
crab,22392,-15424,-17768,13936,8248,12668,12636,18896,-18344,-16056,-9276,1855,1180,16312,-500,-210,-1794,894,2992911248
crab,22616,-13868,-15936,14310,12348,12645,13464,19076,-19708,-15712,-648,3291,2992,15464,476,173,-1029,510,3587364114
crab,22344,-12936,-13560,16847,15432,11606,14524,18804,-18652,-18510,9101,4074,3536,14392,1200,407,-728,11,401803262
crab,22824,-10324,-10600,17838,17887,10300,15400,18948,-17124,-20978,17225,5035,2680,14412,1552,554,-1044,-160,3554255695
crab,23228,-8404,-8052,19427,20323,8792,17616,18200,-13868,-18404,22757,5950,2688,14372,1492,714,-956,0,1807883020
crab,23496,-7252,-7456,20246,22385,6862,18576,17524,-8612,-13640,21370,6443,3160,14284,848,714,-476,37,5912350
crab,22996,-6876,-6020,19477,24034,4633,17656,18108,-8680,-12081,17968,8048,2980,14276,664,785,-51,-243,2183460600
crab,21792,-7568,-4472,18417,25096,2603,18604,12516,-8312,-6478,18030,10599,2276,14668,1404,995,-13,-608,2049659073
crab,19608,-6668,-3320,16997,25544,966,19132,9516,-7996,4273,19893,12625,1636,15392,1576,1089,-333,-638,1726454446
crab,17632,-5408,-804,13545,25744,-989,18408,10800,-8524,12336,21558,15314,1128,15244,1048,1176,-704,-627,1517700159
crab,16340,-6060,344,8012,25701,-2172,17268,8944,-7268,21494,21348,18016,2228,15536,40,1139,-606,-707,1319455037
crab,14828,-7772,632,6347,26531,-3266,16144,9584,-8160,28031,20806,18427,1912,15272,-328,1110,-292,-698,1115865977
crab,12412,-10008,848,8295,27178,-4757,16124,11192,-6588,24836,21808,17617,1964,14968,-264,985,-193,-497,4219276267
crab,10868,-9804,3888,11861,27567,-7336,14788,8216,-3868,22563,23371,18167,2352,15324,-620,899,105,-288,3491803265
crab,8996,-8548,2824,11470,27802,-10268,13696,6736,-2356,24554,24691,18471,2332,15332,-504,818,442,-210,67500874
crab,6388,-6236,4276,7581,27836,-11411,12724,8516,24,24606,25839,17853,1868,15468,-344,822,530,-147,1127723576
crab,6168,-6384,5112,2567,27407,-13560,10496,8164,1120,22279,26151,16791,1376,15560,-552,874,605,-34,2042504847
crab,3952,-6488,6796,886,27772,-14561,10420,7204,1924,20154,26122,15747,1488,15752,-892,675,672,4,704124060
crab,2780,-5572,8520,-1010,27302,-15158,9728,6640,2996,18578,25978,14590,1592,15408,-620,502,510,-36,749206686
crab,2220,-5496,9600,-3888,25992,-15788,9528,4560,2584,18859,26026,13722,1740,15272,-440,493,318,-160,1498953185
crab,2152,-6384,12340,-2937,24828,-16415,8736,4820,4616,20001,26377,12989,1452,15696,-652,478,140,-186,4145957622
crab,1864,-6144,15196,-1011,22823,-17056,8612,5356,6168,20767,25512,12070,1244,15784,-948,393,95,-76,145819718
crab,1100,-4768,17052,278,19815,-16655,8156,5740,6864,21527,24254,11206,1536,15672,-940,295,182,63,2456911652
crab,1920,-3892,17200,97,16077,-15429,8708,5764,5600,22480,23565,10048,1804,15384,-136,365,107,124,2966727282
crab,2296,-3308,17488,-723,12147,-13716,8044,8500,6596,21436,23402,9390,2276,14944,-360,445,35,130,2635617770
crab,1092,-4980,19620,2198,9225,-12539,7308,10008,8784,19595,22292,9363,1432,15152,-1480,331,239,119,1595246039
crab,-1032,-5460,22468,6064,5129,-11146,7556,10988,11624,17051,20091,9150,1708,16128,-1772,-91,444,166,850046218
crab,620,-6460,22308,9753,1973,-11113,7828,12156,13220,13442,18121,9348,1312,16200,-1456,-285,442,376,1336763030
crab,1140,-4380,21140,11567,-1770,-9877,7868,11432,13680,9971,16031,8975,1756,15580,-1236,-531,482,497,2406619266
crab,728,-1780,20352,10918,-4808,-9138,6776,11312,18176,7246,13957,8270,1724,15048,-1152,-685,-22,542,2011793239
crab,-832,-688,22072,8899,-7280,-8730,6384,10816,22056,6212,10322,7392,1964,15156,-1772,-991,311,684,3981809578
crab,-2376,-1588,23996,5809,-10456,-7892,7216,10848,21572,5738,6841,6725,2352,15552,-2004,-1381,578,796,888354030
crab,-668,-1692,25536,5015,-13662,-6684,7624,11064,20912,4288,4096,6067,1596,15612,-884,-1479,192,870,1527017608
crab,160,364,25540,3587,-15914,-5804,7032,11832,21304,722,1857,5303,2356,15376,-724,-1535,-220,780,1141282157
crab,20,3108,23816,315,-17544,-4821,5288,12248,22360,-6580,-859,5038,2140,14996,-1248,-1980,-289,621,3650870822
crab,284,4976,21116,-5609,-18697,-4092,3848,9388,26112,-12321,-4592,4395,1796,15304,-1740,-2376,285,546,318653843
crab,328,3476,21440,-12217,-19556,-3378,4212,2548,22992,-9694,-7605,3829,1380,15676,-1284,-2627,836,528,2314331922
crab,716,640,22444,-17829,-19682,-3678,2468,4052,21776,-2516,-9515,3426,1816,15324,-280,-2607,1043,391,3146747495
crab,-632,-2360,22136,-19134,-19604,-3512,352,2012,24876,3461,-13216,1749,1276,15828,336,-2753,97,428,2797572860
crab,-1684,-2620,23432,-18501,-19681,-3876,3252,5336,22988,2907,-14442,1129,484,16008,568,-2673,-366,726,1509511569
crab,-308,-1884,23596,-19074,-20728,-4124,3528,8536,20740,-6733,-14973,-1754,904,16412,48,-2203,-152,869,1557731565
crab,-2016,-896,23880,-18354,-19269,-3244,1808,4712,18844,-9452,-14580,-4379,888,15564,556,-1921,-41,814,2400402109
crab,-1780,-1220,21012,-23108,-19635,-3780,4504,7480,20644,-4834,-14699,-4425,1096,14760,1264,-1489,-991,623,1748847552
crab,-1460,-664,20628,-20489,-16545,-4149,6060,10792,20752,-141,-12617,-2813,1388,15092,1268,-1232,-1966,607,583876810
crab,872,2604,19720,-17606,-14695,-3726,8020,11232,19840,2652,-10134,-1015,1584,14432,1332,-778,-2721,586,308944005
crab,2728,940,19216,-12906,-12478,-2292,9388,9004,17940,457,-7486,913,1996,13960,968,-316,-2552,452,1156489090
crab,5532,-1008,16756,-9721,-11605,-1153,10268,7372,16576,-7635,-6072,2171,2612,13224,1288,137,-2436,146,993242484
crab,7328,-1628,15692,-8219,-11524,-34,10864,5488,16548,-18462,-5363,3277,2956,13236,924,566,-2281,-13,2360501143
crab,8684,-2656,14848,-8360,-12139,1358,11504,3416,15244,-24465,-6202,4139,3072,14168,140,707,-1928,-96,2621122374
crab,9600,-3960,14732,-10619,-12851,2076,12644,2412,13836,-24199,-7960,4848,3244,14600,392,759,-1526,-75,4066143015
crab,9460,-5380,14288,-12481,-13528,2896,13324,1924,13064,-20428,-10031,4545,2940,15464,292,764,-1113,-18,2910343624
crab,10328,-6344,12964,-13823,-14273,3607,13440,444,13800,-15122,-11784,3256,2884,15712,-108,724,-852,56,73663133
crab,9944,-7336,12688,-13785,-15046,3682,12904,-552,14520,-9275,-13316,1376,2744,15548,-112,466,-776,89,3133551781
crab,9084,-8476,12652,-14021,-16166,3405,12488,-1488,14368,-3856,-14032,-267,2404,15540,56,319,-734,86,3558391529
crab,9284,-8856,12368,-14302,-16854,2960,12748,-1564,13528,767,-15421,-1767,2164,15328,240,437,-667,155,1717954304
crab,9632,-9136,12084,-14381,-17026,2562,12136,-1656,14032,1991,-16725,-3174,2064,15052,488,650,-610,263,320202334
crab,9568,-9684,12428,-14136,-16806,2189,11312,-1756,15040,-234,-17668,-4796,2180,14684,872,842,-643,360,2463233984
crab,9768,-10228,12336,-13443,-16848,1629,10628,-1700,15204,-3669,-18203,-6006,2184,14808,836,928,-814,478,4243576969
crab,9776,-11296,12468,-11438,-17079,829,10176,-1188,15528,-5736,-18497,-6844,2416,14480,188,1153,-696,598,629200390
crab,9856,-11652,13148,-9209,-16897,-69,11064,-132,15212,-6148,-18835,-7337,2332,14420,516,1497,-529,607,2134289018
crab,10104,-12024,14312,-5981,-16031,-1257,11376,1744,15880,-6945,-19478,-7752,2416,14524,408,1692,-457,605,336042685
crab,9240,-12108,14348,-193,-15469,-2393,11652,2960,15996,-7522,-19990,-7939,2064,14892,-48,1754,-530,506,3373556700
crab,8800,-12652,14416,5111,-15071,-3553,11016,4136,16148,-9616,-20222,-8126,1892,14948,420,1747,-1133,456,300486063
crab,8584,-13856,14180,10601,-14414,-4254,10712,4820,15872,-12158,-19954,-8186,2216,15296,-964,1756,-1236,416,3411214006
crab,7260,-12912,12516,13690,-13906,-4452,10404,5952,14156,-15506,-19667,-7969,2616,14912,-1288,1664,-1047,228,910135537
crab,8052,-11612,11632,16705,-13128,-4248,11352,7572,13096,-17720,-19989,-7859,2900,15064,-1320,1477,-912,-110,146386644
crab,8524,-11048,11804,19691,-12136,-3329,11180,7308,12388,-19359,-19477,-7567,2612,15884,-880,1349,-918,-311,3858022699
crab,9648,-10892,11424,23162,-12358,-1897,11204,8016,11488,-22702,-19096,-8223,1912,15528,-2016,960,-1096,-448,805237248
crab,10844,-10664,10188,23956,-13275,-415,11844,8208,9140,-24944,-18991,-9297,2864,15924,-2608,588,-463,-516,1406646599
crab,11296,-10540,8764,23924,-13421,1624,12480,9264,6344,-26030,-19454,-10167,2456,16228,-2108,352,-34,-473,4262264564
crab,11688,-11312,6540,21190,-13232,3927,13076,10228,4348,-25542,-19292,-11061,2168,16772,-1832,-71,87,-174,3482307092
crab,12744,-11740,4480,17297,-13499,6013,12816,11972,2104,-26244,-18286,-12134,1872,17148,-1548,-429,152,269,3469117554
crab,13372,-12592,2584,15081,-13695,7789,12224,13376,-1284,-27093,-17081,-12968,2624,16556,-1736,-800,107,360,4012656024
crab,14268,-13664,-592,13517,-13931,9169,12688,15556,-5724,-26548,-15940,-13248,2944,15920,-1212,-1217,-137,135,3138858975
crab,14696,-15784,-4580,13396,-13585,9826,13296,16660,-9484,-23549,-13035,-12884,2752,15676,-552,-1189,-229,-51,1822188265
crab,16104,-16132,-9880,13156,-11005,9683,13864,18300,-12232,-21740,-8137,-12386,2168,15568,-164,-1098,-365,-72,1290872345
crab,17108,-17872,-13664,14528,-6871,8873,13152,19896,-14364,-21527,-3137,-11092,2092,15204,172,-965,-354,83,2413006436
crab,17752,-18900,-16272,16993,-1708,7486,13584,20532,-15324,-20606,1368,-8891,2568,14560,-8,-908,-117,-19,3507334518
crab,17972,-18944,-16460,19387,3398,5831,14396,20448,-14644,-19676,5708,-6864,3340,14340,584,-797,-81,-335,2225897329
crab,18568,-18900,-15232,20273,7954,3917,15172,19608,-13028,-19269,10569,-4902,2744,14712,732,-575,11,-550,2077144757
crab,19440,-17832,-11984,19904,10405,2549,15708,18684,-11580,-18593,14811,-3266,2348,14772,1080,-445,21,-599,3404830567
crab,19668,-16656,-9500,18789,11318,1192,16120,17492,-8816,-18352,17221,-1399,2860,14392,1176,-220,-100,-704,654204272
crab,19848,-14716,-7700,16240,12327,85,17112,15552,-4700,-18571,17468,-459,2852,14248,892,-53,64,-909,3230910969
crab,20236,-13188,-6584,12866,13752,-1410,16348,15492,-1968,-20020,16668,544,2296,14308,1528,247,321,-1006,2447427310
crab,19324,-9904,-5072,9017,14956,-2710,17088,14872,-216,-19946,16938,2660,2076,14948,440,443,471,-947,3432406558
crab,19132,-7568,-4172,4069,16060,-3583,18272,14684,-284,-17086,16746,4609,2288,14804,868,686,706,-786,2508488399
crab,19684,-8280,-6584,-976,18294,-5130,19536,17312,-4936,-14747,16198,6299,2520,15104,424,800,920,-776,2406864890
crab,19504,-8828,-9664,-5516,22592,-6219,19700,15084,-9808,-13711,17591,8363,1932,15412,436,972,1092,-723,4101041517
crab,15844,-9296,-8472,-8092,26499,-6375,17508,13824,-8324,-12074,19095,10982,1848,15480,184,998,1068,-518,1431402903
crab,13560,-9328,-5032,-8318,29280,-6700,15508,13248,-4372,-10221,20523,13094,1880,15184,268,965,1007,-467,2589728737
crab,11432,-9744,-2528,-8216,30855,-7425,13560,11320,-1864,-9098,21329,14632,2084,14960,28,942,1001,-488,2400874763
crab,9760,-10580,-1904,-7927,31786,-7531,11960,9776,1520,-7109,20908,15518,1836,14880,-48,1056,960,-552,2478066765
crab,8660,-9920,-384,-7715,32715,-7793,10744,8640,3656,-5372,20325,16915,1776,14884,-64,1063,898,-647,2908703525
crab,6828,-10288,924,-9674,32439,-6913,9364,7464,5296,-3171,19531,18051,2040,15136,-284,1068,976,-667,1540079536
crab,6228,-11544,2716,-12604,32767,-10347,8764,6900,5756,-824,18768,18880,2260,15176,-300,1094,1089,-712,2517680609
crab,4456,-13132,5176,-11732,32767,-11210,7900,6004,7560,927,17716,19134,2396,15288,-248,1107,1038,-856,3412171495
crab,4472,-13132,6956,-12673,32410,-12067,7784,6084,9256,2222,16287,19249,2184,15652,-132,921,878,-936,193340730
crab,4512,-13816,9556,-12490,31843,-13900,8212,6156,11224,3287,14280,19239,2200,15676,-260,901,800,-931,1684087964
crab,3808,-15144,12280,-10277,29961,-15255,8648,6028,11036,4394,13544,19352,1792,15420,-668,816,786,-824,2907943970
crab,3784,-16460,16016,-6585,26579,-16677,8552,5392,12364,5431,12856,19476,1680,15280,-532,764,737,-886,899055718
crab,3204,-14764,18088,-3955,22272,-18342,8208,6164,13784,6301,11785,19768,1160,15648,-952,530,432,-901,3972712242
crab,5872,-12244,16628,-5077,19003,-20339,7724,6892,14940,6902,10147,19469,1760,15536,-1080,241,194,-917,3707981880
crab,3828,-10820,17904,-8765,13499,-20132,7816,7104,14256,6940,8760,19176,1352,15408,-1372,87,265,-970,2942911100
crab,4648,-11524,21852,-10692,9992,-20668,7464,6024,15120,6212,8410,19326,1272,15576,-1256,-70,164,-943,725300251
crab,4836,-12784,24452,-8533,6225,-20774,8216,4788,19468,6330,8608,20234,1816,15852,-1656,-384,154,-938,2815505567
crab,5472,-13424,22912,-6333,1460,-20374,5196,5764,21196,5619,6481,19562,2264,16060,-2012,-893,239,-1104,526084688
crab,6460,-11280,20864,-5108,-1967,-19375,6248,5464,20228,4398,4457,18843,2368,16076,-1456,-1202,351,-1190,871481084
crab,6176,-10108,19024,-5050,-4029,-18341,6836,1552,21476,4191,2386,17338,1744,16256,-1124,-1244,546,-932,1439696405
crab,6832,-9604,18368,-4874,-5994,-16864,3932,-1368,24580,6138,-467,15863,1280,16008,-1740,-1442,871,-707,3959730453
crab,5924,-10144,18616,-2480,-7407,-14731,2676,-4152,27184,8773,-4165,14603,1592,15732,-1868,-1894,959,-713,4286720443
crab,4176,-10428,22440,2362,-10274,-12524,1156,-3696,29864,12213,-8682,13284,2368,15916,-1780,-2404,910,-923,184532458
crab,1876,-9772,23620,6883,-12911,-9905,1668,-3736,29940,14291,-12966,11408,2492,15724,-1148,-2475,1119,-1171,3713723351
crab,-24,-6528,21636,7906,-14842,-7294,1352,-4244,29872,15741,-16056,9623,1488,15776,-1168,-2416,1408,-1238,1340506803
crab,1260,-6900,18792,2099,-16222,-5311,1964,-5848,28972,19605,-21887,7558,1360,15300,-552,-2370,1747,-1190,12177274
crab,1132,-9016,19160,-2282,-16441,-3899,3620,-4948,26720,20059,-20666,6356,1680,14500,-200,-2233,1944,-1307,1120510699
crab,-984,-10172,19072,-4599,-16963,-1796,4720,-3956,23844,17626,-18681,4766,1288,14888,620,-1762,2249,-1286,1090440588
crab,-988,-9216,18916,-7133,-17406,-738,5992,-4316,22696,15472,-17182,2705,416,14628,776,-1276,1930,-951,1101572065
crab,-2684,-12076,17696,-6006,-16957,1903,6064,-4216,19328,16257,-15886,1677,444,14612,876,-897,1586,-667,4198666897
crab,1912,-11068,16048,-4116,-14380,2082,6300,-2844,18332,17800,-14103,1544,-92,14980,188,-632,1613,-587,599013965
crab,5316,-12272,14404,-4968,-12790,461,7100,-2216,16980,13882,-13084,1020,876,14464,1072,-362,1434,-479,3592141852
crab,5396,-12056,16612,-3343,-11169,-835,7572,-2924,16412,9449,-12810,-61,992,14416,1348,-12,1591,-314,3583036627
crab,5944,-11048,17048,1484,-9166,-1352,8580,-2016,16376,6914,-12875,-1287,1268,14548,884,264,1723,-30,991036621
crab,8152,-9012,16084,5061,-7639,-2345,9208,-748,15084,7416,-13229,-2425,728,14748,860,510,1561,184,1546393244
crab,8912,-9544,15940,7475,-7180,-3120,10284,1620,13892,7811,-13710,-3410,488,14488,644,568,1394,357,2257671865
crab,9004,-8780,14968,10569,-7114,-3201,11168,2504,13216,7256,-13936,-4360,412,14676,760,672,1194,457,1686375262
crab,9672,-7412,14676,9919,-8390,-3437,11700,3532,12208,7676,-14020,-4865,128,15004,472,738,984,431,2341086821
crab,10792,-6856,13932,5805,-10051,-3229,12144,4160,11340,8335,-14511,-4941,388,15428,-196,691,804,224,2514691608
crab,11380,-5780,14100,1798,-11423,-2046,11984,4728,11220,9091,-14809,-4997,624,15480,-264,458,582,8,3665247068
crab,11304,-5692,14900,-2975,-13638,-1338,11552,5744,11884,9990,-15251,-4894,712,15160,532,376,348,30,2840767853
crab,10016,-9356,16416,-7369,-16970,-2405,12004,5960,12160,8198,-15452,-4604,892,14840,-36,550,464,204,2296314403
crab,10168,-10836,18744,-5666,-17700,-2160,12392,6552,12944,5333,-15899,-4369,768,14880,180,786,458,328,458534016
crab,10732,-11284,19344,-2045,-17035,-2545,12192,6364,13040,1826,-16841,-3992,368,14932,672,897,-137,444,3324113333
crab,10840,-11096,19324,1812,-15719,-3071,12012,6080,13908,-270,-18115,-3581,-20,14848,276,1010,-629,544,3577218093
crab,10424,-12204,18376,4799,-15188,-3601,12140,6452,14828,-3678,-18771,-3199,188,14800,-200,1196,-637,440,996828050
crab,10712,-11372,18012,8324,-15056,-3730,12172,7452,14500,-6111,-19318,-2741,624,14988,-384,1202,-871,225,563791928
crab,10880,-10144,17648,12409,-14867,-3214,11340,8476,14344,-7658,-20327,-2152,864,15344,-260,1239,-1006,75,648932544
crab,10792,-9392,16476,16405,-14879,-2202,10456,9020,14788,-10605,-21693,-1714,1216,15512,-796,1343,-783,-24,1468160046
crab,10712,-9588,14012,18902,-15468,-847,10636,8532,14988,-14570,-23100,-1500,1396,15744,-760,1201,-693,-27,1600865955
crab,10832,-8860,11920,19567,-15352,1140,11096,8868,13904,-17795,-25185,-1656,1456,15916,-1004,943,-746,-11,3985509544
crab,10792,-8732,10416,20137,-14738,3475,10796,9856,11208,-19732,-27528,-2286,1216,16000,-880,716,-954,49,1623917505
crab,10228,-8120,8892,21584,-14760,5741,9988,10636,8936,-19926,-28954,-3128,624,16272,-1256,610,-1104,148,2591895507
crab,10176,-8920,7468,23866,-14826,8473,9432,11492,5584,-19060,-29151,-4127,196,16024,-1656,443,-1113,141,362663024
crab,10384,-9800,4716,26103,-14923,11394,9364,12812,1172,-18867,-29170,-4853,388,16184,-1708,-20,-1476,3,3403891005
crab,10252,-9712,1212,26958,-14652,14128,9180,14160,-2584,-18616,-28614,-5278,268,15912,-832,-274,-1992,-160,644494280
crab,9940,-10340,-2896,23489,-12322,16828,9252,16112,-7344,-16786,-26746,-5297,52,16076,-1068,-479,-2591,-105,1133434167
crab,9328,-12036,-5740,21803,-7522,19736,9496,18156,-11864,-15619,-22995,-5049,-244,15860,-1352,-685,-3009,-7,264100091
crab,9440,-12608,-7656,23528,-3376,22335,9912,19504,-14836,-14861,-18444,-4426,508,15460,-1540,-1010,-3442,-88,2811160869
crab,10844,-15052,-8968,27446,530,24227,10308,21224,-17544,-13884,-13691,-3335,1144,14900,-1416,-1350,-3618,-549,3319193119
crab,12324,-18496,-10400,32767,4122,24743,10492,22128,-19860,-12095,-9428,-1438,1220,15192,-296,-1798,-4065,-1171,2446745034
crab,13536,-22252,-9524,32767,8521,23777,11304,22536,-21540,-10117,-4091,1124,1540,15964,128,-1901,-4452,-1530,1579197102
crab,16080,-25512,-6136,32767,11079,22269,11588,22136,-21392,-11687,1584,3686,2740,15668,116,-1945,-4229,-1791,2132197494
crab,19080,-28344,-3740,28558,7921,19509,12128,20780,-21636,-14422,6415,6232,3188,14840,928,-1570,-3645,-2005,2792458396
crab,22996,-27344,-11468,18058,4142,14646,13324,19760,-21144,-13222,10731,8560,2904,14184,2064,-886,-2747,-1898,1993554020
crab,23548,-28092,-12944,12444,4698,7958,14780,20056,-19268,-8594,16101,10570,2504,14148,2368,-279,-1891,-1336,1106284385
crab,22328,-27724,-7432,11010,4946,1207,16552,18812,-16328,-3568,21467,12026,2900,13944,2044,393,-799,-886,4194915875
crab,22832,-25128,-2888,12294,5103,-4248,17824,17100,-13184,-584,25236,13885,1008,13896,2500,1171,-47,-740,2565605860
crab,23336,-21920,-4268,9775,5089,-8292,18356,13880,-6716,-1223,23863,14798,2660,14360,2444,1471,1083,-551,3722123849
crab,22352,-17068,-8512,6052,7176,-11443,18020,13076,-7236,1026,21890,17436,1272,14840,1560,1602,1732,-198,2005560890
crab,20588,-13548,-8632,5738,11489,-13535,20192,10548,-11532,10281,21239,20659,1224,15724,856,1710,2168,161,90430878
crab,17872,-12368,-8284,7530,16202,-15162,22052,13056,-16396,17483,22459,22752,1052,15552,692,2061,2916,437,3460089053
crab,16244,-11140,-7820,6148,20422,-17037,19116,10220,-14716,21468,24568,23519,1188,15812,-320,2048,3381,437,3529809476
crab,15056,-10800,-7768,4090,24423,-17745,16012,9792,-10468,23009,26619,24230,116,15636,-456,1859,3523,466,755548734
crab,12044,-9340,-4512,3279,27768,-18002,14816,8364,-10100,26913,28576,25214,92,15796,-188,1724,3546,583,1514574817
crab,11612,-9588,-6188,3324,29378,-15414,13408,8928,-8148,29294,30543,25484,60,15552,-488,1745,3530,890,1425571486
crab,3608,-3364,1168,-3110,28416,-21383,12144,8048,-6412,31571,32592,25072,936,15388,-412,1897,3588,1128,2053375393
crab,7860,-10688,808,-3634,31371,-19355,10460,8632,-5720,32767,32767,23991,300,15244,-68,2083,3606,1279,2267412805
crab,4300,-8596,4120,-5926,30477,-16989,8172,8884,-3644,31739,32767,22454,812,15064,180,2436,3362,1331,3949407743
crab,3548,-13244,5880,-4231,30716,-14956,6924,9324,-584,30245,32767,21153,728,15096,-856,2276,2944,1202,3555393561
crab,2984,-11496,8456,-1833,31890,-19316,5420,10336,1364,28148,32767,19723,-532,15468,-1224,2253,2688,1274,3236753806
crab,-488,-13748,13692,6688,32174,-20198,4608,11068,3536,24055,32767,18428,-364,15560,-1716,2046,2361,1357,552216988
crab,-2156,-13412,15372,12671,26255,-18077,3904,10204,6328,19906,32767,17142,504,15436,-2072,1627,1774,1395,2014460714
crab,-1468,-13464,15992,16348,21419,-17885,2724,10100,9500,16441,31571,16350,784,15480,-2040,1250,1398,1296,3721689025
crab,-1920,-9604,17928,19625,20286,-19743,672,11588,14240,10894,28864,15922,-376,15632,-2076,882,864,1421,2627196099
crab,-6380,-5368,22332,23951,14282,-17567,-1196,11824,18140,4288,24359,15450,372,15924,-2480,297,565,1639,3807818569
crab,-7968,-1100,22768,22847,6581,-15499,-1036,10196,22688,-3456,18804,13801,992,16172,-2680,-421,339,1646,151857308
crab,-6320,2104,19560,22164,2189,-15317,-1420,6072,25444,-9381,12228,10963,1800,16648,-2560,-977,420,1570,3084650186
crab,-7664,7788,20616,19531,-3124,-12178,236,828,21704,-9540,6582,7554,1724,16704,-2036,-1403,139,1461,1113742375
crab,-4392,10632,20152,13853,-6361,-10515,1540,-1140,17536,-4443,3817,6429,1316,15836,-1980,-1732,0,1386,1442470214
crab,-4568,9232,19884,8731,-9392,-8327,1668,-1004,24048,-1243,965,5287,1740,14844,-940,-1767,357,1467,1732686336
crab,-4812,8728,20524,8966,-13276,-5607,-20,-1392,29748,-6349,-2940,1833,2348,14904,-648,-1681,642,1251,2966303353
crab,-1260,12652,23456,3103,-16164,-3230,-2736,-5452,30864,-13005,-7427,828,1244,15760,-1600,-2118,47,1120,4071544980
crab,-2628,10304,26180,-5683,-18322,-1345,-2140,-4000,29060,-8101,-12716,-2471,-36,15932,-1568,-2896,-705,1229,2531547772
crab,-7784,7368,30468,-15632,-23429,-749,-364,-3628,26080,1090,-21818,-327,600,15868,-604,-3176,-1384,1370,2926872588
crab,-3528,1716,28964,-16164,-24747,239,-240,-240,23584,6686,-26002,-3738,1072,15120,-592,-2938,-1355,1355,1399184345
crab,-3348,3572,26952,-18475,-24658,899,456,-2028,22312,183,-19721,-8071,484,14868,-448,-2667,-1698,1175,325890088
crab,-6640,7836,23900,-29989,-26003,-497,4612,5332,24572,-2581,-18232,-8725,2272,15208,280,-2403,-2192,946,221929660
crab,-3232,6932,20812,-28289,-24206,-3375,5876,5428,20284,431,-12341,-8101,1964,15156,948,-1827,-2897,372,4066512702
crab,-1620,2860,19380,-23123,-21871,-2900,8140,4440,19344,8345,-9758,-5702,688,15056,808,-1517,-3369,357,3952386242
crab,2504,3232,16988,-11267,-20115,-2422,9012,3396,17564,11256,-8745,-2688,1308,14656,780,-906,-2932,275,2913259082
crab,8772,4200,14456,-6597,-17687,-1116,10508,1840,16980,5679,-8822,-958,1484,14236,888,-533,-2898,-20,835338446
crab,10624,3420,13556,-6024,-16289,402,12204,-4,16328,-1257,-9103,325,3152,13768,240,-197,-2526,-235,3754038344
crab,11600,2372,12852,-5949,-14447,2258,12992,-340,15688,-6916,-8507,1364,3708,13668,136,-110,-1980,-320,462570594
crab,13264,192,11404,-6326,-13143,3831,14848,324,15204,-9952,-8202,1316,3088,14580,148,193,-1050,-107,2869000454
crab,13176,20,10024,-9736,-12474,4257,15392,-188,13784,-9714,-8574,768,2592,15164,132,238,-598,181,3775783767
crab,11552,-880,11208,-11516,-12378,4865,15540,-744,13256,-6676,-9925,-182,2124,15560,236,191,-511,299,2600685666
crab,10380,-1844,13036,-11927,-12483,5596,15300,-1200,13056,-3865,-11100,-1278,1684,15948,-168,61,-773,255,699077979
crab,10700,-2980,12932,-12218,-13096,6424,14340,-1696,13504,-1804,-12108,-2797,1764,15764,-236,-131,-1136,151,1633309424
crab,11488,-5356,12244,-13044,-14197,6887,13368,-1608,13712,-884,-12670,-4397,2228,15152,-248,-228,-1242,-15,1554704702
crab,10980,-5528,12060,-16157,-14954,6979,12772,-1328,12724,278,-13780,-5504,2688,14876,-124,-330,-925,-95,2487954960
crab,10588,-6016,12048,-17179,-15498,6880,11848,-828,12088,2289,-14967,-5710,2644,14992,-40,-346,-610,57,1639878697
crab,10232,-6808,11340,-18608,-16278,6420,11528,-264,12892,3681,-15504,-5539,2568,15112,196,-326,-498,100,4284580778
crab,9800,-6668,11716,-17601,-16785,6003,11588,252,13664,2567,-15103,-5584,1636,14864,-420,-169,-405,199,1029104233
crab,9572,-7144,11792,-17115,-16764,5458,11864,288,14384,-788,-14777,-5827,2188,14644,224,152,-67,300,967240610
crab,9700,-8036,12520,-15084,-16100,4804,12096,544,15404,-4311,-14921,-5585,2288,14544,672,459,-146,263,2100030217
crab,9692,-8368,13184,-12009,-14764,4050,12592,864,15768,-6974,-15140,-5412,2020,14592,684,726,-225,201,3505813046
crab,9712,-9528,14068,-8626,-13314,3523,12216,348,16252,-9464,-14945,-5493,2108,14464,400,1014,-416,102,1182396342
crab,8976,-10288,13592,-6711,-13310,2494,12628,1964,15480,-9766,-15397,-5968,2132,14464,-80,1226,-482,-94,1205727371
crab,8712,-10016,13720,-2101,-13585,1540,12916,3392,15568,-11036,-16483,-6471,2052,14968,276,1292,-432,-252,2261249935
crab,8928,-10860,15120,5278,-13139,758,13652,3532,15808,-13166,-17341,-6860,1952,15328,316,1275,-972,-218,3877448440
crab,9116,-10904,15608,11477,-12883,363,13576,3948,16512,-16812,-18004,-7120,2128,15532,-1100,1180,-842,-152,1098059553
crab,9832,-11964,15568,15276,-13665,190,13884,4352,17364,-19748,-19094,-7234,1612,15644,-1812,1032,-699,-116,1595962393
crab,9548,-13416,15052,18237,-15086,180,13444,4232,16436,-25454,-20730,-7940,1704,15368,-1868,843,-706,-119,2438794476
crab,9948,-13424,15520,20122,-16738,606,13032,5232,16388,-32110,-22446,-9174,1468,15460,-1728,677,-573,-140,907906602
crab,10892,-13320,14844,21215,-18257,1458,12600,4300,18780,-32768,-24321,-10811,1996,15552,-1936,689,-186,50,2198696389
crab,10908,-13116,12976,20574,-19564,2669,10476,5568,15900,-32768,-27246,-13375,3824,15936,-1904,495,492,243,2789303277
crab,11292,-13264,10044,18202,-20497,4214,9804,8364,9296,-32768,-29454,-15940,2240,16024,-1688,299,309,411,2309270097
crab,12012,-13644,6712,12900,-21116,5980,9516,11784,2372,-32768,-28863,-18242,2616,16280,-2392,53,695,636,2467925114
crab,12864,-14732,3164,10414,-20839,7653,9508,14584,-2888,-27419,-25211,-19830,2204,16544,-1688,-257,693,787,881337897
crab,13720,-15700,-2376,11049,-19827,8955,8816,19644,-8972,-21507,-20836,-20120,2596,16504,-2028,-681,948,820,1682045015
crab,14832,-16284,-8412,16285,-17062,9694,8312,23892,-14280,-17746,-15270,-18861,2448,16168,-1540,-888,1000,690,2979456735
crab,15192,-17648,-12620,22649,-12674,9826,8516,25840,-18136,-16718,-8920,-15617,2584,15744,-628,-789,928,663,1762063284
crab,14420,-18904,-15900,27082,-8713,9461,8708,25928,-18936,-19729,-2304,-11506,2196,15032,136,-685,521,409,714113567
crab,14216,-21648,-17908,28275,-4352,8725,8736,25364,-18772,-25195,3915,-7151,2096,15304,-188,-549,404,217,77436748
crab,14572,-23604,-18160,26367,-644,7537,9232,25024,-17064,-28102,9526,-3567,1812,14692,-292,-774,162,36,2994872599
crab,14340,-23744,-17748,22516,2354,5976,9756,23376,-14048,-27184,15232,-779,1164,14516,-148,-871,-32,-161,3380030023
crab,15084,-22092,-16744,18345,4763,3843,11060,21864,-11044,-23262,19445,1381,2512,14752,888,-938,-82,-307,963569981
crab,16000,-20612,-15268,14549,7177,1752,12476,20376,-8948,-17662,21981,3123,2272,14900,1412,-684,-500,-390,3864352766
crab,15968,-19028,-12852,11841,8745,-72,13908,19144,-6252,-15196,22802,4156,2504,14912,1620,-504,-407,-351,1217573221
crab,16188,-17312,-11376,9599,8833,-1515,15704,18252,-4312,-15658,22702,5686,2576,14308,1500,-266,-228,-387,896503776
crab,17668,-15296,-10928,8545,9376,-2924,16064,16192,-304,-18353,21042,6663,2792,14068,1524,-50,203,-546,4182075281
crab,18620,-14012,-11160,7831,11546,-4422,16896,15520,1536,-19861,18531,7692,2804,14320,1068,322,547,-608,2431025561
crab,18544,-12720,-9812,6423,14353,-5786,17076,14560,1780,-19809,16235,8970,2968,14296,1012,685,906,-626,2428300451
crab,17384,-11632,-9136,4674,17123,-7220,16760,13828,1076,-17484,14994,11121,2704,14556,820,914,1027,-575,1665518836
crab,16868,-11220,-7572,3033,19895,-8374,16204,13164,2072,-14800,13524,13202,2184,15188,668,1160,941,-570,1363663128
crab,15984,-10592,-7376,1263,22230,-9301,15852,12852,2024,-12246,12807,14258,1892,15040,448,1126,1062,-603,2842743609
crab,15720,-10276,-6392,229,24843,-10035,15140,12464,1868,-10391,11626,14435,1968,14984,-192,1138,1021,-706,3069625572
crab,13936,-10680,-4780,-1444,26711,-10751,13692,10052,2208,-8894,10727,15691,1960,14872,48,1202,915,-772,2389264499
crab,12184,-10836,-3772,-3277,28818,-11426,12872,9236,3040,-6690,10269,17385,2132,15088,-232,1180,822,-758,3262488922
crab,10480,-10176,-2600,-4580,30723,-12070,12392,9716,2872,-4475,10297,19785,2168,15136,-212,1302,831,-696,1575354817
crab,9032,-10496,-904,-5503,32350,-13151,11544,9760,3024,-3550,10687,21850,2376,15232,-252,1356,1012,-718,2028059428
crab,6380,-13352,1308,-5840,32383,-13620,10796,7756,4008,-2527,11034,22909,2424,15300,-336,1367,1117,-819,4100995752
crab,6824,-10660,2472,-10088,32767,-16154,9692,6468,5504,-1747,11305,23633,1864,15444,60,1454,1233,-869,123613414
crab,4832,-9424,3868,-13857,32767,-16051,8384,5536,7048,-1091,11449,24094,1668,15520,-244,1545,1325,-909,2572963677
crab,5800,-10720,4928,-19072,32703,-15765,9164,4500,7136,1005,11330,24397,1912,15332,-716,1614,1235,-924,1573754336
crab,5384,-13544,7888,-19591,32767,-16836,9508,4596,7600,2799,11494,24675,1320,15300,-748,1544,1151,-975,279154862
crab,3532,-14696,9988,-16705,31202,-16893,10700,3796,8336,3311,11672,26520,1340,15252,-668,1431,751,-947,870912660
crab,3340,-14492,12392,-14750,28724,-17294,7472,3256,10496,2316,12030,25715,1420,15632,-952,1193,511,-984,2730355606
crab,4220,-17540,16436,-11464,25518,-18742,8032,1964,9844,2372,10460,25272,864,15908,-1316,897,348,-913,4288845470
crab,1264,-16780,21440,-5832,21467,-20026,8128,1200,10776,4625,10655,24940,488,16156,-1768,574,91,-845,319999662
crab,3904,-15664,17996,-1409,16830,-21649,5396,-1156,16324,6781,8436,24771,848,16052,-1604,134,-119,-853,4066982315
crab,3708,-12540,17744,-390,13716,-22307,4720,-1252,18792,6945,6514,23521,1024,15916,-1888,-317,-399,-726,3526591986
crab,2608,-11124,22396,-2331,8992,-22128,5388,-740,17392,4827,4528,21782,1748,15912,-2380,-810,-240,-741,4057850635
crab,3272,-11188,24488,-3225,4429,-21632,6996,-2988,16624,7088,3910,20044,1392,15560,-1780,-918,-363,-749,4073485768
crab,3316,-12112,23560,-108,987,-21205,5280,-4952,19492,12533,2070,18767,1916,15848,-1364,-1166,-140,-741,1402690657
crab,3876,-12792,23036,5837,-2938,-20928,2748,-4180,22072,14804,-554,17835,1500,15652,-1600,-1249,26,-618,532631769
crab,3916,-9432,23064,7220,-6275,-19907,748,-4016,23392,16693,-5487,16456,1252,15740,-2076,-1619,532,-478,36520148
crab,2600,-5992,23688,1861,-9738,-18342,340,-5036,23136,24016,-14187,14474,1188,16164,-1540,-1978,668,-172,21469100
crab,2692,-5280,23168,-4296,-12759,-16915,2292,-2620,26868,28389,-20865,13854,1184,16480,-1428,-2130,576,71,1400435008
crab,4444,-7856,23296,-7003,-15090,-15989,4260,-3360,31356,20220,-21797,12874,548,16496,-2080,-2395,499,541,1171837050
crab,4704,-11288,21668,-3893,-16071,-14198,7332,-5540,30632,12926,-14952,9833,600,15812,-2140,-2592,1155,712,2883639855
crab,1664,-8376,22948,-1266,-17442,-12191,7636,-5320,28044,9931,-12097,6444,560,15952,-1308,-2594,1489,653,1884455410
crab,1552,-7488,22528,-2265,-18929,-9895,6524,-4960,23684,10540,-13046,4249,172,15268,-736,-2397,1312,527,2037178714
crab,2132,-6924,21252,-4205,-19747,-7574,5668,-3944,22608,12994,-14583,3171,8,14520,-152,-2163,627,450,3131373528
crab,1888,-7720,19704,-4807,-19267,-5736,6500,-5380,22212,15352,-14506,2334,1192,14000,360,-1869,151,73,279146462
crab,1004,-5384,19520,-3243,-17525,-4988,8108,-5896,21344,15885,-12977,1306,1176,14068,632,-1523,-146,-173,3601513774
crab,3552,-4196,16340,-2568,-15618,-3017,9228,-5932,20104,14249,-11771,581,1848,14360,1216,-900,-66,-257,3498970803
crab,3976,-5352,15464,-301,-13405,-2146,8804,-5816,19400,9994,-11517,-253,1412,14812,844,-381,138,-204,3751710607
crab,7672,-6448,13792,2585,-11518,-1162,8460,-4864,18304,7645,-11927,-760,1400,14912,792,-28,534,-181,2808563536
crab,9736,-5176,12520,3226,-10251,-1079,8804,-4792,16652,6709,-12266,-1081,2112,14512,624,122,487,-178,2416553653
crab,9540,-5724,13480,3678,-9156,-1517,9368,-3740,15700,7094,-12150,-1536,2496,14072,740,347,922,-27,1312779242
crab,9088,-5296,14292,3530,-8175,-1578,9680,-3076,14976,7005,-11921,-2589,1972,14212,516,616,1266,130,3590895535
crab,9476,-4804,14416,4434,-7039,-1536,10088,-2184,14860,6021,-11855,-3680,1208,14636,684,898,1509,449,3519984902
crab,10216,-4276,13268,5856,-6565,-1201,10776,-1152,13548,4251,-12047,-4400,1048,15188,516,1011,1286,534,3846156371
crab,10716,-4088,11552,5252,-6682,-1049,11716,84,12128,3728,-12182,-5047,1024,15156,456,1071,859,463,72263740
crab,12004,-3960,11272,2734,-7242,-848,11984,1264,11196,5198,-12067,-5631,824,15156,-16,1037,645,479,1934231485
crab,13524,-3636,11716,940,-7981,-559,11860,2116,11036,7052,-12535,-5718,900,15144,-240,954,606,415,949596527
crab,12772,-4228,12536,-591,-8691,337,12628,2696,11588,6858,-13269,-5629,1644,15140,-192,826,621,419,24708007
crab,11352,-4796,12248,-3143,-9755,799,13068,2660,12548,5173,-14024,-5609,1656,15300,88,885,630,542,2883373391
crab,11576,-6168,11900,-6061,-10989,687,13756,2900,13432,3908,-14446,-5780,1468,15304,224,968,551,627,2026269758
crab,12576,-6696,13284,-6786,-11928,49,14100,3028,13724,5138,-14943,-5921,1372,14968,116,1058,372,640,3120510488
crab,11508,-6976,15092,-3504,-12237,138,14508,4524,13936,6319,-16094,-5969,1244,14876,12,1137,264,616,2364291974
crab,10952,-7932,15668,-2087,-12318,-295,14640,3128,14236,4062,-17398,-5805,880,14832,-8,1247,65,577,2889701110
crab,10988,-9088,15580,791,-11970,-941,14272,3156,15048,378,-18141,-5259,1264,14892,0,1489,-92,567,591922306
crab,10868,-8996,15908,5343,-11549,-1282,13884,4100,14736,-3380,-18610,-4438,1236,14876,-512,1668,-76,553,2568681513
crab,10704,-8656,16248,10653,-11136,-1259,12796,6136,13764,-5005,-19155,-3622,1384,14944,-352,1682,-234,551,2002267112
crab,10388,-8540,16700,16757,-10768,-795,12832,7988,12500,-4955,-19388,-2692,1616,15232,-1396,1748,4,545,2337227813
crab,10484,-7784,16956,22486,-10537,161,13032,7828,13604,-7526,-19173,-1850,1492,15776,-976,1722,8,592,3199262672
crab,10592,-7164,16236,27471,-10398,1816,12520,8468,13476,-12000,-19814,-1159,1992,15960,-1916,1699,133,620,766406501
crab,10976,-6948,14484,30708,-10027,3710,11948,9564,11668,-15913,-20386,-288,1840,15952,-1660,1441,167,584,2414675565
crab,11100,-7744,12904,32345,-9279,5659,11824,9676,10212,-17753,-20819,493,1744,16112,-1620,1041,63,641,3305159209
crab,11172,-8508,11184,32729,-8009,8060,12332,9804,8020,-18713,-20577,595,1996,15976,-2596,620,5,757,741831268
crab,10976,-9008,9456,32104,-6146,10605,12256,9828,6868,-21086,-20000,103,1880,15968,-2312,331,-76,814,1234075465
crab,10784,-10488,7504,31918,-3880,13560,11932,10628,5096,-22727,-20166,-594,1924,16560,-2404,-52,-321,771,4094695295
crab,10828,-12636,5364,32767,-1137,16359,11180,10172,3548,-22581,-20896,-1389,712,17216,-2684,-612,-815,798,1054918446
crab,11428,-13436,4072,32767,1309,18890,11260,10456,1656,-20188,-21922,-2452,-524,17528,-2332,-1360,-1924,952,972813329
crab,11872,-14516,3564,32767,4319,21450,11784,11644,-1380,-17379,-23147,-4017,-628,17284,-2944,-2162,-2775,1300,4039314419
crab,12460,-16032,2456,32767,7714,24244,12268,11856,-6440,-15742,-23114,-5811,-336,16544,-2600,-2923,-3990,1299,1172486527
crab,14620,-17776,164,32767,10545,26430,11980,12104,-11468,-13603,-21219,-7245,528,15804,-2396,-3350,-4848,1069,4201475389
crab,17704,-18832,-740,32767,11868,27541,11444,13224,-15956,-12909,-18185,-8275,860,15180,-1544,-3496,-5292,788,324869049
crab,19080,-20980,924,32767,12145,27792,10540,15848,-19800,-14448,-13592,-8165,1544,14676,-36,-3256,-5274,578,983453598
crab,20456,-22944,3064,32767,11091,26947,10128,18136,-22332,-16440,-9106,-6892,3160,14484,1128,-2754,-4834,391,684082076
crab,22764,-23752,3820,30451,8182,24801,10076,20212,-23748,-17324,-5185,-4474,4516,14084,2244,-2185,-4384,190,2360820439
crab,25544,-23096,2896,25843,3605,21274,10372,21332,-24744,-16770,-431,-1979,6372,13844,2736,-1507,-3267,-217,792986612
crab,27228,-22460,996,17616,-1112,16505,10376,21340,-24368,-15826,4243,660,6756,13256,2628,-700,-1360,-682,959511144
crab,27104,-21276,200,9591,-4791,11164,11312,20072,-23544,-12409,7740,3527,5960,13220,3368,-310,-169,-874,1882583512
crab,25740,-22764,-1256,6073,-6725,5725,12904,18120,-21536,-7848,10567,6243,4724,13252,3716,387,688,-690,3238207926
crab,24208,-21432,-3216,6638,-6156,587,14148,16660,-18792,-4685,14759,8393,2812,13972,2372,1081,1716,-260,714047826
crab,23144,-19120,-5828,8536,-3764,-3863,15080,14808,-15680,-2609,19611,10230,1484,14296,1752,1642,2036,117,2365622498
crab,21232,-17000,-7464,9131,121,-7848,16456,13332,-12492,-1012,23906,11867,1476,14448,1620,1983,2123,257,1524887161
crab,19764,-16120,-7492,9554,4750,-11297,16692,11712,-9180,1856,27155,13378,964,15336,688,2029,1754,146,539545035
crab,18348,-15028,-6840,9982,9080,-13916,17384,9256,-5220,7507,28850,14228,1196,15432,172,1984,1169,-37,475033349
crab,16836,-13284,-5212,9219,12492,-15742,17948,5860,-3924,17603,28526,14559,1240,15504,-104,1807,547,-152,4248274093
crab,16016,-12620,-4208,8969,15399,-16918,17320,3956,-1540,30400,29161,15000,1468,15228,-496,1781,431,-221,1269328194
crab,13516,-10236,-3032,8838,18016,-18174,15292,4660,-5100,32767,28995,15246,2804,14984,-252,1690,798,-266,2798318998
crab,11836,-10340,-3112,8620,20447,-19773,16512,4076,-10076,32767,29807,13886,2980,15540,-412,1817,1352,-273,1723437141
crab,9348,-9748,-1144,7020,22082,-22069,13876,10428,-10988,32767,31537,12357,3708,14780,-700,1726,2059,-361,789412095
crab,7244,-8704,320,5805,23217,-23390,11916,16300,-7848,25637,31930,12820,3640,15300,-320,1916,2703,-226,3865998160
crab,8344,-9396,-88,8564,24262,-25352,9360,14260,-4908,16331,32252,13600,2700,15268,-240,1981,2967,-182,554807303
crab,5044,-8532,2820,7821,23409,-25362,9224,10840,-3272,12217,32144,12882,2156,15424,-756,1947,3079,-155,665762904
crab,3028,-8648,6224,9192,23678,-26421,9008,8152,-2180,11295,32217,12485,1504,15624,-352,1953,2891,-120,3349150089
crab,2344,-8220,9108,10466,22039,-26545,9120,8372,-1460,10939,32128,12733,1424,15268,-896,1928,2395,-172,866653248
crab,1892,-6084,12172,9329,19390,-27325,8232,7928,-1512,12843,32412,13500,-112,14972,-1240,1582,1623,-279,526427108
crab,1452,-6144,15440,10682,16944,-27915,7076,6956,-708,15449,32767,13618,228,14932,-1692,1335,894,-220,1320847271
crab,-680,-6680,16688,14738,13390,-28323,6468,6952,1740,18674,32767,13829,400,15764,-2024,1001,267,-201,1114126397
crab,-396,-4404,16672,14919,8797,-27764,5836,7996,3156,21677,32767,13619,1412,16356,-2092,705,-340,-193,1305909780
crab,-572,-524,19376,12865,5837,-27196,5024,10144,2488,22826,32767,13382,1652,16172,-2300,398,-526,-147,2784582529
crab,-1408,2480,21480,10049,2132,-26097,3020,14108,8004,20404,32767,12785,1356,16336,-2764,-128,-429,81,560680992
crab,-2720,4364,23092,7861,-1976,-24175,-1272,19936,19036,11194,30798,12806,1604,16860,-2616,-687,-313,452,2163214496
crab,-3644,4092,20936,7025,-5958,-22412,-1244,19960,22428,-1307,25030,13503,2676,16612,-3424,-1264,-6,585,2444636410
crab,-4756,4892,20196,3721,-9601,-20587,1880,12244,18424,-7452,22016,14431,2944,15592,-2724,-1783,-65,575,1538341259
crab,-5088,9020,22080,-267,-11849,-19216,704,10532,19704,-8416,19709,15388,2520,15104,-2132,-2088,-91,705,3491932490
crab,-5508,12996,23968,-5436,-15506,-16435,-3888,13012,23472,-14264,14342,13439,2044,15232,-2268,-2234,453,936,171350282
crab,-6256,12556,26656,-10910,-18010,-14444,-2336,6400,28848,-28971,8281,8140,2140,15532,-2628,-2589,894,1053,855211631
crab,-6204,8356,27064,-9058,-20419,-12127,-3816,-13140,32720,-20385,1345,6757,2552,15976,-1208,-2840,853,893,3444248724
crab,-6160,9212,26020,-5888,-22330,-8756,-5636,-12060,32767,-1345,-8394,5087,2012,15720,-964,-3119,124,724,1956438097
crab,-7004,11404,26040,-9348,-24320,-5404,-4676,-4292,32767,10172,-19428,5939,1248,14872,-320,-3113,-362,755,618285546
crab,-4568,10908,21764,-17288,-26745,-3605,-17776,6640,32767,7824,-30601,6159,204,14876,-432,-3212,-548,783,2365204825
crab,-4196,7104,19548,-22707,-27299,-1342,-4572,-3016,27728,-1490,-30947,-5398,292,15400,52,-3166,-963,789,47308638
crab,-6524,10408,19384,-24093,-26522,-644,408,-3616,26372,-4766,-26033,-4329,2084,14648,216,-2778,-1330,601,2627957064
crab,-7632,11332,16732,-29300,-25411,540,2964,5604,23716,-4560,-21380,-8933,1532,15656,204,-2783,-2695,239,2569105741
crab,-5912,12624,15320,-29180,-22672,-230,7004,9824,19208,2109,-20041,-7067,3236,14776,588,-2245,-2696,-115,1127071828
crab,-4692,13704,15900,-23196,-18826,1497,8224,7388,19044,12502,-16588,-3257,1068,15256,1372,-1726,-3304,-281,761847
crab,1600,7264,14612,-13883,-14365,2806,8252,3788,16352,13023,-14637,-789,1324,14428,1828,-1185,-3538,-190,1329263035
crab,3268,8056,14556,-13759,-12438,3954,10392,3344,15696,3950,-12981,-43,2704,13952,1288,-950,-3940,-301,2017076415
crab,7624,3588,14536,-14823,-10659,3049,11696,712,15504,-6561,-10854,1540,3496,13832,1004,-800,-3842,-443,303628925
crab,8988,2428,16212,-13500,-9881,3400,13200,92,14360,-14006,-9320,2229,3732,13808,744,-293,-2957,-473,2037921150
crab,10576,-664,16360,-11297,-9538,4150,13996,-1716,14080,-15971,-7993,2499,4156,13708,520,102,-2081,-463,2502507035
crab,11432,-1736,15860,-10013,-9531,4281,13664,-2176,15308,-17049,-6959,1601,3104,14268,556,436,-1545,-312,4012276579
crab,10888,-2828,15732,-9858,-9600,4152,13528,-3648,16312,-16401,-6769,-212,2876,14700,252,668,-1012,-24,538135772
crab,10116,-2216,16012,-10349,-10165,4206,13616,-3468,16708,-11315,-8161,-1894,2424,15212,292,921,-529,265,131417209
crab,9068,-1744,17544,-12990,-11591,4203,12740,-2972,17600,-5757,-10538,-3641,2384,15308,804,1049,-473,465,975179763
crab,8832,-2504,18404,-14089,-12944,4169,11676,-2128,19364,-2037,-12617,-5275,2160,15392,492,941,-608,558,1231628080
crab,8712,-2208,19772,-14664,-13846,4309,11160,-1656,20960,-1199,-14145,-6939,1984,15036,140,1017,-664,514,1923997796
crab,7972,-2120,21328,-13948,-14687,4687,11184,-1772,20968,-227,-15840,-7627,1800,14828,380,1118,-725,527,3455586513
crab,7984,-2360,22084,-11610,-16175,5286,10596,-516,20448,-431,-17644,-7641,2016,14408,940,1325,-849,461,2946005914
crab,7792,-2460,22372,-10832,-18541,5408,10696,256,20532,-3352,-19313,-7745,2220,14572,376,1413,-698,418,2368232562
crab,6784,-3236,22236,-10912,-21254,5136,10440,696,21620,-7823,-20918,-7883,2196,14668,644,1641,-898,277,1971183181
crab,6792,-5364,21748,-9280,-23097,5243,10080,1532,20260,-11554,-22559,-8454,2576,14700,-180,1846,-855,237,2145683220
crab,3952,-14472,15096,-7078,-22391,3720,16364,-8332,2600,-10358,-19505,-7091,2572,14812,-200,1854,-1042,247,712030047
crab,3436,4460,14568,-259,-25227,7201,11976,15472,24004,-17175,-16858,-11410,3076,14900,-792,1965,-579,188,3406152529
crab,2876,-15776,18896,-6096,-26972,4464,7952,3728,15932,-14012,-24863,-7925,2972,15212,-1072,1924,-392,8,3217108046
crab,4648,-13976,15728,-3690,-26519,5058,8576,7264,15240,-18725,-25387,-9413,3388,15564,-2304,1776,20,-104,2429392902
crab,4708,-9808,12996,-6109,-27102,5454,10376,8424,13916,-19287,-26863,-8672,2968,15588,-2384,1572,363,-188,4179141518
crab,4456,-14208,10680,-4607,-27632,4764,9764,10568,11228,-19391,-27708,-9148,3032,16416,-2476,1188,750,-207,1263941733
crab,4684,-12664,7320,869,-27602,4771,10600,11532,7264,-18909,-28900,-9373,2880,16600,-2160,971,821,-228,3777066343
crab,5784,-11944,5524,928,-27456,5039,11484,11056,4368,-21817,-27920,-9677,3348,16532,-2340,511,897,-398,204893038
crab,6996,-13592,2840,3325,-25844,5143,11440,10740,1308,-26363,-26786,-10127,2716,16648,-2684,-208,814,-532,2044537891
crab,8032,-13628,756,11289,-22894,5924,11084,11640,-3568,-28497,-25837,-10946,2196,16556,-2096,-674,665,-406,1981429447
crab,9040,-13728,-3012,20942,-20592,7071,11000,13068,-9412,-29264,-24014,-12011,1136,16100,-1504,-991,235,-142,1336233997
crab,10264,-13496,-7600,26964,-17466,8703,11640,12464,-14488,-26622,-19915,-12825,1764,15480,-1712,-1425,-344,40,1328758033
crab,11480,-16412,-11808,32310,-11449,10525,11092,14176,-16748,-23032,-12625,-14157,1720,15076,-1112,-1645,-834,-8,2953577385
crab,14092,-17224,-14172,32767,-5850,12950,11492,16312,-19320,-18091,-6785,-15567,1868,15056,-592,-1720,-1327,-110,1718754952
crab,17972,-18204,-14460,32767,-2201,14950,14056,17312,-22304,-15333,-3008,-15768,2384,14904,660,-1625,-1920,-243,1303723469
crab,19504,-20520,-11144,26448,-4574,15530,15380,17484,-24084,-12504,-1104,-15254,2568,14836,3804,-587,-2616,-573,13631991
crab,21976,-21688,-14980,17514,-7275,15309,14816,16344,-23688,-12865,2353,-13993,2388,14448,3928,875,-2632,-929,2170609540
crab,22032,-25292,-22608,16186,-5754,11996,13544,17720,-23692,-13297,6428,-12250,2588,14316,1404,627,-1992,-1002,4072243924
crab,20160,-27036,-25160,15112,-2816,7530,11912,19668,-23216,-11203,11404,-9423,3444,13748,136,315,-1095,-1026,4145141153
crab,19908,-30028,-24884,15517,2285,2898,11072,20216,-20312,-8436,16606,-6673,3500,15020,-1644,59,298,-1069,3607810801
crab,18988,-31096,-22600,18744,8523,-1927,10896,21956,-17024,-10405,21335,-4182,2912,16412,-1176,-89,942,-702,2229375351
crab,18204,-28544,-21168,19082,14806,-6434,10064,23664,-13480,-17731,24857,-624,2244,16228,124,724,1287,-72,2637891248
crab,16664,-23724,-20332,16871,20106,-9977,9032,21572,-8624,-25771,27372,3625,2596,15236,-96,862,1826,347,1321032448
crab,15508,-17516,-19960,15667,26020,-12514,8472,20352,-3904,-30895,27957,7778,2840,14228,652,1194,2222,394,3365307721
crab,14432,-12356,-17548,13013,31115,-14014,8976,17572,-3224,-31248,27834,11558,2312,13484,500,1209,2208,30,603767226
crab,11628,-10320,-13256,10068,32767,-14701,10068,16036,-4216,-29266,27648,14024,2484,13480,-348,1191,2242,-307,3171493059
crab,9268,-9300,-11400,6863,32767,-15612,9752,15072,-4828,-28104,27244,16603,1732,14524,-232,1048,2071,-591,2810861987
crab,6176,-7364,-9252,2702,32767,-16241,9124,13472,-3556,-28021,27399,19379,1288,15092,-16,906,1674,-610,2876933915
crab,4104,-7112,-6416,-2197,32767,-16377,7844,11884,-1556,-28185,26637,21733,1584,15788,192,993,1499,-520,1166655468
crab,2264,-7036,-3228,-5146,32767,-16664,5996,9372,312,-25318,25724,24204,2172,15788,140,1109,1594,-550,1984256910
