doubledump,-22872,-2048,16012,24391,21213,9228,-13028,6176,10652,21741,-10279,-9393,4196,15752,20,-4936,-21097,-8423,3432421790
doubledump,-18516,6608,-1504,9658,16314,21625,-11184,6972,7184,22769,-10669,-8664,2936,15388,2644,-3764,-19390,-9564,2096460687
doubledump,-26872,14552,-9208,-12414,20728,27353,-12828,5304,4948,26433,-9295,-7727,184,16696,3452,-3360,-18766,-10228,508718416
doubledump,-32768,-1500,3804,-31232,12864,26215,-11448,10012,4480,25854,-6849,-6004,1936,15856,5516,-2650,-18609,-10360,3416824401
doubledump,-21916,-17728,15432,-32768,7754,16461,-12888,11288,4804,20560,-7073,-4075,-2920,14756,6288,-134,-18206,-9906,818988438
doubledump,-8676,-29620,13140,-20169,8475,-1695,-11804,12760,3772,13364,-6433,-3716,-4336,13676,2488,975,-19498,-8006,2140091087
doubledump,-10036,-19884,23916,6372,4215,-21315,-11936,9340,3104,9458,-6158,-2725,-3608,11424,-1284,28,-19755,-4688,348999208
doubledump,-16424,-6156,18668,17624,-3021,-30134,-10952,8728,3772,12307,-5851,-1471,1488,11500,-3100,-1320,-15786,-2280,14220983
doubledump,-20048,11576,10496,13677,-14383,-29797,-11032,10116,5592,13779,-4420,-207,1732,12596,-3420,-2895,-9036,459,1943097549
doubledump,-12080,19432,8460,-5007,-16914,-28932,-11360,12184,9288,12349,-3960,804,4448,12532,-1444,-5394,-4032,2801,1911831214
doubledump,-13496,14508,12132,-20549,-13299,-26293,-10788,14444,10528,8867,-3736,1494,9112,13560,3512,-5935,1071,3248,3908235364
doubledump,-11728,8412,12536,-22846,-10095,-22940,-9316,12800,8596,5923,-2503,1711,11424,13572,9212,-6581,3026,1596,2220698881
doubledump,-12800,1828,13272,-13517,-4964,-20064,-9108,12008,7588,4403,-602,1985,8192,15604,13752,-4518,4558,-496,3232493524
doubledump,-13096,1136,11764,-1740,-3248,-17773,-9640,11408,7248,2621,1389,1903,1252,19540,11496,-394,7932,592,2866324848
doubledump,-14624,1748,10472,5954,-1587,-15534,-10928,10972,7932,579,1899,1572,-328,18020,4992,957,10015,2980,858881378
doubledump,-10876,1764,4644,8732,-584,-13524,-11376,10496,8964,-649,2191,497,1796,15240,1752,85,13093,4382,680697395
doubledump,-14616,360,6200,10864,5440,-14045,-11144,10052,9592,-3479,995,750,1988,12836,3712,-88,15942,4967,1198885901
doubledump,-15944,1224,4812,8342,4262,-14061,-12332,7464,10352,-2416,90,464,1892,12400,3616,217,18176,5252,2513211074
doubledump,-15388,2476,3172,776,5600,-12090,-12004,5352,9324,773,-696,-724,1192,13024,3164,34,19699,5593,4235541423
doubledump,-14596,1988,3704,-8306,7058,-9737,-13284,7084,11072,2034,-1912,-1425,768,14328,2964,-490,21345,6186,942554148
doubledump,-15124,2384,3952,-18546,7042,-5748,-10404,6868,9104,4216,-2609,-230,304,15460,3788,-364,23443,6902,3744626943
doubledump,-14080,356,3828,-26002,6722,31,-11632,10504,8504,8642,-1982,719,540,15620,2332,351,25193,7527,916494658
doubledump,-13664,-564,4068,-29349,7185,5639,-8696,12000,10408,11297,-1613,2089,184,16860,-544,18,26282,8059,890587456
doubledump,-14488,-3120,5068,-28594,6660,13265,-8152,19784,14024,5992,-466,2799,156,15328,-1532,-254,28209,8440,1047746884
doubledump,-15704,-1644,5440,-27069,4119,22996,-6676,24804,14344,-7457,631,3646,-1324,14788,-576,-126,29099,8714,3397191269
doubledump,-17032,2756,3160,-30997,-590,32767,-3804,23760,10184,-20509,1208,5408,-2216,14392,392,-274,30233,9265,3474144138
doubledump,-19776,1176,-2008,-32768,-6377,32767,-2352,20628,8132,-21591,2940,8076,-3788,14424,1648,-237,29789,10302,3487606595
doubledump,-23072,-3668,-5856,-32768,-9688,32767,-2652,23452,11132,-15412,3523,12779,-4920,15224,-448,-482,28297,11676,1983655455
doubledump,-30568,-28100,-2288,-32768,-15071,32767,-1884,31604,11928,-17561,3392,16541,-4116,14508,-504,-985,26501,13180,2616726789
doubledump,-32768,-32768,248,-32768,-16935,32767,-452,32767,9716,-27842,2252,19762,-2168,13064,84,-396,26385,13853,3283607028
doubledump,-32768,-32768,336,-30061,-14479,32767,-772,32767,5032,-32768,2041,23638,-1800,10424,-488,172,26579,13523,995729283
doubledump,-28716,-32768,-4232,-30840,-12940,32767,-1856,32767,1588,-32768,1898,28651,-56,10136,-1584,311,27470,12604,4073044250
doubledump,-20980,-32768,-2220,-32768,-8932,32767,-1984,32767,1792,-29677,1583,32767,2484,9864,480,2244,30016,10925,3557173162
doubledump,-22796,-32768,328,-32768,-7407,32767,-2008,32767,928,-31901,399,32767,1772,10140,-1676,3698,31362,8868,1875643310
doubledump,-21996,-32768,-4256,-32222,-6695,32767,-2104,32767,-2948,-32768,-21,32767,2740,14176,-3864,5017,32767,7572,4266079122
doubledump,-19388,-32768,-10156,-32768,-7037,32767,-6076,32767,-2628,-31863,519,32767,1076,19092,-3988,7152,32767,7361,2458522911
doubledump,-17940,-32768,-4760,-32768,-1574,32767,-8368,32767,-740,-28197,1446,32767,-2284,24020,-3232,9127,32767,8285,3967252067
doubledump,-15992,-32768,-524,-32768,1669,32536,-12668,32767,3336,-26312,774,32767,-4488,30148,6140,12136,32767,10327,3295669007
doubledump,-13852,-32768,-360,-32468,2122,29188,-15572,32767,6440,-26582,-1302,32767,-264,32767,-4340,9636,24567,9734,853716070
doubledump,-15096,-31100,-1160,-32768,2844,28152,-17568,32767,9684,-26838,-3075,32767,1804,30792,-6952,2813,27716,8158,852077931
doubledump,-19600,-25764,-2412,-32768,639,29946,-16912,32767,9800,-25829,-3568,32767,696,24048,584,928,26277,6562,2281129711
doubledump,-17288,-26524,-912,-32768,1300,29820,-17320,32767,10680,-23960,-3893,32767,1064,20344,-1692,1636,24440,7441,4021568959
doubledump,-18320,-23376,776,-32768,454,28416,-18048,32767,14448,-23631,-6531,32767,572,16820,-2772,2307,23896,8986,551847867
doubledump,-18132,-17808,-1132,-32768,-3474,24422,-15784,32767,13104,-27016,-9813,32767,1756,13140,-2324,2897,23451,11086,1789104747
doubledump,-10880,-23536,-2140,-32768,-8123,20135,-13180,27136,9964,-28944,-10920,32767,1784,11164,-2132,3131,23223,12095,3567197144
doubledump,-14000,-32768,4624,-32768,-12376,17841,-11080,23332,5864,-29962,-11075,32767,2664,8920,-1064,2940,24036,12342,1344286309
doubledump,-7220,-22096,3452,-32768,-10294,20056,-9272,19172,4156,-30122,-10999,32767,3948,7276,-792,2412,24920,11595,1211240563
doubledump,-7636,-16448,-3388,-32768,-6613,19809,-6848,12124,4840,-28197,-9280,32767,5776,7568,32,2878,25742,10202,1056881069
doubledump,-8420,-9272,-7032,-32768,-5279,18700,-6012,9804,5328,-25442,-4515,32767,5100,9508,-548,2788,25414,8589,347766510
doubledump,-9520,-14024,-3820,-32768,-5597,20237,-4896,8976,3860,-23295,-3625,27717,3984,12032,-1260,3258,24392,7348,261079868
doubledump,-11888,-21384,-1700,-27010,-3235,19276,-6720,4984,2764,-19386,-723,20047,1560,14324,-2764,4129,22904,6318,2669302158
doubledump,-13068,-16876,172,-13745,-1309,20289,-5556,3008,24,-17938,2314,13444,-176,15012,-1488,2540,21640,5426,2461605696
doubledump,-14620,-15304,1120,-4864,704,19216,-4868,-4436,-5132,-14191,7505,6802,-4060,15680,28,921,17796,4944,3728336527
doubledump,-16296,-12788,632,-4997,2810,17066,-1652,-8980,-12264,-6490,13741,-1265,-1316,16052,1816,822,15679,4499,3867273452
doubledump,-17524,-13928,1568,-5068,4072,13986,-784,-15084,-14888,668,26875,-8420,-436,15568,1844,1268,14024,3219,1292705951
doubledump,-17196,-13668,3580,-6247,5002,10015,-22440,-4384,3112,-10351,32767,-18176,-432,16828,912,1236,11270,2205,795506164
doubledump,-22928,-14080,5664,-5804,3781,9044,-32768,-1128,27800,-32768,32767,-28633,556,19636,736,-195,7517,1786,2501461115
doubledump,-18320,-10812,5296,-7168,692,8227,-32768,-4220,6700,-32768,28356,-32768,1740,22840,244,-1418,4544,3071,1196750820
doubledump,-15564,-11676,5160,-9376,637,6263,-17540,-18452,-6852,-13477,17322,-27407,2780,21192,-688,-1206,5867,4054,1002669676
doubledump,-14812,-11116,6276,-9493,2299,2200,-16032,-11180,7384,32767,10236,229,5000,15700,1528,-1303,7597,2732,110098259
doubledump,-11264,-14676,7476,-9143,4428,-750,-3364,3040,13044,32767,786,23711,2696,12024,2792,-1763,7739,1818,4224395787
doubledump,-13456,-13860,6636,-9308,2293,-2688,-10712,12224,18344,27227,-6663,29376,-916,10608,4652,-2413,5936,92,1455792289
doubledump,-15484,-12880,14828,-1960,3612,-5216,-14960,-616,10280,-9466,-13707,29827,-3392,11356,5524,-2328,1604,-1278,3776129365
doubledump,-23736,-17752,13272,2561,605,-2169,-18124,-6784,5256,-27099,-15999,30372,-3948,14764,5192,-2565,-2495,-1730,4068862648
doubledump,-7520,-10156,6244,4872,819,-6882,-20680,-11144,1576,-29148,-16242,30717,-4720,16696,4776,-2787,-7410,-1501,2272459245
doubledump,-17012,-11260,9120,10659,3077,-8113,-21948,-12132,1276,-21006,-15723,30076,-884,16268,3436,-3581,-10649,-1219,838171719
doubledump,-13948,-13188,7508,12101,-2780,-6529,-20412,-13168,-360,-10749,-14809,27780,1180,14708,3336,-4175,-13115,-1091,3880062424
doubledump,-13244,-11716,5768,9059,-1146,-10130,-16580,-14224,-1464,2594,-12531,24774,4592,13880,3240,-4251,-13157,-1720,1157622847
doubledump,-16952,-12300,6084,7375,-2731,-10916,-12140,-11364,-1768,14481,-7933,21818,2940,14388,3548,-4211,-14675,-2173,4234177768
doubledump,-15196,-16892,4112,12800,-3461,-11449,-9960,-8096,-12,21775,-2304,18967,3220,15104,3136,-4292,-15242,-2137,128897011
doubledump,-14484,-17668,3308,19505,-1606,-14684,-10364,-5736,1228,25334,1643,14500,3028,15068,3192,-4155,-15986,-2280,3959331695
doubledump,-17124,-16444,2040,21772,-3301,-14769,-7128,-5396,532,28022,5162,9460,4220,15320,1444,-4515,-16636,-2556,667624922
doubledump,-15596,-16628,1252,23960,-1706,-16165,-5496,-5100,-792,32767,9346,2816,3600,14736,2820,-4361,-16646,-2833,2360397563
doubledump,-19324,-17912,1924,26326,-1272,-18502,-5520,-4868,-1772,32767,13162,-5052,4476,13896,1340,-4153,-17045,-3193,1905466574
doubledump,-21136,-25756,2156,32767,-3664,-22958,-6352,-2328,-2600,32767,17307,-14052,5092,13384,636,-4207,-17428,-3817,1573299240
doubledump,-23832,-24572,872,32767,-4814,-29862,-8392,1228,-1880,32767,20044,-23128,5176,13356,416,-4206,-17677,-4660,2641126449
doubledump,-25288,-24296,-128,29361,-5348,-32768,-12132,6892,704,32767,22569,-32768,4464,13744,776,-4052,-18108,-5279,2332992660
doubledump,-24440,-26200,-1564,31388,-6942,-32768,-17264,13316,3980,32767,22653,-32768,4908,13612,1064,-3932,-18716,-5806,2240364198
doubledump,-21568,-26340,-728,32767,-4477,-32768,-22300,24168,7896,32767,21853,-32768,5600,13068,1340,-3989,-19623,-6773,2248652737
doubledump,-21368,-23972,64,32767,-3308,-32768,-23600,28064,9480,32767,22595,-32768,3976,13084,1944,-4019,-20757,-7607,1632346129
doubledump,-16876,-21840,-2588,27364,-385,-32768,-24716,29728,8916,32767,23591,-32768,3112,13696,1476,-3887,-21674,-7872,4119791547
doubledump,-13216,-25280,-3720,24043,961,-32768,-25776,32767,11544,32767,23819,-32768,1928,13816,1952,-3541,-22915,-8042,1182299424
doubledump,-8388,-25776,-2716,26285,2729,-32768,-26808,32767,15324,32767,22413,-32768,1616,15576,2628,-4089,-24646,-7852,243974298
doubledump,-6420,-23736,-2004,25515,5010,-32768,-23032,32767,13624,32767,21163,-32768,996,15372,1988,-4531,-26319,-7390,1034700609
doubledump,-4496,-22664,-1908,21404,7271,-32768,-22336,31452,9288,32767,20637,-32768,968,16092,944,-6512,-27943,-6858,975963805
doubledump,-2612,-24964,-1704,18882,10026,-32768,-21488,28320,5840,32767,20071,-32768,2684,14324,820,-7863,-29224,-6677,1506691915
doubledump,-660,-31528,1640,22525,12027,-32768,-19408,30588,5076,32767,20020,-32768,4332,11668,-88,-7699,-28504,-7496,2302711785
doubledump,-2272,-32768,4800,30218,12004,-32768,-19716,30432,7724,32767,19232,-32768,4144,10232,-300,-6703,-27565,-8757,3349345819
doubledump,-5108,-29676,4876,32526,9925,-32768,-18040,25184,8892,32767,17655,-27561,3556,10784,-2280,-5990,-27229,-9429,997386958
doubledump,-6332,-25112,4156,28803,6564,-32768,-15940,22276,8940,29364,17918,-21948,3080,11692,-2232,-5307,-26738,-9782,247846981
doubledump,-204,-23076,3268,20840,4470,-32768,-18924,19748,6588,21336,18472,-17333,1904,15012,96,-3975,-26852,-9489,2073223634
doubledump,3184,-24200,4180,14511,5318,-32768,-21208,8940,-3476,28387,18425,-10529,-1552,21384,1968,-1690,-27365,-8463,214762731
doubledump,5000,-25000,5640,13782,6522,-32768,-32768,-6872,32767,32767,-4433,3107,-1244,24812,-1996,-617,-28358,-6955,658541691
doubledump,5940,-23760,6732,16250,7536,-32768,-32768,32767,32767,32767,-24476,3917,2636,26216,-4248,-1867,-28532,-7041,2379619663
doubledump,6584,-23716,6768,21259,7927,-32768,-15768,30212,14152,19113,-17078,-1189,3600,26672,-2972,-1779,-26750,-8505,3914233142
doubledump,6896,-21024,6344,27534,7626,-32768,-21540,12424,3012,14773,-11859,-1754,2036,24060,-2784,-2354,-24925,-9840,2764995207
doubledump,9772,-16680,7296,29836,5919,-32768,-15176,8796,3184,5422,-6865,-1295,564,21892,-1576,-2070,-25434,-10529,686367800
doubledump,8284,-15316,7608,26027,5760,-31729,-12812,4556,3784,4151,-4680,-2213,-1076,19644,-228,-1553,-27667,-9923,901531584
doubledump,5220,-12000,7440,18582,5416,-26420,-10080,3592,3700,7623,-6033,-1131,-124,18672,-504,-1044,-30106,-9147,3622472203
doubledump,4524,-8604,6184,10732,4886,-21763,-5336,2732,2260,11391,-3477,-937,1880,16248,-3224,-795,-29493,-8733,3442305227
doubledump,6128,-9564,4828,7020,5723,-17428,-7688,848,3048,12264,-4270,-2245,2408,15036,-3796,-1360,-27878,-8840,475051024
doubledump,6356,-11776,4228,8679,7413,-12558,-7324,2672,6696,13198,-3922,-5328,2176,12744,-3380,-1873,-27339,-9136,2396925452
doubledump,1728,-8184,4400,12219,9883,-6485,-7392,-1416,7452,12820,-5998,-4436,768,11532,-4340,-3436,-27238,-8878,2275044884
doubledump,2384,1520,1632,10605,13161,320,-7628,-2496,6884,16884,-4650,-825,1296,12260,-7380,-5860,-25783,-8184,108670179
doubledump,7920,11916,-8556,-2609,23101,9011,-9472,-1760,3468,22263,-3207,528,3136,11892,-5792,-7483,-21102,-8758,2123280107
doubledump,-29632,-1128,22880,-3470,30765,24482,-12304,-1032,5024,27333,-4248,91,2904,13848,-796,-7680,-19453,-9411,3123021619
doubledump,-32768,-16916,20316,26634,28111,32767,-13988,3716,6088,27595,-5169,-3110,3868,15396,1276,-8611,-20175,-10292,2960370579
doubledump,-32768,-12452,480,32767,22631,32767,-14016,6136,7444,26006,-4822,-3384,2552,16148,3456,-8354,-20971,-11768,2202970586
doubledump,-30576,3500,15120,4659,12628,32767,-17132,9936,8356,23882,-4165,-4155,-4144,17172,7144,-5432,-24933,-10703,3979950959
doubledump,-7892,-19944,11808,-31842,-626,-2599,-16140,11428,4904,17137,-5912,-3666,-3136,14048,5380,-4206,-27230,-8222,3364559065
doubledump,-4976,-17700,4152,-18493,-3981,-31212,-15540,10476,3580,12533,-5988,-2229,-2388,11500,4072,-1834,-23807,-4728,106666084
doubledump,-18052,3544,22060,-14182,-8314,-32768,-13296,8396,1576,11404,-6796,-706,-2460,12768,-232,581,-20356,-860,351859480
doubledump,-21220,10732,11336,-756,-16990,-32618,-10964,8628,832,11752,-6690,472,4320,12888,-5824,340,-15211,2799,1692682855
doubledump,-10552,19028,4536,3399,-15298,-25417,-10392,6392,3068,11793,-4626,2321,14016,13572,-10648,-3896,-8595,3894,2831164739
doubledump,-5632,14076,6580,2121,-6278,-20881,-11248,6176,7448,13098,-2503,3229,17768,12444,-2296,-8602,-2637,1692,4204745965
doubledump,-6800,12368,5996,3593,-1032,-15996,-11096,6568,10120,13083,-1438,2678,16876,13416,4876,-11315,1448,-1329,857342700
doubledump,-2620,20780,1744,-471,2490,-9558,-11892,8252,11328,11381,-2220,1078,8932,13496,20856,-6542,8739,-2288,2023136610
doubledump,-3824,19012,6616,-7903,6453,-1904,-9060,9992,8924,8713,-528,445,416,13924,16424,1598,6414,-453,3203706460
doubledump,-6228,13484,10692,-7521,7316,4431,-10268,11576,7312,7239,1666,1740,4744,15516,2396,2051,7972,634,1188980978
doubledump,-7952,7676,10796,-1569,8778,7975,-11636,14348,6992,3612,2190,2667,3136,14592,1112,-332,11043,518,3009034700
doubledump,-10676,5688,8716,1671,10057,7663,-13408,14064,6944,-2090,1364,2923,844,15340,4200,-1281,12321,477,1094539578
doubledump,-12484,4836,7052,-24,7674,5953,-12688,11404,7256,-4915,856,3124,-456,15764,6048,-1383,12848,865,3750077747
doubledump,-13136,3156,5844,-4498,7217,3535,-11828,9268,7464,-5610,1436,3825,-840,14876,8076,-753,12422,1726,1458721557
doubledump,-13904,1404,5668,-8182,8406,1669,-11536,9056,8148,-6518,1366,4280,580,14020,5756,-616,12267,2618,3431972807
doubledump,-15708,28,5652,-10041,9084,1357,-10852,7372,7768,-5337,520,4541,2128,13116,5676,-224,13598,3390,296106313
doubledump,-15928,-720,4520,-11756,9099,2023,-10672,7668,7816,-4398,-271,5600,2816,12756,4372,462,16157,3990,3454332136
doubledump,-16788,-1656,4676,-13238,10382,2660,-10192,8172,7156,-1766,-443,7241,2772,14208,4084,857,17993,4735,2198398924
doubledump,-17704,-2620,4088,-14394,9836,5217,-10436,8356,6864,1777,573,8315,2480,13328,1968,465,19223,5616,3826824809
doubledump,-16188,-3364,1884,-15671,10021,8236,-10948,11168,8200,4241,1194,8305,2104,13344,2708,222,20750,6419,3115000652
doubledump,-15572,-3032,48,-15665,11326,11002,-14348,17904,12460,1381,280,8963,1640,13164,4112,-301,21758,7322,3264847406
doubledump,-15300,-1008,-668,-18810,12437,14906,-13820,16796,12596,2331,-2466,10791,1736,13072,2268,-75,22775,8466,2946554855
doubledump,-16096,888,-960,-26782,14840,20071,-11564,18604,8948,6303,-3357,13620,2212,12484,-556,-102,24200,9700,2128034026
doubledump,-20296,-2764,-488,-32768,15924,26943,-9036,22884,5788,7551,-2345,16672,1592,13068,-152,-679,26251,10914,1454519669
doubledump,-24736,-11940,404,-30130,15394,32767,-10828,32767,11204,-2228,-3898,20187,-108,13076,-280,-455,27888,11884,286232024
doubledump,-26580,-19996,3876,-19120,14331,32767,-10892,31960,10276,-11005,-6588,24878,-380,13636,92,-57,29864,12370,2341169806
doubledump,-29252,-17444,4568,-22536,16265,32767,-8496,26520,4312,-13080,-6723,29495,-1288,14112,84,319,30308,13016,713622124
doubledump,-32768,-22000,5024,-32768,16569,32767,-5808,28672,-48,-10420,-3133,32767,-904,15904,556,1281,29874,13733,638541170
doubledump,-32768,-29852,3536,-32768,14088,32767,-4920,32168,-540,-15705,870,32767,-1988,17896,1048,2792,28840,14225,4271008078
doubledump,-32768,-32768,8880,-32768,10669,32767,-6792,32767,692,-23991,3982,32767,1224,18564,2296,6438,30828,12692,1050165099
doubledump,-32768,-32768,13168,-32768,7588,32767,-6112,29828,-652,-27128,5656,32767,4608,20012,-2064,9576,32767,9260,4074130552
doubledump,-32768,-32768,10844,-32768,4119,32767,-2704,29372,-3676,-23406,8252,32767,2676,21084,-3604,9646,32767,6442,1522778186
doubledump,-32768,-32768,5776,-32768,1249,32767,-1428,32767,-4104,-20932,12447,32767,-2840,24816,-452,9060,32767,6169,2306083527
doubledump,-27660,-32768,3312,-32768,148,32767,-3124,32767,-2792,-23772,15312,32767,-3740,25200,1136,9657,32767,7980,481937825
doubledump,-22812,-32768,9168,-32768,-1497,31278,-3744,32244,-424,-24959,14986,32767,-1192,25092,-3552,8092,29674,9201,2307565858
doubledump,-18324,-32768,10300,-32768,-3562,29779,-2280,31484,2260,-22044,13623,32767,-900,22476,-3544,5127,29022,10042,1643316004
doubledump,-14936,-31788,5560,-31123,-5621,26912,-2236,31376,3656,-22661,12467,32767,-1600,17568,-1344,4151,30300,10427,4234061991
doubledump,-12472,-24360,1936,-32768,-8145,23445,-4328,28000,4884,-24496,10829,32767,-576,15572,-2108,4192,30532,10614,285746728
doubledump,-10740,-24876,1440,-32768,-8842,19658,-2172,23984,5956,-25546,8195,32767,-184,14264,-3112,3948,30062,10641,3294491268
doubledump,-11124,-28216,3492,-32768,-10078,17386,1752,22552,7108,-25105,4471,32767,128,13372,-3088,4011,29014,10836,463423946
doubledump,-10520,-25316,5588,-32341,-11228,16009,3464,23500,8640,-25362,2723,32767,156,13220,-2768,4625,28212,10969,3494001595
doubledump,-9076,-19536,4456,-28041,-11855,15921,-472,23356,7916,-29660,933,32767,-692,14044,-2988,4906,27612,10961,952213684
doubledump,-5692,-16112,2156,-32768,-12291,17384,-2212,19496,7824,-32058,-1960,32767,-128,14348,-2744,4628,26599,10494,1711336011
doubledump,-4416,-19544,2128,-32768,-12213,18770,-1228,15684,9772,-30148,-5644,30893,1552,15412,-3780,4561,25503,8960,1046283892
doubledump,-4552,-26940,3816,-31534,-13791,19384,4048,15252,9240,-24829,-7003,28303,676,15536,-28,4116,23456,7663,273948181
doubledump,-4980,-25404,4580,-22316,-15081,19779,2056,15108,9508,-21578,-5315,24956,1600,16184,-100,3210,20865,7086,2603783315
doubledump,-5828,-21648,2756,-21765,-15602,18060,1668,15104,8320,-23816,-4782,21806,776,15528,-388,2610,19565,7513,46032230
doubledump,-6228,-22184,1508,-24869,-15268,14937,6432,5412,9780,-26656,-5153,18388,2408,13904,-1284,2444,19533,7758,968574149
doubledump,-7052,-23452,1176,-24563,-14007,11536,10196,-1828,6212,-22716,-1380,14968,5564,12712,-2488,1669,19965,6645,3648111215
doubledump,-8068,-21632,1816,-22516,-12465,9529,4444,-4724,3220,-15924,4440,7878,5540,13268,-1228,730,20550,5115,1425836809
doubledump,-7528,-19528,3116,-20828,-10602,8318,-312,-1936,2068,-12966,10464,1096,4420,14188,592,1047,20692,4390,4110428731
doubledump,-7016,-19216,4216,-17871,-8549,7211,-8080,-2228,4820,-13746,16098,-3333,4884,14416,-272,1758,21364,3931,2172847084
doubledump,-6944,-18244,4952,-13391,-6982,6120,-14684,-6272,2408,-13201,18342,-5962,5452,15248,-1572,1719,22168,3110,2010181926
doubledump,-7120,-15052,4592,-11991,-5513,5579,-21896,-6136,3100,-7015,22108,-5277,5348,17192,-2304,781,22683,1838,4202212460
doubledump,-8396,-13672,4816,-13681,-3881,5384,-27784,-3652,10556,-3240,27613,-11187,3256,19032,-1396,-196,22387,1476,684356102
doubledump,-9516,-13640,6820,-15552,-2365,5321,-27760,5488,12520,-19103,19701,-9557,1188,20400,228,-1,22184,2171,401218983
doubledump,-9364,-14572,9404,-15920,-730,5255,-17156,-44,9348,-22901,12643,-3093,224,19820,1792,-418,21004,2933,2595374356
doubledump,-7948,-14908,10304,-13665,992,4370,-13124,-6148,7636,-16834,6069,2732,824,15696,1664,-1461,19607,2472,3179953881
doubledump,-8388,-13364,12228,-11646,3086,2937,-9224,-17148,2684,1661,-1053,7106,1564,11732,3092,-2333,16986,340,592796386
doubledump,-8324,-12888,12820,-8777,4928,1706,-7132,-7588,7356,8814,-2944,9812,-2884,10600,5968,-2912,12939,-2133,2772662071
doubledump,-7588,-12876,13660,-6275,6739,969,-8600,-7364,6820,-3320,-4808,11093,-6904,13448,6272,-2308,8948,-3740,4223600122
doubledump,-8300,-14916,14164,-3017,7574,536,-7116,-14240,244,-12570,-4688,9659,-10512,15588,7372,-2092,3394,-3252,2099453530
doubledump,-7332,-16976,17252,5542,9865,-604,-7332,-20696,900,-5412,-2674,9033,-10564,16028,6720,-2259,-1684,-2263,4152428227
doubledump,-9432,-18188,18364,15703,7791,-2123,-7352,-14608,3936,1738,-2900,8169,-6916,13988,7776,-2503,-6492,-1531,4194277926
doubledump,-10252,-13912,17360,20705,7681,-5216,-8316,-11100,6624,2163,-3354,8170,-4156,13032,6916,-2509,-9664,-1478,2779364295
doubledump,-10332,-10288,15008,15955,4778,-6851,-11552,-8788,7276,390,-5346,9777,-2028,13812,5868,-2588,-11842,-1456,1956586269
doubledump,-10280,-10128,14764,8795,4496,-8913,-13420,-6704,5632,-1215,-7060,12098,-324,14620,4596,-2410,-12858,-1830,105690129
doubledump,-11168,-13756,15884,5032,2268,-10384,-16044,-3724,4556,-4511,-6702,14436,32,15864,4120,-3018,-13816,-2067,1891454268
doubledump,-10856,-18148,15856,9454,510,-11741,-16944,-3568,3996,-6112,-3039,15146,48,16064,4424,-2959,-14397,-2243,1163670674
doubledump,-9608,-18208,13664,16007,610,-13071,-19504,-4072,3720,-1509,91,15272,-440,15952,4096,-3173,-15118,-2569,3012290811
doubledump,-8852,-15460,11124,15416,708,-15094,-18044,-4068,1020,6067,2490,14971,-1060,15768,4184,-3117,-16812,-2636,2486613253
doubledump,-7508,-17148,9780,13259,1584,-17352,-15132,-1440,-628,13576,5760,13320,-308,15192,3216,-3344,-18584,-2650,1370109990
doubledump,-8488,-26628,10216,19915,2798,-20826,-12756,1424,-100,19054,9452,11037,236,14988,2752,-3784,-20378,-2796,1027028678
doubledump,-8820,-29576,10428,30731,2649,-24163,-13044,1524,2464,25131,14064,7072,1040,14412,2352,-3854,-21698,-2993,4179728506
doubledump,-6732,-25512,7892,32767,3768,-28582,-16832,1076,5588,32767,18164,1547,1200,13692,1416,-3916,-22219,-3381,3399550980
doubledump,-2064,-21264,8644,25186,5012,-32768,-20748,8512,6156,32767,19755,-6599,4168,13252,936,-3505,-21317,-3968,70764396
doubledump,-4428,-29600,7576,23302,8042,-32768,-18936,21404,4724,32767,20173,-14381,5984,13764,1080,-2916,-20288,-4255,1026386928
doubledump,-7876,-32768,8716,32767,7588,-32768,-14772,24808,7744,32767,21636,-18888,7936,13068,-24,-2896,-19790,-4272,2187661897
doubledump,-9364,-27416,5416,32767,5754,-32768,-12000,23848,10196,32767,23346,-24104,8204,9328,3204,-3156,-19495,-5186,2219207519
doubledump,-7568,-20220,4872,32767,4936,-32768,-7776,26940,12996,32767,23897,-31482,6396,8828,3636,-3193,-18717,-6949,1640585134
doubledump,-5252,-20172,6836,26035,5110,-32768,-3384,32767,16692,32767,23429,-32768,2892,9496,5520,-2667,-17886,-9274,2820812773
doubledump,-4020,-23544,7840,22360,5143,-32768,-7772,32767,19376,32767,23553,-32768,-1704,13080,6308,-1793,-19254,-10884,3247887914
doubledump,-2980,-27832,8436,26043,3995,-32768,-9752,32767,16636,32767,21236,-32768,-5248,16604,3396,-2312,-22616,-11045,2510028365
doubledump,-1312,-24688,7416,26851,3054,-32768,-11696,27580,12852,32767,19902,-32768,-6768,16664,572,-4543,-27580,-10455,2363915548
doubledump,-156,-21308,8048,23976,3178,-32768,-18588,30868,19688,32767,15026,-32768,-5112,14608,648,-5597,-30235,-10756,3717186608
doubledump,1632,-20964,9984,21929,3281,-32768,-16360,32767,21156,32767,9066,-32768,-2952,12828,1068,-5440,-32069,-12237,2854289983
doubledump,2516,-24020,10652,24617,2380,-32768,-13412,32767,18104,32767,5909,-32768,-2000,12712,304,-4994,-32768,-14338,1419937387
doubledump,4088,-23956,9456,28094,930,-32768,-11704,32767,14756,32767,3371,-32768,-2272,13588,-972,-4198,-32768,-16086,879648476
doubledump,6492,-23324,9084,28860,155,-32768,-9684,27408,12948,31847,2628,-31320,-2412,15264,-1780,-3012,-32768,-17163,72423164
doubledump,6104,-22640,13416,29481,-140,-32768,-10564,23460,14016,32647,2665,-29925,-4032,19604,-3704,-1852,-32768,-16909,383217096
doubledump,6892,-20712,17000,29038,-1536,-32768,-13896,22920,9416,32767,2540,-28673,-4696,24712,-4228,-1023,-32768,-14814,1533459768
doubledump,7912,-19872,16912,25480,-3859,-32768,-20124,20632,14648,32767,-437,-23607,788,32024,-4312,788,-32768,-12000,3558301475
doubledump,9376,-19776,13952,21134,-4263,-32768,-22996,16232,19900,32767,-9911,-12624,8312,32728,-6204,1966,-32768,-10701,1290487788
doubledump,9044,-17112,11672,17677,-3552,-32045,-18224,32767,12916,32767,-9973,-14700,11304,29836,-7060,-518,-32768,-10801,4200249109
doubledump,8180,-13668,12964,14114,-3080,-28733,-17924,32767,11016,32767,-11996,-13732,7824,24632,-1960,-2569,-29027,-10767,202174487
doubledump,6792,-10400,15680,9606,-2968,-25077,-14124,25916,7596,24176,-12082,-14655,4884,18352,-436,-2932,-25158,-10744,921578239
doubledump,5292,-9024,15364,5461,-3386,-20733,-10796,22536,5612,23699,-9958,-12338,2552,13632,276,-1936,-24340,-11086,3979442819
doubledump,5256,-8792,11972,4165,-2893,-16080,-7720,19988,5952,24893,-9904,-8113,668,11544,236,-859,-25402,-11252,2389060513
doubledump,5680,-8180,8564,4832,-107,-12466,-7372,18384,6264,21711,-9098,-3589,-584,10588,-412,-843,-26116,-11311,3066312136
doubledump,5160,-7632,10080,7611,4414,-10156,-7076,13844,5908,17972,-9181,-2186,-1804,10984,-1156,-1692,-26117,-10983,3708902449
doubledump,-1956,-6292,14808,6996,7377,-6551,-6592,10596,5744,17591,-8576,-1493,-2188,11780,-1016,-2330,-25989,-10257,646734717
doubledump,-1988,-5728,13632,5931,9815,-829,-6828,8552,6096,17874,-8339,-1330,-2184,12748,-3228,-3310,-26076,-9302,3298479314
doubledump,-3344,-5676,12084,8899,13279,5703,-6684,7448,6088,19389,-7591,-1083,-276,12996,-2408,-3635,-24260,-8430,1178934864
doubledump,-11312,492,14384,15719,14041,13422,-7820,6212,6744,20260,-5986,-1009,2024,13860,-1420,-3674,-22055,-8042,2415313103
doubledump,-20420,2932,16328,16343,17107,22081,-11344,6024,10836,17243,-6356,-3018,3996,14964,712,-4379,-20621,-8121,2553136830
doubledump,-32768,2760,21912,9657,13571,32569,-11240,2976,15180,14670,-8677,-4990,4532,15456,2384,-4470,-19107,-8975,1178613969
doubledump,-32768,4692,9488,-9827,5975,32767,-13004,2920,13040,16231,-12469,-4710,3496,15984,3096,-4352,-18224,-10206,3428510897
doubledump,-26240,-2100,-5204,-32768,-3067,32767,-12516,4968,10272,17861,-11360,-5717,-228,15672,4684,-3765,-18393,-10518,2535672012
doubledump,-12060,-21512,-9944,-32768,2260,15447,-11348,8676,4860,18599,-9585,-5785,-1228,14256,4892,-3261,-18501,-8707,3604893894
doubledump,-9976,-26972,1972,-32768,10611,-7143,-11948,11116,4308,15134,-8052,-4180,1156,11832,3900,-2376,-16636,-6319,1393315834
doubledump,-13200,-20724,24676,-11037,7523,-17236,-10220,11652,5268,11266,-6086,-1534,3584,10764,2548,-1602,-12785,-4086,1842978795
doubledump,-7068,-12200,12648,17152,799,-19218,-10332,10360,8112,8143,-4687,400,5424,11832,1648,-2240,-8389,-2256,3062910649
doubledump,-7308,4036,7100,28310,-2795,-21603,-9424,7964,10040,7788,-3852,1519,8372,12140,5032,-3252,-3321,-1306,1080106039
doubledump,-7728,19908,4632,15288,-2455,-22140,-9388,8228,9828,8327,-2488,1865,10720,12780,9044,-2216,847,-1398,290801457
doubledump,-7816,20556,7904,-5075,-1595,-17976,-9656,10812,8244,5683,-896,1587,7448,14060,9776,-212,4721,-2030,1630411455
doubledump,-6368,12904,11092,-11343,279,-12322,-10092,11880,7472,1539,734,1363,1844,15756,6888,1107,7780,-1448,882802069
doubledump,-7048,5856,13468,-2910,3267,-7854,-10320,12072,7332,-1394,2198,1657,200,16220,4520,113,9796,-461,1777325014
doubledump,-7876,4552,13588,8847,4673,-5806,-9920,12368,7660,-4706,3641,2281,-1680,15360,5556,-817,10466,202,44578987
doubledump,-9096,9840,10704,14275,4411,-5647,-10472,11324,6948,-7105,3549,2656,-3012,14500,7276,-537,10558,896,3890696396
doubledump,-9496,12944,8364,10789,4248,-4068,-9872,10172,5680,-7609,3203,2825,-1900,13224,7500,92,10306,1371,3500799893
doubledump,-10724,11600,7920,6409,4246,-2391,-10180,9660,5020,-8010,3561,3141,-1684,12880,6904,413,10237,1542,1788626010
doubledump,-11704,7744,7864,4264,5001,-1155,-10208,9288,5276,-8101,4529,3840,-1468,12616,6000,542,10505,1773,775680001
doubledump,-12628,2904,6780,5749,6628,-1194,-11280,9168,6980,-8487,5043,4245,-1244,13152,5180,399,11220,2179,2194614779
doubledump,-13752,1404,4916,8637,8404,-1922,-12068,9384,7296,-9265,4954,4130,-420,13644,5500,702,12506,2597,1267143827
doubledump,-14532,1688,2952,8409,9887,-2264,-11044,9848,6764,-10364,4412,3928,-132,14760,4160,971,13943,2887,309284440
doubledump,-14328,5416,608,2240,11530,-563,-10832,11036,5488,-12010,4819,4524,-668,15736,2920,882,15384,3208,2879073356
doubledump,-13832,6148,-1068,-9904,13684,2607,-10956,10680,4852,-12702,6293,5541,-1832,15448,2800,977,17016,3769,109591843
doubledump,-14200,3572,-2496,-21038,16406,6429,-11700,11516,6076,-12867,7570,6016,-2624,14708,2556,964,18409,4674,1935128324
doubledump,-16736,-2376,-1172,-25735,17620,10560,-12396,13292,7616,-14570,8220,6084,-2072,14624,3028,705,19362,5616,3936111997
doubledump,-19660,-9364,-700,-21195,18591,14523,-13776,16884,11296,-21118,8359,6644,-1776,15196,2796,390,19723,6256,1898187561
doubledump,-19612,-14432,716,-8921,19026,16267,-13468,16684,9972,-26647,6597,8787,-1656,15700,1380,-106,20111,6546,1438210981
doubledump,-21260,-7576,1764,-8743,22290,17135,-11108,12552,10236,-28662,5118,11478,-2232,15828,836,-565,20585,6603,1807677974
doubledump,-23452,-4244,3772,-21853,26031,18667,-11016,11140,11824,-26828,4129,13513,-3932,15056,1052,-1282,20383,6820,3213119656
doubledump,-27996,-6660,6736,-32768,25270,22248,-12016,12444,13428,-23084,1926,16058,-4596,13208,892,-2123,19318,7605,580127181
doubledump,-29100,-10604,5864,-32768,20750,27290,-10856,14040,14116,-20246,-566,18701,-4600,11200,1488,-2641,18390,8684,2641647199
doubledump,-27596,-15652,9188,-32768,15085,31405,-6728,14672,14176,-19192,-2522,20842,-4324,9940,1688,-2963,17846,9707,1314688088
doubledump,-25328,-12884,13804,-32768,6047,32767,-5220,15520,16180,-16267,-4316,23206,-3540,9100,1228,-2737,18820,10180,2632349896
doubledump,-25056,-14100,4288,-32768,-2621,32767,-6408,19008,18440,-13213,-7037,25842,-2568,9412,308,-1763,21106,10307,3768037708
doubledump,-31912,-21204,-4188,-32768,-12068,32767,-2824,23792,19556,-11313,-9330,27722,-1428,10888,1964,-636,23277,10103,1910569304
doubledump,-32768,-25748,-11432,-32768,-21454,32767,292,31668,18588,-14941,-9973,29008,-32,13000,3596,1471,25969,10185,960256011
doubledump,-32768,-32768,-20344,-32768,-28403,32767,832,32767,16872,-22857,-10707,30882,1076,16228,2636,3717,28469,10447,3546256462
doubledump,-32768,-32768,-19508,-32768,-29926,32767,-152,32767,14620,-27825,-11071,32767,3636,19500,1520,5259,31026,10609,1399350613
doubledump,-31404,-32768,-14708,-32768,-26213,32508,-192,32767,13500,-31430,-11075,32767,4856,23300,-412,6018,32723,10451,2446674380
doubledump,-27716,-32768,-12528,-32768,-21185,28393,-328,32767,12544,-32768,-10472,32767,4108,27844,-168,5428,32767,10559,2404258304
doubledump,-23016,-32768,-14000,-26138,-17862,26196,-2528,32767,11752,-32768,-9614,32767,2152,29316,-1188,5062,32767,10803,3820575476
doubledump,-17352,-32116,-12956,-25514,-14322,23841,-3748,32767,10600,-32768,-9727,32767,784,28204,-4188,3804,32767,10441,894130120
doubledump,-14020,-32768,-10200,-24461,-10841,21740,-4416,32767,10872,-32768,-10525,32767,-1344,24692,-4812,1818,32767,10420,4211785633
doubledump,-13716,-31304,-7104,-20855,-9768,20005,-3748,28276,12620,-32768,-11655,32767,-1116,20128,-2376,916,32767,10846,3971405326
doubledump,-12040,-29116,-4900,-18862,-8701,16331,-3192,22652,13340,-28624,-13015,32767,-920,16744,-1880,1683,32767,11719,2012895691
doubledump,-10700,-26364,-3096,-19139,-8752,11301,-2984,22128,12200,-19833,-13922,32767,764,13832,-2668,2486,32767,12169,1691710227
doubledump,-8104,-24812,-2536,-20310,-8860,6785,-2248,26312,13416,-17849,-13518,32767,1076,12556,-3212,2650,32767,12340,2084313141
doubledump,-6196,-21848,-2300,-20072,-9182,3683,-848,29572,14872,-26656,-14889,32767,1324,12352,-2932,2412,32767,12348,2715363388
doubledump,-2372,-15084,-264,-20103,-10618,3807,-232,22544,13504,-30056,-15381,32767,876,11932,-2148,2167,32362,12636,362311941
doubledump,-4840,-15988,-324,-19662,-10883,3637,-600,18396,13236,-25383,-15447,32767,600,11804,-2592,1743,30618,12739,3637103858
doubledump,-4948,-13788,-452,-21302,-10817,6389,-1248,16276,12456,-19718,-14813,32466,500,11220,-2052,1928,29835,11820,4109392478
doubledump,-4252,-12584,-516,-24332,-10527,8877,-2228,21792,13660,-21917,-14089,28429,924,11868,-3524,2121,28027,9892,1563014895
doubledump,-4348,-14328,-2004,-27046,-10908,11915,-32,20652,9456,-27975,-11106,23056,1108,13108,-5120,990,25541,7142,357731258
doubledump,-4964,-15488,-2092,-28811,-9949,13624,-1096,14352,5512,-26929,-4828,18399,-3888,15976,3348,-474,21674,4541,1516364997
doubledump,-6208,-17648,-1364,-29311,-8322,13837,-3872,9052,5076,-21810,1462,15000,-6752,17392,9772,2136,17031,3957,4043528992
doubledump,-7692,-20084,672,-27882,-6933,13204,-8108,5888,4392,-18001,7081,11479,-3932,17056,-1292,2201,15334,3766,1815488461
doubledump,-9168,-21088,1888,-24286,-5268,11798,-11804,2560,4548,-17601,10944,6289,-3392,15296,488,-940,12875,3679,3984850038
doubledump,-10508,-19520,3072,-21363,-3876,10413,-13004,-3424,1488,-18629,15043,166,-2244,15928,4272,-1262,9457,4630,1049441541
doubledump,-11216,-17344,3560,-21765,-3609,9313,-8852,-11780,-11104,-13827,22278,-5744,1540,15940,4496,-398,7257,5463,2485010696
doubledump,-12136,-16100,4296,-23894,-3421,9071,-28780,-5424,9644,-15334,29558,-7642,3296,16792,2180,-382,5438,5744,2204947747
doubledump,-12008,-19044,5428,-22078,-3477,8524,-32768,-8048,25136,-28300,27615,-14550,4876,18668,724,-1097,6114,6265,1406738106
doubledump,-11328,-18440,5196,-16509,-3036,7491,-30448,-17580,-7760,-21744,19134,-17004,4412,20056,3424,-1294,8028,7512,3411997896
doubledump,-11764,-14920,4348,-15305,-2155,6022,-5712,-18864,-9260,14568,14385,-12340,6692,17084,2628,-1028,10383,8549,3763759107
doubledump,-12256,-13204,5104,-25211,-2974,4102,-14948,-3432,15512,32767,5050,5027,8736,11136,3100,-320,14176,6696,1189501453
doubledump,-10464,-19712,5096,-26155,-3044,920,-7368,4652,17064,21267,-4447,15000,7120,10372,472,-744,16681,3710,946719177
doubledump,-10900,-21464,5388,-18770,-3812,-209,-5932,1908,8168,-6302,-10737,17600,2716,10188,1600,-1548,17051,1456,2718176523
doubledump,-14620,-17300,7540,-10234,-3019,-685,-8484,-19984,-4324,-16550,-15395,19422,-1444,9864,3824,-1700,12795,-610,2743985492
doubledump,-9052,-16332,5952,-6003,-504,-1807,-4024,-26764,-5560,-8800,-13888,16063,-4464,12916,5484,-1576,7381,-1664,1101434577
doubledump,-13708,-15556,8696,239,1332,-1153,-2916,-23092,-3236,-1485,-8706,11195,-9252,15252,7700,-838,1064,-1137,3868556432
doubledump,-11408,-15536,7128,3983,-535,-618,-3624,-17884,-768,419,-3617,7954,-6500,15968,5076,113,-2790,-527,3570075783
doubledump,-11068,-15072,6172,6107,1655,-1694,-4604,-13136,604,-289,-1561,7272,-4852,15808,5444,-129,-7107,-589,3913128727
doubledump,-10820,-17076,5128,8441,1305,-1915,-6904,-10260,2580,-1520,-2059,8831,-1276,15956,2780,-1101,-10367,-756,4284658584
doubledump,-10988,-17812,4688,11440,2913,-4149,-9368,-6908,2348,-2733,-3822,10852,740,15024,3708,-1369,-11642,-1272,1818905469
doubledump,-12120,-18048,3380,10788,2742,-6449,-12460,-5312,1532,-3958,-5470,13159,1904,15324,2160,-1528,-13371,-1785,2844777539
doubledump,-11688,-19808,2564,12764,5393,-9345,-14132,-5924,980,-1668,-5816,15677,1840,15460,3248,-1906,-13790,-1771,3234642229
doubledump,-12760,-20696,3756,18872,6003,-11115,-15700,-5912,224,3520,-3996,16725,2268,15332,2784,-1890,-15179,-1581,285453870
doubledump,-11652,-21276,3848,25564,7101,-12083,-17980,-2364,1344,8033,-1759,15687,3376,15168,1368,-2448,-16147,-1612,538205768
doubledump,-11632,-19896,2728,29940,7240,-12872,-17560,-2516,-1612,13782,784,15996,4172,15196,2432,-2262,-16631,-2074,3575810030
doubledump,-11608,-19116,2332,31556,8898,-14575,-15420,-1200,-5520,22536,4514,17363,4028,15892,1856,-2004,-16831,-2675,3282795284
doubledump,-13036,-18852,3292,29755,7853,-16858,-11956,3268,-6692,29338,10283,17135,3860,15260,2016,-1876,-16810,-3175,711164967
doubledump,-11556,-23052,2752,30280,8768,-19710,-11628,5840,-4872,30704,17444,14200,4004,14648,1320,-2099,-17333,-3640,1961001623
doubledump,-11312,-25508,2796,32767,10277,-21875,-12504,6764,-1844,31101,24988,9509,3728,14608,760,-2636,-17682,-3946,2002834253
doubledump,-11500,-24124,3064,32767,10174,-23484,-13296,4796,368,32767,31414,2875,3808,14912,808,-2667,-17976,-3859,2560244231
doubledump,-10536,-22984,2304,32767,10453,-26923,-14160,5592,1468,32767,32767,-5374,4476,14936,688,-2573,-18558,-3804,4192386816
doubledump,-9312,-25444,1144,32767,10121,-29563,-16028,11812,4280,32767,32767,-14197,5188,13560,932,-2598,-19053,-4210,409607056
doubledump,-8404,-28324,1500,32767,9877,-32351,-19292,18584,11352,32767,32767,-21025,5492,12728,1160,-2722,-19295,-5211,3372561759
doubledump,-7840,-25588,2732,32767,9575,-32768,-23420,26776,20116,32767,32767,-26251,4808,12152,780,-2999,-19463,-6520,1875012825
doubledump,-8096,-21460,4516,32767,8651,-32768,-25392,31748,24884,32767,32767,-30309,3284,11920,-28,-3647,-19734,-7928,1375351154
doubledump,-6104,-20620,3272,28856,8728,-32768,-26384,31796,24740,32767,29207,-31136,1888,12108,1072,-4051,-20661,-8892,373299088
doubledump,-3608,-23596,2328,27117,9300,-32768,-22636,30624,21432,32767,25007,-29911,816,12844,1792,-4215,-22250,-9594,2849094751
doubledump,-3032,-24300,2328,30647,9561,-32768,-19816,28148,21344,32767,22344,-27365,-488,13132,2772,-4737,-24876,-9840,1072318765
doubledump,-4584,-22816,4916,32767,8607,-32768,-20508,30032,21584,32767,17645,-25064,-1280,13372,2392,-5283,-27654,-9742,1369858674
doubledump,-1104,-16936,6620,28125,6445,-32768,-17660,30656,20112,32767,14689,-23485,-1592,13228,644,-5552,-28489,-9714,3371195902
doubledump,4600,-19348,8480,19389,4701,-32768,-15232,32740,20328,32767,11509,-20769,-1780,13700,-428,-5274,-28326,-9972,411821642
doubledump,5452,-24860,7432,17656,4358,-32768,-13540,30508,19748,32767,8133,-17531,-668,14236,-352,-4415,-29507,-10471,3493602900
doubledump,3828,-26064,8180,20597,4202,-32768,-13580,20144,16456,30513,5470,-15086,804,15648,-1624,-3582,-31572,-11164,3567281436
doubledump,2268,-23648,9728,16925,4138,-32768,-17504,11388,15736,32767,-697,-8909,1828,17212,-1352,-2582,-32768,-11629,2886393667
doubledump,2720,-25572,11372,9358,4927,-32768,-23768,9220,32767,32767,-22304,-6586,848,21148,-964,-1563,-32768,-11541,3527844987
doubledump,4260,-29968,11088,9814,6696,-32768,-21308,32767,32767,32767,-27815,-7209,244,24648,-816,-81,-32768,-10539,379860633
doubledump,4828,-31748,12100,18764,7633,-32768,-16004,23404,13876,32767,-25381,-11415,3000,27792,-2828,541,-32438,-9346,2660510305
doubledump,4888,-26888,12344,27699,6802,-32768,-12328,17600,888,32767,-20908,-11529,3072,26840,-1448,395,-29896,-8597,710262288
doubledump,7700,-20808,10872,27314,5175,-32768,-11732,16120,3276,30746,-16833,-9126,2564,24732,-4048,-484,-26999,-8363,750612617
doubledump,8200,-17576,9596,20764,4814,-32768,-13132,13660,5908,24117,-15279,-8275,444,21484,-2664,-1004,-24905,-8455,2896662156
doubledump,7508,-16140,8124,15401,5570,-32768,-11896,9116,6024,22554,-14540,-8378,-980,17760,-992,-730,-26234,-8711,2892967100
doubledump,6904,-17120,9092,16185,6100,-32768,-10836,8164,6292,24433,-12649,-9816,-432,15264,-2544,-525,-27609,-9380,1374048828
doubledump,7380,-16152,11660,19406,6107,-30355,-9568,8420,6868,24944,-11697,-11550,-504,13796,-2092,-706,-27923,-10318,1921316875
doubledump,6860,-14704,12732,20404,6116,-26344,-8196,7784,7224,23472,-11281,-12332,-644,11960,-376,-564,-28574,-11042,1419372600
doubledump,4972,-12820,13092,18718,6120,-22646,-7096,7820,6920,20102,-12687,-10901,-1952,11788,-464,-421,-30158,-11177,1014144464
doubledump,3420,-10156,11244,15819,5629,-19046,-5968,5824,7108,20763,-12058,-8336,-2148,12388,-1752,-213,-30467,-10677,2420618192
doubledump,4116,-8820,9084,14887,7042,-15796,-6528,4716,6812,22870,-11198,-6895,-3440,13804,-3316,-679,-29972,-9350,3028316611
doubledump,6564,-7396,7284,15049,8115,-11023,-7148,3284,8640,27077,-8481,-6767,-2532,14788,-3972,-2021,-28511,-7843,1408191367
doubledump,6280,-2512,8508,13569,10292,-3678,-8544,5252,10168,28031,-7878,-7826,-1704,14896,-3484,-2666,-26901,-6613,2339414312
doubledump,-492,-3568,10188,11166,14625,3822,-8632,8652,9972,26147,-8384,-8279,832,14444,-1844,-3236,-25252,-5621,924172580
doubledump,-10988,-4292,13844,14792,16230,12929,-10936,10732,7912,23908,-9944,-7814,3824,13572,248,-3075,-23333,-5377,4128507668
doubledump,-18900,-6124,15504,20380,16944,22067,-10536,12220,7208,20521,-8732,-7081,3908,14480,844,-1841,-21335,-5723,1426746523
doubledump,-30728,-4588,17744,25571,15851,29405,-10716,13132,7884,15821,-7489,-6601,3196,16252,-372,-1058,-19721,-6399,2169184204
doubledump,-32768,-1596,12388,22654,8169,32767,-11616,11604,8604,11227,-6763,-6504,924,17480,-1688,-1790,-19039,-7173,1249282000
doubledump,-26332,3156,5076,-2519,1267,32576,-10716,11556,7340,8088,-7074,-6230,-920,16640,-540,-2678,-19446,-7607,2346842981
doubledump,-20580,884,1828,-32768,-2865,21101,-10876,11228,7488,5679,-7092,-5078,-824,15104,2576,-2179,-19007,-7664,2244174796
doubledump,-7044,-18128,-1644,-32768,467,350,-10692,9220,7536,3552,-7012,-3177,-1872,12516,5880,-898,-19513,-6684,1995582957
doubledump,-4728,-25540,12388,-28717,3012,-17284,-10960,7496,7292,3085,-6643,-1510,-284,11604,3864,6,-19674,-4980,613809908
doubledump,-9712,-8668,18704,-5245,350,-24372,-10348,8164,7480,3311,-5779,-689,2116,11772,1516,1034,-17614,-2967,3507609917
doubledump,-12640,2232,14808,6850,-5668,-24646,-10904,6528,8524,3366,-3935,-989,5792,13916,-2332,-313,-13358,-1033,3147376965
doubledump,-10556,12924,9992,8727,-8287,-21913,-10148,6532,7916,3236,-2680,-1896,8996,14612,-1904,-2387,-7324,-31,4193470375
doubledump,-6964,16096,8676,1652,-5771,-17775,-9648,7244,8188,3402,-885,-1988,9972,16076,3024,-3650,-2109,108,814948726
doubledump,-5268,14808,8824,-4858,-3429,-14357,-9068,8312,8180,4080,-404,-937,7024,16268,8520,-3383,2053,-261,4214626371
doubledump,-5624,11368,10652,-5575,-517,-11797,-9540,9476,8064,4856,-236,-260,2896,15736,9640,-459,3617,-118,840249644
doubledump,-6484,9220,12852,-2048,1128,-9672,-9112,11416,7388,4078,-185,352,2148,15412,3868,195,4862,-53,3358181295
doubledump,-6316,9276,14040,1679,1447,-8949,-9024,12392,8392,1464,1099,769,-28,14592,3404,-367,5838,100,2180537732
doubledump,-7524,7680,14852,5079,226,-8639,-9648,11780,9564,-1812,1787,1446,-768,14456,4644,-719,6676,818,3849767271
doubledump,-8328,6844,13928,8908,-940,-8609,-9780,10032,9724,-3699,2180,1810,316,13676,5876,-339,7028,1400,2228933564
doubledump,-9988,6268,12404,10267,-1755,-9398,-9752,9400,9580,-4419,2771,1952,1580,13848,4192,139,7889,1794,2734281177
doubledump,-11584,4740,9428,9012,-2569,-10375,-9700,9104,9824,-5179,3473,2303,1556,13516,3424,497,9325,2274,3663994675
doubledump,-11904,3576,6696,6306,-2191,-11360,-9688,9456,9960,-6675,4096,2677,1348,13432,3324,826,10921,2885,1633538330
doubledump,-12304,2748,4368,1151,-1061,-12500,-10020,8552,9248,-7792,4359,2941,1552,13516,2972,930,12558,3397,4083097113
doubledump,-12236,1696,2916,-3780,652,-13011,-10328,7788,8628,-7236,4188,3049,1812,13948,2224,1090,14534,3769,2630061658
doubledump,-12388,1460,2136,-8350,2158,-12159,-10188,7144,8324,-5603,3880,3355,2068,15116,1312,1398,16956,4102,672174770
doubledump,-11504,1204,2072,-13040,4452,-10223,-10592,7552,8100,-3354,4214,3939,1964,16280,1132,1697,19557,4357,704013707
doubledump,-12148,552,1676,-18894,6379,-6776,-10896,7620,8680,-1379,4463,4939,1068,17240,60,1422,21549,4738,3173170529
doubledump,-12644,900,1576,-25145,6715,-2509,-10744,8324,9000,490,4780,5230,-148,17352,-536,698,23337,5401,3849168770
doubledump,-11548,-568,864,-31714,7380,2211,-10328,9088,9820,882,5491,5055,-780,16928,-12,-159,24527,5833,3300763471
doubledump,-11912,-3844,1360,-32768,8007,7348,-10324,10588,11140,2654,5554,5343,-1404,16232,-196,-1139,25277,6236,3372667420
doubledump,-12140,-4768,2616,-32768,7667,13451,-10804,13504,12056,2123,3905,4927,-2032,15324,-108,-1773,25608,6779,1551804040
doubledump,-12912,-4372,2516,-32768,7313,20281,-11372,17768,13524,-15,1317,6906,-3240,14212,96,-2461,25342,7423,2507203235
doubledump,-14660,-6576,2268,-32768,6820,27463,-12316,17256,15048,1227,-1989,11192,-4348,13504,632,-2818,24503,8345,1415783493
doubledump,-14968,-11140,1840,-32768,5813,32767,-8756,22404,12608,3755,-4661,16788,-4624,12500,448,-3213,23391,9086,3199547839
doubledump,-16832,-13120,2032,-32768,4750,32767,-6208,28736,12024,-1271,-5461,19985,-5196,11228,420,-3617,22689,9636,1403408778
doubledump,-19744,-16020,1928,-32768,2780,32767,-5072,32592,13792,-14461,-5033,23666,-4884,10868,1272,-3555,22086,10260,3353159607
doubledump,-21104,-27812,2776,-32768,-1170,32767,-8464,32767,14776,-22470,-6454,29787,-3644,11096,2452,-3027,21605,10705,858893451
doubledump,-22284,-32768,1964,-32768,-3116,32767,-7072,30884,10200,-18120,-6655,32767,-2264,11004,2556,-1337,21425,10440,3404920719
doubledump,-26032,-32768,548,-32768,-2707,32767,-6556,32767,8240,-16955,-6059,32767,952,12776,1976,239,23006,9374,578435714
doubledump,-29860,-32768,-2204,-32768,-3342,32767,-3784,32767,8908,-20872,-5578,32767,2284,15628,3740,2649,25783,7971,751286796
doubledump,-32480,-32768,-4620,-32768,-4501,32767,-2948,32767,6920,-26238,-6031,32767,1312,21212,3052,5534,27441,7061,2119262260
doubledump,-30980,-32768,-5244,-32768,-4146,32767,-4132,32767,6056,-25316,-6752,32767,816,26888,192,6256,28679,7377,2704002229
doubledump,-29084,-32768,-4064,-32768,-2810,32767,-4276,32767,5328,-20962,-7101,32767,516,31480,-824,4261,26862,7928,1453729787
doubledump,-26396,-32768,-4536,-32289,-389,32767,-4524,32767,6392,-18780,-7646,32767,-1012,29364,-620,2882,26981,8113,3221485582
doubledump,-25600,-32768,-3036,-32304,864,32767,-2500,32767,6628,-18399,-8269,32767,104,21856,976,2818,27474,7971,2378094592
doubledump,-23588,-32768,-1776,-32768,791,32767,-1456,32767,5060,-18231,-7939,32767,624,17068,-192,3150,27734,7857,3488671221
doubledump,-20156,-28580,-2884,-32768,-165,32767,-2060,31680,4448,-16613,-7063,32767,140,15140,60,3952,26741,8006,162141804
doubledump,-17412,-26668,-3676,-32768,-1799,32420,-2736,28396,4464,-15773,-6339,32767,2164,13012,-1064,5191,26322,8288,646516169
doubledump,-16632,-23232,-2940,-32768,-3683,29697,-688,25180,4888,-14661,-6098,32767,2768,12332,-2692,5909,27597,7505,1205262929
doubledump,-15656,-20880,-740,-32768,-8455,25695,1068,24952,5348,-15305,-4362,32767,2088,12428,-2496,5088,26946,7272,1184081099
doubledump,-14332,-32768,984,-32768,-9816,21309,-2220,23976,4936,-18264,-1739,32767,400,12056,-2064,3362,24947,7342,1561736399
doubledump,-11652,-20540,12,-32768,-11150,18362,-2800,21156,3596,-22248,-741,32767,192,13764,-2120,1277,23298,8077,467953539
doubledump,-12296,-17520,-2084,-32768,-14534,14179,-416,16304,3324,-23167,427,32767,-368,15824,-972,-293,22321,9143,2476645165
doubledump,-12868,-15884,-5420,-32768,-17630,10738,1900,14732,3452,-20853,3902,30658,944,16332,1012,-901,20708,10513,3911789990
doubledump,-12488,-19020,-7828,-32768,-19198,9143,-2640,13768,3700,-20220,8757,23689,2484,14912,1368,-299,20217,11232,2183222951
doubledump,-9996,-23960,-4956,-32768,-18939,7588,-5524,11692,2880,-22186,11545,17428,4148,13508,-48,140,21228,10703,1201968472
doubledump,-10924,-23368,-3188,-27958,-16037,8309,-8160,7348,968,-23761,13400,11986,5284,13332,-528,75,23069,8979,3571552363
doubledump,-11796,-18092,-4416,-14693,-12038,9807,-10268,4264,-1292,-22736,16425,7233,5368,14680,-68,141,23919,7152,2352235646
doubledump,-13284,-14984,-6052,-11710,-8194,10932,-13004,880,-1036,-18909,19658,2285,3984,16780,-208,554,23867,5805,1066506142
doubledump,-13332,-13964,-5376,-14345,-5619,11219,-18120,-2112,284,-13942,23254,-1233,2028,17824,-464,661,22583,5119,3260447337
doubledump,-11900,-14888,-3428,-17702,-3924,10548,-20804,-4048,2496,-11605,25427,-3766,-92,18264,-124,903,21368,5311,3545334750
doubledump,-10296,-16256,-760,-17705,-2492,9009,-27980,-3636,10092,-14648,23335,-6328,-2012,17148,456,1809,20429,6267,1837545843
doubledump,-9684,-16152,1160,-14751,-1716,7362,-18508,-8016,8068,-14037,21047,-7360,-1160,16052,28,2129,19661,7623,1957486136
doubledump,-9800,-14684,1960,-12126,-873,5514,-15820,-10704,5056,-7656,16448,-4066,508,13804,-776,1387,18943,8212,2615213337
doubledump,-10268,-14032,2780,-9755,279,4202,-14708,-12844,12868,264,11723,-109,2836,11152,272,184,18206,7250,1960828473
doubledump,-11340,-12716,4224,-7446,1220,2846,-6404,-10436,10692,-781,5425,1880,2332,9748,2236,-267,17375,5210,2804394302
doubledump,-11548,-10828,5460,-7407,2108,1681,-3380,-8628,11976,-4504,1960,4395,112,10404,3136,17,15183,3311,598145138
doubledump,-11900,-10448,6396,-9307,2969,1016,-2512,-7992,11920,-9334,-1833,9566,-2184,11844,4260,22,12309,1837,1412722203
doubledump,-13712,-11488,7756,-10637,3581,990,-5472,-15564,7600,-11269,-6324,12741,-4552,15080,5364,115,8862,1408,2991535565
doubledump,-15040,-13620,10016,-8346,3562,1294,-3892,-20200,4424,-7970,-7903,11364,-6180,17124,6080,479,4804,1758,452475998
doubledump,-14888,-16328,11848,-1503,3463,1026,-1408,-19660,3808,-5316,-6063,8785,-1664,17280,5836,883,1330,1509,1358589326
doubledump,-15864,-16764,13640,6206,4501,-212,-1328,-18416,5148,-4914,-2336,6059,-2024,17820,3412,-82,-2802,824,3158699233
doubledump,-11600,-20624,9100,5619,804,-179,-2616,-17044,5652,-4780,660,3440,1060,16308,4684,-294,-3425,306,4067775554
doubledump,-17964,-14856,11256,5436,949,-3292,-3748,-14872,6828,-3659,1555,2092,2276,15100,3520,-696,-5007,-273,3842047619
doubledump,-16348,-14360,11360,7479,1740,-7569,-5900,-12268,8076,-1945,700,2441,2888,14900,3368,-1281,-5303,-564,536982052
doubledump,-14304,-15572,9072,10800,-43,-10392,-6908,-9572,7192,-182,-120,4340,2220,14556,4280,-1231,-6026,-902,2081273083
doubledump,-12472,-17868,8116,14637,2702,-13193,-8632,-6724,5800,1634,-395,6497,1176,14984,3788,-1430,-6909,-1195,3310170644
doubledump,-15936,-17972,7812,15396,1333,-14444,-10340,-5940,5584,4660,-301,8655,216,15636,3356,-1725,-8269,-1399,375234650
doubledump,-11448,-18572,3824,14253,2593,-16960,-12976,-4000,4140,7993,-1660,10691,1468,16628,3388,-1954,-10404,-1779,3044309586
doubledump,-14316,-21520,5156,17011,4137,-20296,-14012,-3072,2104,11151,-2880,12440,508,16372,3016,-2259,-12206,-2109,4113359581
doubledump,-14196,-24792,5660,23866,4234,-22678,-14460,-3968,1516,16241,-3036,12402,1056,15696,2660,-2497,-14106,-2251,3146144065
doubledump,-14488,-21700,5632,27730,5260,-25860,-12236,-2428,-128,22274,-921,10520,2008,15100,1972,-2885,-15683,-2254,890211270
doubledump,-14228,-20496,4524,24609,4448,-27925,-10588,-708,-1000,26306,2103,7638,3160,14824,1652,-3050,-16653,-2197,2050789030
doubledump,-13068,-21376,3872,20967,4865,-30460,-9352,1448,-2316,30218,6323,4187,4268,14096,2416,-2769,-16834,-2432,1532397520
doubledump,-12316,-23364,3836,21239,4788,-32232,-8260,2704,-3500,32445,10254,144,4864,14312,1036,-2765,-17008,-2974,640033495
doubledump,-11336,-23724,3816,24248,4763,-32768,-8044,3176,-2880,32767,15152,-4700,6284,14576,736,-3116,-15723,-3864,2295651301
doubledump,-9092,-22532,956,27895,5565,-32768,-9048,4332,-1612,32767,19512,-10667,5976,14264,1396,-3392,-15144,-4728,694933771
doubledump,-10048,-21972,2320,27003,7825,-32768,-10084,6772,320,32767,23478,-17569,4824,13484,1660,-3372,-15002,-5303,4009023449
doubledump,-9616,-23772,2096,24686,9861,-32768,-15136,11224,4228,32767,24639,-25179,3996,13004,928,-3626,-14756,-6173,1200277442
doubledump,-10472,-25400,3180,25846,11086,-32768,-16560,15316,6188,32767,24139,-32700,2288,12744,1248,-3956,-14664,-7054,1308102247
doubledump,-9496,-23552,1972,30191,9701,-32768,-19596,20112,7348,32767,24042,-32768,-112,12596,1552,-4228,-15448,-7495,1518070667
doubledump,-8016,-21892,1652,30539,10357,-32768,-23964,24992,10996,32767,23664,-32768,-1268,12232,1256,-4392,-17007,-7858,1144792588
doubledump,-8852,-21608,4228,25691,9702,-32768,-25812,25684,12400,32767,23197,-32768,-1468,11472,916,-3830,-18563,-8562,3476600579
doubledump,-7016,-21952,4456,21388,10363,-32768,-26176,27160,11520,32767,23768,-32768,-632,11820,-40,-3105,-20907,-9754,693840644
doubledump,-6084,-24124,4316,21664,11278,-32768,-27888,32767,16504,32767,23675,-32768,-2432,14116,-196,-2530,-24125,-10834,2330539784
doubledump,-3872,-26760,3564,24379,11670,-32768,-26468,32767,18700,32767,22400,-32768,-6068,17172,1344,-1122,-27369,-10480,1760054931
doubledump,-2320,-27084,2380,24978,12078,-32768,-27104,32767,21188,32452,19643,-32768,-7436,19884,-148,-54,-30775,-8978,710009585
doubledump,-404,-24496,4168,21994,12641,-32768,-25960,32767,21276,26110,15237,-27150,-4968,21848,-3100,259,-32768,-7842,1943838427
doubledump,1032,-22996,7712,16064,13048,-32768,-24480,32767,17624,26226,11787,-19878,948,23044,-3068,42,-32768,-8278,2586782761
doubledump,3788,-25324,9208,15765,13219,-32768,-24448,27836,16288,30093,9596,-15359,5948,24520,-3788,28,-32768,-10335,2279439845
doubledump,5676,-27648,8432,18627,12772,-32768,-21852,24604,16772,32767,7621,-13613,6228,26032,-4444,-742,-32768,-12104,729863310
doubledump,6280,-26792,8696,19268,13130,-32768,-19440,23272,17344,30639,4921,-13362,4036,25204,-4504,-1992,-32768,-11313,894558827
doubledump,7508,-23756,9372,19768,13304,-32768,-16192,18960,16676,32767,1065,-10679,4236,22884,-4124,-2241,-32462,-9124,869002886
doubledump,9888,-20912,10604,23977,12067,-32768,-10688,23396,17292,32767,-4203,-8148,6728,19084,-4192,-2920,-29405,-7075,3022747983
doubledump,12584,-17804,8968,25992,10506,-32768,-7876,22532,22600,32767,-8416,-6232,8236,14876,-2428,-3763,-26686,-5928,623078267
doubledump,13240,-13796,6132,24260,9205,-32768,-5604,21904,22624,29439,-11707,-5718,8912,11468,-204,-5042,-25139,-5776,1888902124
doubledump,11244,-11400,4104,20218,8332,-32768,-1372,12808,18012,23604,-14035,-5525,9440,9268,1796,-5189,-24188,-6212,4073681342
doubledump,11584,-11888,4280,16195,7663,-31155,-776,11352,14088,24984,-14106,-5890,8388,9304,3128,-3569,-22587,-6702,652597284
doubledump,17544,-10628,6452,11684,7265,-25070,108,12008,8180,23599,-13399,-4387,6736,9288,756,-927,-21823,-7015,267603082
doubledump,16448,-10916,6356,2535,9604,-18730,72,10024,5780,23309,-11187,-3239,5564,10696,-2100,375,-20727,-6969,2567165360
doubledump,7844,-11088,4076,-4656,11038,-10681,-1940,9744,6620,20362,-9851,-3247,5412,11088,-3372,1033,-20805,-6275,2558805684
doubledump,1064,-16860,3368,3178,11358,-3104,-5564,6104,8292,18610,-8967,-4066,5940,12084,-5104,313,-20211,-5591,1075360158
doubledump,-3788,-15968,6240,21277,10491,2006,-7148,3824,9580,21268,-8342,-5248,6368,13424,-5608,-1292,-17831,-4828,1805045104
doubledump,-8364,-8804,12288,29450,10309,8016,-9872,4672,11220,24120,-8813,-5619,7972,16784,-4144,-3161,-13739,-5303,1017882307
doubledump,-17780,-4780,18312,26405,9985,12733,-14180,6692,14740,23759,-10702,-5707,9660,19152,-1952,-4335,-7421,-7722,3771730897
doubledump,-21156,-3500,12284,21172,6133,17877,-15364,9436,14972,18315,-12971,-6165,4664,19452,3684,-4279,-5922,-10971,3114423342
doubledump,-21148,2072,2476,8906,3843,21044,-12244,6212,7552,13098,-12410,-5516,-984,17196,7496,-3725,-9985,-13077,3686661127
doubledump,-21160,3420,972,-10952,2196,18748,-13540,6756,2936,14956,-8488,-5235,-8584,16680,5632,-3451,-14008,-13003,3869697544
doubledump,-22020,-5572,6320,-29523,2366,12451,-15232,7388,3468,10990,-7165,-4193,-9484,13932,6200,-3205,-16008,-10689,401343220
doubledump,-16960,-13468,11612,-29605,3061,3127,-14936,5996,5192,12594,-5620,-2613,-8512,11872,8064,-1446,-17234,-7963,1834395493
doubledump,-14056,-17096,12944,-10245,3727,-5618,-13816,7860,7656,14288,-5414,-1923,-4340,11868,5256,298,-17790,-5663,3068499903
doubledump,-12956,-9240,11312,10263,2540,-11600,-13552,8532,9008,14039,-5668,-1779,-872,12384,2220,1288,-16660,-4303,4267053949
doubledump,-12116,4672,9456,14616,893,-15033,-11440,9324,8724,13382,-5813,-1542,4292,14356,-408,638,-13077,-3473,18765258
doubledump,-12116,13240,10668,4378,-860,-13795,-11132,8560,8284,11118,-7944,813,6304,15564,296,-1570,-8333,-2960,1965317366
doubledump,-11240,14820,11556,-4379,1181,-10023,-13012,9528,6752,7804,-7257,442,6156,15216,7464,-1254,-2949,-2463,1737573716
doubledump,-9824,11684,12732,-5297,3487,-5341,-7584,9884,4876,6351,-2251,-297,2260,15388,6480,793,737,-990,985652465
doubledump,-9744,9352,13420,-951,3313,-1465,-10136,7568,7012,5878,-2798,-648,1648,14132,4928,809,3299,1089,3302539348
doubledump,-10084,8128,13604,2797,2727,646,-7208,9956,7040,6450,-619,-971,2312,12096,4456,385,5973,2047,3007798420
doubledump,-10664,6464,13356,3530,3221,1475,-8816,11000,6316,5289,729,-796,1572,12048,3956,100,8999,2106,3678280201
doubledump,-12296,5184,12608,2382,3457,290,-8368,13456,5668,1248,1730,-42,444,12564,4508,-301,11845,1987,30875751
doubledump,-14036,3952,10636,373,1971,-1813,-8824,12704,7304,-4479,2559,122,-1004,13328,5576,-470,13635,1937,4262518022
doubledump,-15600,1048,9656,-508,1969,-3488,-9068,8688,7248,-4181,1504,679,-1956,13548,6124,-699,14651,2128,1487284940
doubledump,-16708,-512,9308,-191,922,-5001,-8512,9092,6264,-647,1750,2634,-2616,13004,5956,-875,15855,2397,2733962262
doubledump,-17944,-368,8304,-185,-278,-5187,-8816,9312,9396,3511,520,4050,-3136,12600,5468,-253,17450,2802,1893169805
doubledump,-17488,-44,6488,-2147,-586,-4303,-9828,13444,11664,4576,-213,4833,-4284,13344,4816,177,18520,3430,2525454780
doubledump,-17348,1060,4748,-6276,-350,-2693,-13736,22956,15220,-4844,-3347,5907,-4928,13644,4460,820,18859,3963,3477652955
doubledump,-16156,2344,4348,-12425,485,-210,-15092,27016,18372,-15850,-7475,8746,-7240,13228,7288,1750,17581,4271,1063437023
doubledump,-14968,1556,4552,-19563,1738,2930,-14428,22996,19420,-19370,-10601,11714,-6176,13648,4376,2650,16379,4515,3948989380
doubledump,-14392,1052,4068,-26020,2217,7554,-11804,18208,18248,-12597,-13376,14405,-6820,13968,1188,1537,16564,4536,2856883705
doubledump,-13480,12,2636,-30582,3021,12992,-7388,19504,16860,-2102,-15394,17117,-7036,15044,3312,660,16060,4473,1999267053
doubledump,-13732,-3964,2308,-30994,3484,18653,-7104,29276,17896,-4222,-15985,20191,-4772,16960,2132,439,14668,4220,4273338314
doubledump,-13656,-5968,2572,-27991,4103,25067,-9752,32767,18212,-17667,-18248,23269,-4232,17936,876,-375,13240,3834,3812081597
doubledump,-15612,-6712,5172,-25603,4809,32207,-9200,30280,12780,-20178,-20265,26700,-2728,18040,552,-519,11322,3521,3150436237
doubledump,-18068,-8176,4400,-28307,4716,32767,-5544,30116,8536,-10426,-18773,30519,-556,18836,824,357,10002,3286,972730959
doubledump,-18756,-13940,-804,-32768,3689,32767,-3268,32767,8392,-9943,-14948,32767,40,19488,2132,1701,9575,2807,3738747122
doubledump,-17548,-25324,-2684,-32768,3380,32767,-8348,32767,11284,-22957,-13086,32767,996,20652,1416,2969,8741,2845,1737283697
doubledump,-22200,-32112,-344,-32768,4841,32767,-9516,32767,8920,-25133,-12868,32767,1688,24156,-600,2199,6293,3546,2526147929
doubledump,-24084,-32768,-936,-32768,6241,32767,-7356,32767,6092,-14947,-11170,32767,2688,24708,-876,1377,5407,5065,3984669774
doubledump,-21092,-32768,-5616,-32768,6440,32767,-6740,32767,8124,-9781,-8301,32767,4004,22328,-1680,1561,6464,6405,3102431501
doubledump,-20840,-32768,-8260,-32768,9492,32767,-6132,31964,8876,-13152,-6770,32767,4860,19136,1668,2456,8879,7175,337307854
doubledump,-24516,-32768,-8944,-32768,13643,32767,-5804,25836,7168,-15694,-6529,32767,6428,16500,1660,3034,9903,7663,2871291547
doubledump,-27872,-32768,-10700,-32768,17357,32767,-5572,21380,6388,-13824,-6499,32767,7036,16056,-1100,2877,12355,8351,3325789904
doubledump,-30044,-32768,-9436,-32768,22325,32767,-6148,18728,7532,-11412,-6194,32767,6280,12956,-596,2711,15832,9201,3060011620
doubledump,-31680,-32768,-668,-30792,25249,32767,-6484,16888,7292,-10594,-5723,32767,6272,10008,-112,3345,18265,10266,600429611
doubledump,-29616,-32768,4032,-17581,26992,32767,-5800,14660,6584,-12492,-5288,32767,5436,8328,188,3718,19697,11178,4171307634
doubledump,-27688,-30444,3484,-6339,25918,32767,-4340,13256,5528,-16457,-4509,32767,5720,6272,288,3408,19931,11214,3054885719
doubledump,-23556,-23648,1544,-6617,23700,32767,-4252,10692,4904,-19411,-2504,32767,7052,5832,-340,2874,20018,10257,957538155
doubledump,-25060,-17568,2952,-18083,21620,26747,-4472,9736,5392,-21443,-5,32767,6408,8008,-1280,2520,20528,8442,4245861511
doubledump,-24804,-18152,5860,-30436,17425,19339,-2340,7944,6180,-22870,1047,32667,4840,11620,-2924,2153,21157,7073,3251388431
doubledump,-21804,-20400,5480,-32768,12361,13969,2820,6796,5540,-19927,4298,26641,4044,15840,-2796,1563,20541,5721,1583473124
doubledump,-21180,-20312,3960,-32768,9943,8959,-384,5700,6860,-15070,8654,21151,1636,21364,-1432,1015,18496,4579,3373618475
doubledump,-22936,-18464,6012,-32490,7959,4814,-3760,5508,8032,-15012,11959,16857,-3020,26496,628,2928,17974,4470,658740898
doubledump,-22916,-16052,8240,-28935,6051,3402,-4292,5480,6072,-19485,14814,12376,-2192,24148,-3372,1514,16227,4905,374761544
doubledump,-21048,-13152,6288,-26372,4200,3966,-6652,1952,4500,-25269,17752,8752,-1944,21180,-408,134,13809,5880,2912520476
doubledump,-17780,-9976,4644,-27764,2435,4782,-14480,-2624,10492,-27142,19791,6678,1064,18208,456,314,12098,7280,2476666578
doubledump,-14120,-9792,3748,-32689,1494,4586,-20700,-12732,14876,-20749,17330,3049,2148,16300,-732,1199,12498,8505,4035415305
doubledump,-12184,-11756,4852,-32768,563,3581,-18568,-12828,8760,-9623,12078,-3427,4524,14460,-1716,1790,15023,9217,490417025
doubledump,-11212,-13576,5564,-31989,-478,2340,-14584,-13560,6888,6799,8982,-7228,4716,12312,-1348,826,17270,9392,3896749686
doubledump,-11488,-13208,4940,-27495,-1457,849,-14804,-6256,8256,19710,5202,-6499,5560,10632,432,-859,18691,8950,1071690524
doubledump,-12432,-11336,3612,-25478,-1919,-833,-10696,-724,6104,22148,3860,-439,7232,9160,1424,-697,20049,7450,937676941
doubledump,-13800,-8908,2020,-27274,-1313,-2329,-8916,1764,5268,16554,2682,5401,7200,10136,1452,797,20849,4561,1452366657
doubledump,-16956,-7740,3056,-29900,-174,-2818,-7424,-764,8624,7613,1285,9383,3792,14016,-1556,975,19638,2333,3511247340
doubledump,-17268,-9880,5244,-28430,441,-2641,-5644,-6844,8624,631,11,11314,-92,17420,-940,-631,16662,1590,2321245352
doubledump,-16972,-11956,6688,-20481,1009,-2129,-3136,-9936,7124,-1364,-528,11993,-3884,18172,5036,-1254,13227,1582,3120612610
doubledump,-16352,-11276,5900,-10978,1749,-1657,-2688,-10984,9492,-3566,-234,11821,-4096,18404,7068,718,9995,1159,2055407377
doubledump,-15688,-8184,4592,-5616,2297,-2435,-3484,-11756,11460,-5277,-71,10417,-2860,16800,3704,181,6888,406,3623469539
doubledump,-15220,-6208,4684,-4921,2705,-3696,-4764,-12580,10804,-5377,-35,8608,-1904,14424,4072,-652,2919,-265,3375974529
doubledump,-14524,-6236,5172,-4702,2824,-4666,-5084,-12632,10524,-2028,577,7498,-768,12124,3984,-661,-55,-562,4246669363
doubledump,-13628,-6104,5912,-3027,2287,-5609,-6112,-10296,9888,1837,-167,6623,644,11056,4468,-1285,-3139,-695,777509324
doubledump,-12972,-6340,6552,-1211,1859,-6173,-6580,-9148,9936,4168,-1066,6771,1736,11100,4116,-2455,-5646,-430,2240529475
doubledump,-11776,-10016,6152,2360,2187,-6939,-7864,-6436,9640,4671,-2473,7642,3964,11824,5140,-3167,-6795,-809,3926045946
doubledump,-16836,-9572,7024,5335,-902,-8575,-9288,-4676,7928,4179,-3514,8431,5416,10508,7404,-3161,-8305,-1154,743884871
doubledump,-8908,-11908,7096,15853,3579,-15022,-10296,-3252,6300,4018,-3634,9228,5544,12344,4996,-2866,-8038,-1199,1286636127
doubledump,-15968,-15980,6728,20366,-3455,-14822,-11952,-2756,5768,3989,-3803,10409,7400,11384,3872,-3325,-7077,-1366,2208397048
doubledump,-19460,-14552,9688,26721,-889,-20438,-13320,-1892,5500,5487,-3607,11608,6188,11148,4276,-3666,-6412,-1705,4273692245
doubledump,-24104,-12488,6488,23776,-8875,-23370,-15580,-2300,4508,8873,-4167,11936,5916,11848,3608,-3749,-6277,-1895,2953348157
doubledump,-20992,-11380,4220,19153,-7198,-29730,-15180,-2448,3848,13050,-3769,12026,3904,13528,6344,-2838,-5024,-2029,1333751787
doubledump,-27156,-17996,6364,14726,-9552,-31808,-14904,-2076,1880,16766,-2104,10608,2032,16656,5212,-657,-5322,-1556,3546188776
doubledump,-23348,-21512,4992,16244,-10700,-32768,-13544,-3204,1124,21278,833,6800,3056,22208,2052,441,-4975,-1003,4153695375
doubledump,-29236,-19344,8280,19257,-9428,-32768,-11612,-2784,340,27109,4997,992,3168,24144,2404,1070,-6779,-689,418941064
doubledump,-23432,-20844,7724,19813,-7934,-32768,-10712,-2224,88,32767,10021,-6189,4016,22124,1108,1103,-8958,-721,4246984605
doubledump,-21816,-25856,6896,23531,-5880,-32768,-10164,-1852,-1232,32767,15055,-14896,3756,16508,-344,855,-10272,-1054,1012893441
doubledump,-16504,-25368,5596,27144,-4548,-32768,-10660,584,-1496,32767,19913,-24309,5648,11876,308,322,-9663,-2245,3794920472
doubledump,-14136,-21540,6348,26224,-2981,-32768,-12800,4232,300,32767,23775,-32768,5464,9792,1548,295,-8383,-3519,3200889974
doubledump,-10972,-21484,6716,28054,109,-32768,-13600,8808,2192,32767,26382,-32768,4232,8664,1608,106,-7573,-4231,626347565
doubledump,-11484,-18396,7028,32659,-884,-32768,-15772,13412,5452,32767,28520,-32768,3100,8664,3408,-224,-7016,-4887,2273467256
doubledump,-7436,-13796,3604,31739,-2768,-32768,-22652,22772,4800,32767,28901,-32768,1156,10420,3856,-120,-6625,-5171,267483838
doubledump,-2852,-12584,380,28131,282,-32768,-27524,32492,10928,29790,32160,-32768,1812,12744,2984,-320,-6310,-5723,4055772311
doubledump,-1904,-15628,2156,25179,1465,-32768,-20736,32767,10900,24986,32767,-32768,-872,17064,3348,-138,-6577,-6919,2621184749
doubledump,-464,-17936,5284,22318,3672,-32768,-27236,32767,12340,25739,32767,-32768,-1116,18072,3544,-237,-8869,-7753,954662745
doubledump,780,-21516,6856,22614,4169,-32768,-27776,32767,12264,26420,30961,-32768,-4824,18516,3660,-1189,-12493,-7934,4107125505
doubledump,1464,-24632,6544,24787,4722,-32768,-24268,32767,10984,23252,30616,-32768,-4536,15980,3536,-1492,-17728,-7834,3632166502
doubledump,628,-26240,5900,27550,3941,-32768,-26700,30804,11296,17979,28274,-28377,-3860,14048,1248,-1815,-21943,-8019,4066319778
doubledump,1756,-25484,4592,27139,4303,-32768,-29128,24260,14288,19046,25761,-24165,-2280,13376,-88,-1316,-23587,-8635,2559744097
doubledump,1956,-26132,6992,22887,5366,-32768,-29404,19012,11368,24294,20771,-22940,-364,15492,-1224,-44,-24147,-9503,435423005
doubledump,1856,-25788,10288,18881,6694,-32768,-32768,-3356,19792,32767,5309,-10195,1048,18888,-2700,411,-25384,-9933,3731232581
doubledump,1936,-26128,11280,18715,7245,-32768,-22736,32767,11772,32767,-4773,-11443,1468,22280,-3016,280,-26974,-9792,3228227579
doubledump,4396,-23736,10300,23133,5936,-32768,-27056,32767,20464,32767,-5333,-7970,2332,25568,-3804,4,-27149,-9386,2801473361
doubledump,7412,-20464,9388,24964,4551,-32768,-16116,22456,7824,6136,-6342,-10371,1092,23532,-2428,32,-25111,-8844,1472422787
doubledump,5512,-16440,10252,24390,3834,-32768,-15836,11772,736,-350,-4345,-8287,836,19976,-704,468,-23098,-8258,722828954
doubledump,3232,-12928,11668,22621,1664,-32768,-11740,6884,-1532,11875,-3436,-6727,448,16132,-1436,180,-22930,-7872,3101101701
doubledump,5648,-8672,11264,18759,-112,-32768,-13992,8848,3448,23633,-3495,-2742,276,14796,-2304,-517,-22390,-7544,2510618435
doubledump,9520,-7792,10052,15397,18,-32175,-13984,10272,6180,28722,-5838,181,-1064,14148,-2496,-431,-21832,-7229,23004832
doubledump,10168,-7804,8448,12494,-378,-25794,-13296,12316,6092,29700,-7492,-854,-248,13888,-1236,266,-21712,-7547,2859356118
doubledump,7704,-9272,7632,11773,397,-19217,-12952,12588,5400,27876,-11016,-2974,-292,13100,-992,881,-22853,-7753,4020985244
doubledump,5372,-7868,7388,11987,44,-12906,-10224,12012,3324,27007,-13078,-2826,-1384,13356,-3208,-672,-24351,-7379,70828844
doubledump,5092,-9048,5720,7820,905,-9079,-7772,10516,2072,27480,-12227,-674,-1548,13288,-4060,-2570,-23710,-6486,3870001657
doubledump,-192,-8128,6824,1502,2821,-5579,-7396,10036,2536,29193,-9985,1853,-824,13988,-3268,-3147,-20913,-5444,3985591211
doubledump,-3744,-9160,6316,-2861,4609,669,-7880,9512,3040,29157,-9458,2572,-40,15156,-1080,-3032,-19374,-4093,2544052968
doubledump,-9640,-8744,6884,-498,5607,8757,-8516,8796,3328,28696,-9456,957,1616,15428,76,-3022,-19238,-3511,2515189850
doubledump,-13984,-6956,8948,3303,8083,14626,-10116,13660,4284,23046,-7981,-623,3564,16464,-1044,-3494,-19293,-3986,1059982041
doubledump,-17996,-4348,9328,4042,10257,18419,-10392,13360,5652,16010,-6727,-1190,4204,16436,-600,-3976,-17409,-5618,2806042506
doubledump,-24356,-6216,7172,1118,10036,19803,-10480,11740,5548,13438,-6039,-316,3376,16912,1796,-2934,-15641,-7538,2763932866
doubledump,-25268,-3232,6756,-5603,10353,18309,-10312,10232,4440,15705,-6006,919,640,15884,3768,-1583,-15772,-8702,4048985891
doubledump,-18560,-1856,8720,-14774,9862,13012,-10452,10024,4772,18980,-4929,3139,-1720,14828,3476,-1254,-17481,-8738,4047555169
doubledump,-15024,-7012,16028,-13898,10077,6793,-11904,11908,6420,21198,-3801,4469,-2172,14084,2268,-1466,-17215,-7661,1865453629
doubledump,-9692,-9068,18920,1549,7989,-293,-13632,14712,8684,16054,-4016,5366,-1572,13836,2652,-804,-15724,-6204,1875795125
doubledump,-7444,-2092,15564,14453,5908,-6602,-12672,13260,8552,9831,-4124,6170,792,13160,1808,145,-13856,-4982,1175948941
doubledump,-8100,4168,14644,16538,3238,-10342,-12156,10504,7252,6182,-4265,6619,3472,13816,-160,-131,-11669,-4123,2761958480
doubledump,-7204,8124,15428,13775,1424,-13054,-11744,8992,7796,5044,-3928,6704,4236,15544,-1712,-1768,-8344,-3421,3965311016
doubledump,-7072,11272,14272,7354,189,-13365,-11960,8120,7756,4859,-2872,5712,4432,16148,1548,-2686,-4308,-2458,3211617962
doubledump,-7560,12708,12752,-131,-773,-10946,-10524,9872,13292,421,-1097,3164,4616,16444,3988,-2424,-1260,-1574,3648818686
doubledump,-8672,9608,13200,-3716,-1603,-7904,-10372,7744,8856,-1642,-2652,3359,4968,15808,4880,-1573,1285,-919,4022130545
doubledump,-8100,5896,13080,-2494,-1464,-5879,-11268,7704,8988,-4839,-1092,3353,5104,15492,3136,-948,4100,-635,1815596095
doubledump,-8784,2332,11936,2032,-1689,-4811,-9944,6396,6560,-4991,451,3325,1960,15576,2384,-1289,5946,-303,3286327443
doubledump,-9452,2348,9436,4777,-1589,-5058,-10944,7812,7024,-4742,3379,2415,1160,15064,2556,-1803,7887,346,1666453944
doubledump,-11484,2664,6960,4148,-1651,-5441,-10264,8056,6996,-6356,4560,1637,320,14664,3116,-1931,9595,1229,1013717042
doubledump,-11756,3540,4724,44,-874,-5596,-9968,12768,8184,-15015,6306,1262,804,13964,3024,-1665,11585,2145,4014642881
doubledump,-12076,2832,3888,-5471,498,-5322,-10032,10908,8996,-20171,6499,2571,328,13508,3120,-1314,13322,2965,3198773840
doubledump,-11948,1244,3656,-9963,1799,-4674,-9684,8716,9516,-18934,6992,4261,-272,13408,3164,-949,14828,3665,2841832390
doubledump,-11912,-564,2988,-12409,4258,-3804,-10816,7852,10700,-17216,5931,4990,-120,13716,2360,-1128,16161,4198,1426651369
doubledump,-12656,-1476,2944,-13631,5404,-2402,-9804,7752,9732,-14267,5661,5564,-724,14756,2692,-1227,17662,4648,2695835686
doubledump,-13052,-872,3416,-15182,5564,-228,-9336,9432,8916,-12225,6005,5852,-2324,13508,2016,-1664,19006,5278,2031863908
doubledump,-12980,8,2832,-18657,4862,3350,-8516,12652,10352,-15230,5318,7309,-2844,12364,1644,-2185,19717,5907,2384538951
doubledump,-11320,-136,1980,-22974,5729,7470,-9460,19632,12636,-23245,3927,9804,-3284,11552,1824,-3021,19714,6559,1552742119
doubledump,-11960,-256,1964,-28486,6070,12529,-11364,18228,12880,-27738,795,12963,-4376,11484,2884,-3859,19101,7422,209457550
doubledump,-13712,-2216,1436,-32768,6136,18085,-11188,17264,12612,-23041,-1791,16056,-5416,12304,4920,-3861,17364,8585,1547001675
doubledump,-15988,-5732,448,-32768,5807,24425,-12016,21976,17828,-15643,-3970,19488,-4808,13616,3168,-2908,15812,9590,608345606
doubledump,-19376,-10200,1432,-32768,5545,31154,-14232,29732,22780,-16838,-7459,21930,-2884,16056,1344,-2555,16626,9779,3807172505
doubledump,-23612,-11444,1880,-32768,4729,32767,-11556,30624,22160,-19406,-11491,23983,-3460,18576,2836,-1437,18624,9576,2132719959
doubledump,-26664,-10016,1544,-32768,4124,32767,-12204,32767,20564,-16765,-15030,27857,-3656,20916,3460,293,20073,9126,3986900575
