doublepump,-21216,-29188,-13840,32767,5946,-32768,-32768,26944,-5640,32767,13438,-32768,5604,16088,-1868,-4590,-30325,-4369,4177078826
doublepump,-18832,-30628,-12508,32767,3235,-32768,-32768,29800,-8292,32767,10522,-32750,6336,16296,-2464,-4465,-29341,-3816,180276685
doublepump,-17088,-31052,-10872,32767,8486,-32768,-28724,28320,-9048,32767,8131,-28039,6720,15700,-2780,-4496,-27676,-3430,4071156276
doublepump,-19060,-28880,-7520,26941,4285,-32768,-26512,25728,-9348,32767,6285,-24715,6928,14668,-1732,-3647,-24766,-3749,3908935117
doublepump,-14408,-32768,-4696,25446,10466,-32768,-23712,23248,-9032,29428,5172,-22855,4840,15064,-1692,-3000,-23332,-3808,3440133879
doublepump,-18356,-32768,-2712,27440,8070,-32768,-21556,21768,-8436,25513,5101,-22241,3796,16096,-2964,-2845,-22196,-3448,2170085154
doublepump,-16612,-32768,-2336,30992,5777,-32768,-19380,19464,-6936,22394,6502,-20749,2756,16936,-3488,-2802,-21550,-3056,3372935990
doublepump,-17572,-28948,212,31001,2326,-32768,-18696,17372,-6268,19898,8113,-17602,940,16996,-3608,-3153,-21489,-2373,814797335
doublepump,-16164,-27716,2700,29063,2086,-32768,-18784,16040,-5624,17549,9375,-13864,2792,16136,-3640,-3624,-21629,-1605,3632225100
doublepump,-15348,-23736,6844,20891,2841,-32768,-18568,15624,-4924,14468,9648,-10423,4224,16300,-2092,-2687,-20427,-1665,3288899817
doublepump,-13472,-27736,5240,17931,6970,-32768,-19084,15416,-3840,10530,9536,-7652,4792,16468,-2956,-2187,-18821,-1731,719375053
doublepump,-17196,-24060,5308,12364,5323,-32768,-19484,14132,-2308,6980,9091,-4850,3032,16156,-3436,-2234,-17856,-912,805537658
doublepump,-13384,-22392,3172,16259,9467,-32768,-19296,12296,-1404,4279,8805,-1494,2384,15364,-3044,-2523,-16498,-34,3872522719
doublepump,-17124,-16376,6448,22479,12383,-32768,-19224,9996,-636,2746,8182,2419,3072,15040,-2532,-2567,-15632,251,3236435971
doublepump,-15040,-10960,5712,17204,6468,-28669,-19172,8328,664,2466,7443,6180,3392,16020,-2080,-2135,-14179,-413,4015591844
doublepump,-12568,-9656,6072,13946,8095,-23812,-18416,6956,1740,2924,6524,9425,1332,16508,-1560,-2381,-12975,-1524,2082916987
doublepump,-15060,-5740,12144,10101,8356,-19389,-16532,5536,2040,4390,5605,11915,-704,17984,-2904,-3520,-13746,-2320,2539548406
doublepump,-17948,-6156,17332,13542,13666,-14521,-15000,4516,2380,6571,4695,14057,-1588,18608,-2820,-4891,-14573,-2855,1044544155
doublepump,-23200,-4348,16048,18203,14383,-10537,-14196,3632,2596,9165,3526,15390,-1984,17724,-1632,-5337,-15839,-3473,2187128287
doublepump,-26196,-2780,13036,20691,13091,-6865,-12432,-1860,5160,11688,1020,13216,-2576,14928,-1356,-5591,-18764,-3625,2943807755
doublepump,-26996,940,11388,19939,10089,-3389,-14312,-4832,5480,14038,-2577,7829,-272,12116,-120,-4698,-21034,-3980,2229496952
doublepump,-24172,3668,10596,9146,3312,-3783,-15032,-9668,4480,15963,-5779,1612,-316,10720,-760,-4870,-22624,-4436,1468832471
doublepump,-19160,3244,10440,-2051,-2643,-7200,-14008,-5528,1652,14243,-6547,-1071,1340,9968,-1320,-4560,-23107,-4424,3034794243
doublepump,-17472,6708,10400,-13775,-8971,-12959,-14904,-2220,-64,10813,-5978,969,3352,9972,140,-3152,-21418,-4331,4226772417
doublepump,-11344,3664,4672,-19411,-7550,-15286,-14588,-588,-652,14610,-4636,3644,4104,11724,432,-1665,-19726,-3991,579611783
doublepump,-11940,8624,6712,-17740,-7002,-16824,-14632,1220,-556,19375,-3042,6236,6884,12892,636,-1056,-16694,-3708,2082703138
doublepump,-9724,10780,5940,-18651,-6864,-16841,-15000,2372,-516,21703,-519,8405,6444,14476,3300,-30,-13009,-3544,3520201017
doublepump,-6420,10124,5900,-16991,-3230,-14246,-15716,1804,-692,23188,1725,9804,2636,14624,4796,1420,-10851,-3353,2468695228
doublepump,-5324,10808,7840,-11773,-1689,-11005,-16156,2196,-780,23701,2428,10434,716,15092,2628,2256,-10143,-3109,2105655161
doublepump,-2700,12000,7556,-4438,-1862,-10781,-15700,2672,-932,23169,1800,10491,-812,15404,68,2147,-10180,-2817,863087849
doublepump,-3676,9272,8352,3162,5275,-5887,-15044,3612,-1184,21907,236,9957,-1744,16160,-972,1279,-9974,-2461,499191030
doublepump,-3636,12172,8880,5659,7199,-6406,-14608,4624,-1084,19472,-1119,9381,-2072,16804,-768,452,-10141,-2017,117956607
doublepump,-3068,7932,10608,6619,8523,-2708,-14388,5976,-700,15978,-2076,8690,516,16720,-516,-453,-10223,-1724,699317872
doublepump,-6452,8588,10924,8476,7402,-975,-15008,5940,-540,11383,-2725,7921,2280,16568,560,-1137,-9673,-1487,2733821066
doublepump,-6076,9828,10792,4715,1189,-1540,-15596,5208,-232,7994,-3248,7304,3668,16020,1080,-1294,-8052,-1191,1778104310
doublepump,-6216,9676,11512,-131,-3860,-655,-15752,3912,-96,6524,-3200,7175,3872,15576,1408,-944,-5829,-882,3373205689
doublepump,-1516,8268,9628,-5008,2161,-499,-15536,3036,68,6942,-2850,7487,3388,15072,1252,-834,-3766,-355,3060257354
doublepump,-6160,5172,11088,-6871,3775,-364,-15508,2928,208,8822,-2401,7957,2092,14560,1496,-555,-2149,144,4153101977
doublepump,-7460,3316,9460,-6428,1399,286,-15452,3572,436,11045,-2269,8489,2616,14260,2060,135,-379,354,2292461137
doublepump,-7272,1768,7036,-3493,1787,907,-16004,5332,1464,12375,-2477,9168,3288,14188,1892,852,1383,288,2343377529
doublepump,-7652,1732,4440,887,9754,1958,-17148,6304,3104,11769,-2816,10228,2448,14372,1156,1141,3002,546,3490156799
doublepump,-10520,1120,8380,4754,12862,1604,-17868,6156,1212,11009,-3849,11328,2740,14748,484,973,4485,919,2057699139
doublepump,-10184,920,7008,5476,9532,1158,-17208,6548,-12,12664,-5207,13043,2992,15016,1080,1166,6083,1391,3076829713
doublepump,-10344,-964,5932,4166,8990,415,-16628,7660,216,15664,-6309,15048,3112,15340,712,1347,7818,1678,1904792164
doublepump,-13068,-220,3168,974,8345,430,-15904,10492,456,16291,-6891,16655,1956,15456,516,1522,9299,1891,1354260787
doublepump,-13660,900,1152,-4844,6047,-457,-16148,12952,1436,13088,-6681,17368,1512,15572,284,1541,10524,2266,1628074064
doublepump,-13648,572,404,-11397,5474,-1210,-16572,16108,1688,5270,-5965,17408,1488,15600,-212,1387,11658,2394,1446558906
doublepump,-15160,-680,1736,-15941,6190,-258,-16804,15700,796,-3872,-5561,17910,1388,15072,-336,1258,12448,2501,1295446841
doublepump,-15628,-3324,2148,-17878,9313,2382,-16164,15480,-944,-9302,-5721,18678,1312,15816,-568,1146,12604,2403,1473122353
doublepump,-17192,-4064,2524,-19481,11049,5364,-14520,17656,-1692,-11377,-5825,18618,1128,15668,-100,1600,13250,2408,279551194
doublepump,-18068,-4164,2176,-22873,12149,8830,-12824,20292,-2088,-13890,-5486,17994,804,16032,-328,1602,14618,2326,2823811217
doublepump,-17404,-6056,764,-24415,16731,13351,-12144,22848,-2184,-19015,-4445,17585,372,15984,-1576,1300,15357,2428,400052497
doublepump,-21180,-5900,2356,-27147,17728,18176,-11104,23008,-2096,-23398,-2269,18351,688,15820,-1028,960,16007,2611,1103651748
doublepump,-22624,-7180,2324,-32768,17446,21970,-9452,22436,-2392,-25500,78,20229,656,15812,-544,1102,16743,2753,1287578725
doublepump,-24584,-9972,2592,-32768,16483,26296,-7440,22600,-3700,-26167,2175,22755,504,15688,-924,1059,17215,2990,3215018931
doublepump,-26100,-11604,1876,-32768,16474,30727,-5840,22608,-3944,-25989,3787,24943,968,15476,-1520,933,17517,3194,3383696108
doublepump,-30164,-12980,988,-32768,14315,32767,-5816,23520,-4476,-27301,4928,25831,1736,14892,-256,1156,18985,3128,2265504603
doublepump,-32768,-15472,-1012,-32768,11125,32767,-5564,23824,-4688,-29059,6444,26745,2020,14384,84,1620,20133,3007,554502360
doublepump,-32768,-18988,-1756,-32768,8739,32767,-4272,22852,-5176,-29722,7627,28803,2340,14148,-392,1944,21407,2938,3210908995
doublepump,-32768,-19936,-2788,-32768,4978,32767,-2404,23236,-5924,-27846,9137,31909,2392,13832,-948,2302,23126,3071,3945688482
doublepump,-32768,-19788,-5228,-32768,-312,32767,-2188,23948,-6132,-25979,10782,32767,2012,14212,-1000,2465,24652,3361,1255523391
doublepump,-32768,-22572,-7604,-32768,-1393,32767,-2748,25512,-5108,-26132,12373,32767,2708,14624,-660,3043,26293,3536,661197696
doublepump,-32768,-23216,-10368,-32768,-4639,32767,-2908,25456,-4744,-28065,13761,32767,2948,15084,-1432,3629,27793,3542,1922211741
doublepump,-32768,-25992,-12748,-32768,-7858,32767,-2996,25116,-5196,-30260,14011,32767,2908,15340,-2392,3956,28919,3449,2951375130
doublepump,-32768,-27424,-12508,-32768,-9179,32767,-2872,23880,-4068,-29204,13013,32767,2700,15932,-3440,3894,29945,3274,1704934074
doublepump,-32492,-26368,-12908,-32768,-9313,32767,-2264,24276,-3088,-26626,11988,32767,2836,16756,-3660,4017,31283,2953,1016977300
doublepump,-28228,-25272,-12832,-32768,-7565,32767,-2552,25932,-1408,-24568,11702,32767,1928,16972,-3396,4053,32052,2846,2834518159
doublepump,-25636,-24312,-13196,-31805,-4820,30154,-1424,27032,-64,-23680,11584,32767,2176,16652,-3336,4074,31994,2694,3620400259
doublepump,-23304,-22992,-13876,-30746,-3520,25287,-132,27976,1076,-23499,11017,32767,1748,16160,-3272,4106,31287,2527,2700612970
doublepump,-21044,-21768,-13964,-30806,-3032,20289,-556,28304,1024,-23921,9841,32767,1332,16304,-3892,4238,30222,2577,2394514484
doublepump,-20756,-22012,-14768,-29507,-2650,15666,-436,27160,216,-25386,7801,32767,1296,16208,-3960,4440,28982,2837,1323966293
doublepump,-19512,-20808,-14208,-28060,-2679,12195,2592,26876,2588,-23520,6085,32767,2240,16048,-3836,4899,27952,2858,1175780624
doublepump,-18284,-19228,-13836,-28899,-1687,9302,5416,29004,5564,-18871,6050,32767,2688,15644,-3612,5208,27218,2492,2383508303
doublepump,-18744,-18484,-13336,-30010,-796,6890,1608,32767,9336,-15660,7382,32767,1896,16572,-2992,5235,26491,2165,2527409717
doublepump,-19808,-18944,-14996,-29186,-682,5233,840,32767,11772,-15800,9055,32767,2076,17944,-2396,4681,24930,2208,4261016531
doublepump,-21740,-19084,-17716,-27194,89,4087,5560,27680,12772,-16389,11885,32689,3128,18268,-2504,3991,23161,2221,266121072
doublepump,-21220,-18120,-19536,-25740,813,2802,10320,22552,10196,-14974,13565,32609,3428,17888,-1848,3833,21877,2281,1461317251
doublepump,-22092,-16428,-19816,-25614,2365,1794,2528,20424,11072,-10891,12419,32767,1304,16820,-2052,4085,21049,2278,2806997952
doublepump,-21048,-15072,-21280,-27142,4849,2487,-5868,18188,14156,-8170,9921,27113,1288,15548,-2756,3771,19834,2232,2713623444
doublepump,-19224,-12084,-20976,-30839,8545,5168,-12040,13072,15572,-12129,7948,17191,2452,14332,-3400,2778,18071,1860,2434546120
doublepump,-18356,-13692,-19188,-32768,11838,8775,-11800,6868,16328,-16379,8413,8027,5224,14008,-3592,2174,16253,1263,3049887217
doublepump,-21236,-14212,-15960,-32768,16099,12940,-17492,2556,15540,-13616,13171,244,5924,15776,-5616,1309,15752,1385,1279114359
doublepump,-23268,-15036,-16372,-32768,19943,16598,-26260,-1684,12064,-6574,14217,-6730,4624,15624,-6340,355,17516,2020,2255441128
doublepump,-23708,-15560,-15272,-31421,22310,18541,-32768,-7420,-3148,-12128,2887,1246,4436,15244,-2208,246,20982,3124,3970601654
doublepump,-23708,-16508,-12968,-29914,24280,19970,-25952,932,5064,-1343,10182,-9948,4044,15148,72,1573,24239,4373,2286372696
doublepump,-24448,-15816,-9964,-31271,26042,21526,-30924,-4120,9024,-6300,7562,-10268,3444,15308,-1352,2555,27019,5768,1792768179
doublepump,-25336,-14968,-7752,-32768,27039,23570,-24552,-5304,6768,-16041,5419,-15681,3336,16256,-2212,2327,29166,7239,1520780035
doublepump,-28296,-15020,-5036,-32768,27271,24867,-19260,-7848,7304,-22667,6145,-17783,4592,15408,-648,1047,28673,7462,3319541476
doublepump,-30312,-17228,-1584,-32768,26483,26253,-17600,-10916,428,-26606,1302,-14724,2560,13412,1788,1061,27186,5895,4143341489
doublepump,-31532,-20968,876,-32768,23539,26527,-9624,-12964,-8,-14017,-4292,-12471,-2612,12876,5408,2218,24119,3592,3796924193
doublepump,-30768,-24788,1536,-32358,19238,25600,1308,-13708,-1656,3191,-3438,-4387,-5340,13540,4276,1791,19046,2846,846651755
doublepump,-27716,-25432,2472,-22492,15266,22852,-5040,-10576,2320,10608,-3674,2599,-6676,14896,3248,1306,13582,3007,250738969
doublepump,-23144,-23732,5772,-16878,11857,18533,-1540,-3952,2748,7172,-4721,2553,-5492,13400,3972,1326,9077,2079,2680113715
doublepump,-17352,-20916,9024,-14000,12293,12689,-520,-2652,3360,-1019,3347,-500,-3564,13436,2836,737,3889,1356,291119319
doublepump,-14588,-19568,9908,-13258,14091,5785,-2692,-7984,5284,-4671,6806,-2346,-60,14528,2732,-142,-401,831,368513831
doublepump,-13172,-18968,12024,-13387,13512,-971,-4604,-9572,6960,-4549,3168,-915,2656,14568,3612,-791,-3220,111,3566620390
doublepump,-13248,-19428,14152,-11580,10390,-6083,-220,-10644,7248,3512,2409,2155,3952,14924,3952,-1244,-4343,-744,1149403553
doublepump,-13084,-19040,15416,-8404,5081,-9847,-1100,-9412,7872,8455,2568,3513,4380,15124,3908,-1407,-4406,-1338,3479867216
doublepump,-12552,-17740,15328,-4777,-328,-12441,-3188,-7200,8456,11581,1707,3769,4108,14644,3204,-1236,-4169,-1387,3401612884
doublepump,-13008,-16900,13328,-1180,-2145,-12746,-4364,-4544,8324,12877,831,4151,4556,13984,2636,-1218,-4313,-1338,2582826855
doublepump,-11436,-12388,15440,-2766,-2664,-15746,-6428,-3684,7216,14784,828,5613,5000,13620,3756,-951,-4930,-1281,3308891216
doublepump,-13760,-11660,14944,-4845,-5318,-17501,-10852,-2424,8360,17153,-991,6562,4364,14564,3856,-958,-5618,-1124,3944336356
doublepump,-14420,-10824,13460,-9837,-6685,-19730,-428,-3124,-6236,23523,3349,8789,3840,14716,4404,-620,-6331,-871,2122686366
doublepump,-16924,-13400,11232,-9148,-8421,-21376,-13400,2752,5024,23651,5270,9091,2884,15328,4704,-515,-7344,-373,1911130317
doublepump,-18808,-16348,8272,-4634,-11290,-23097,-14576,1376,708,23665,5042,8409,2856,15396,3000,-562,-8212,-98,3332434976
doublepump,-20572,-17732,7104,2997,-13095,-24988,-18508,3540,1284,19703,3542,11219,2000,15484,3028,-989,-9538,440,3147717560
doublepump,-22884,-16560,5000,7933,-13208,-26484,-17644,3344,2492,18937,8865,10407,3360,14540,968,-1504,-11164,593,3580338969
doublepump,-24540,-13908,3484,8909,-14042,-28561,-19228,3464,92,16974,7144,8640,4988,14396,452,-1909,-12417,254,3195426204
doublepump,-25896,-16684,420,12217,-13981,-29622,-13860,2072,188,20457,7771,6265,2080,14320,1948,-1401,-14659,259,2592768063
doublepump,-26908,-19520,-2760,15637,-14400,-30441,-15308,4908,84,23124,9172,3192,6840,15104,1960,-2755,-16301,-469,584622456
doublepump,-22552,-27112,-8756,25206,-12863,-31797,-16668,7764,292,24128,11055,-2668,3036,16508,2444,-1836,-16722,-1123,814588377
doublepump,-32768,-31732,-9856,31560,-9540,-27958,-16256,7452,-1232,23714,10971,-8253,4640,16788,-1496,-4101,-17656,-1452,3705436579
doublepump,-32768,-22876,-15180,32767,-6943,-32768,-13756,6508,-1272,24568,12395,-13430,6536,14876,388,-4218,-16703,-2887,2612089348
doublepump,-32768,-24368,-17332,32767,-8392,-32768,-14212,9780,-124,25845,15950,-20760,6356,14424,1036,-3914,-17330,-4381,3829489148
doublepump,-32768,-26300,-20480,32767,-8228,-32768,-16592,11288,1868,27134,17441,-28466,1100,15580,1236,-3681,-20164,-4203,2302675082
doublepump,-32768,-25672,-22832,32767,-12712,-32768,-20932,12828,2100,29889,16974,-32768,656,14948,-452,-4073,-22393,-3546,144318919
doublepump,-32768,-29440,-20732,32537,-18453,-32768,-24904,15628,888,32767,14466,-32768,2168,14588,-804,-3899,-23216,-4215,3574547724
doublepump,-26716,-25544,-25148,32767,-5433,-32768,-27260,18700,64,32767,11362,-32768,3792,13972,-1684,-4155,-25237,-5299,3253015443
doublepump,-32556,-26348,-22368,32767,-3737,-32768,-31136,22636,-100,32767,7862,-32768,2964,14252,-2136,-5271,-27038,-6182,67288076
doublepump,-25888,-30528,-25736,32767,5765,-32768,-32768,26260,1284,32767,5309,-32768,2824,12940,816,-5010,-27905,-6003,1729750319
doublepump,-25100,-32512,-23652,32767,2777,-32768,-32768,29716,1944,32767,3640,-32768,3088,15064,164,-3564,-29081,-6015,2188668679
doublepump,-21404,-30524,-22240,32767,4339,-32768,-31744,30976,-1744,32767,1993,-32768,1720,17128,-2440,-3969,-29987,-5145,1304561429
doublepump,-22968,-32768,-16660,32767,7569,-32768,-28128,31348,-4900,32767,228,-32768,5380,15120,-1660,-2795,-28892,-4333,534366848
doublepump,-20376,-26176,-14172,32767,-2000,-32768,-26256,31512,-4716,32767,-592,-32768,1872,17372,-2632,-3258,-30256,-3815,1876728518
doublepump,-19296,-32768,-10420,32767,12535,-32768,-24420,29652,-3644,32767,-1214,-31810,3036,15412,-3560,-3732,-30660,-1642,3488767105
doublepump,-22976,-21704,-5752,25756,-3214,-32768,-22072,26144,-4472,32767,-1447,-27683,9444,15056,-4156,-2760,-25568,-3055,1697559306
doublepump,-19924,-32768,-2444,14822,-2277,-32768,-20852,23300,-6980,32767,-1710,-23778,2356,16364,-2144,-2951,-25080,-3786,3197973728
doublepump,-17508,-32768,-228,19580,3730,-32768,-20160,22232,-8388,32767,-2388,-21207,676,17020,-4720,-3076,-26642,-2755,2598780200
doublepump,-19180,-30280,2784,13151,223,-32768,-18452,23260,-8700,32767,-3246,-19388,2160,15856,-4216,-3104,-25205,-2220,1219438095
doublepump,-11644,-32768,3832,14615,6607,-32768,-16400,22572,-8052,32670,-2763,-17274,1516,15548,-4164,-3631,-24743,-2102,1308983820
doublepump,-12356,-32768,5908,16334,10795,-32768,-14896,20912,-7624,28450,-1225,-13932,2020,15764,-4500,-3501,-24898,-1941,3914315188
doublepump,-19984,-32768,7856,25098,6604,-32768,-14180,18880,-7904,23416,561,-10156,3436,14912,-5996,-4247,-25661,-1801,3474389499
doublepump,-11608,-31976,6980,27090,3528,-32768,-13564,16384,-7620,19045,1925,-7010,4268,14336,-6368,-4585,-25448,-1983,2254166858
doublepump,-13436,-30876,9392,26001,2615,-32768,-13728,14152,-5604,15877,3184,-4471,3692,14632,-4532,-3796,-23025,-2599,445443643
doublepump,-11140,-28804,10056,19286,-760,-32768,-14456,11500,-3568,14609,4278,-3110,2824,13940,-2016,-3111,-21733,-2682,2232620034
doublepump,-10852,-30516,10136,16227,927,-32768,-14552,9792,-3260,15004,4853,-2654,4760,14468,-772,-1138,-19718,-3081,1457686439
doublepump,-10968,-25444,8324,12082,-802,-32768,-14880,9252,-3272,16872,4804,-3063,3560,15556,-1704,-574,-17898,-3480,4158296955
doublepump,-8864,-20868,7140,10243,4056,-32768,-14824,9100,-3016,18246,4072,-3355,460,16812,-3676,-1119,-16545,-3040,3599317998
doublepump,-11400,-19044,7920,11891,8547,-32768,-14740,8700,-2384,17913,3725,-3134,-848,17272,-3900,-2005,-15825,-2167,2282241544
doublepump,-17696,-11900,9644,17351,12403,-29305,-15784,8144,-1060,16409,3701,-2720,-1456,18188,-3880,-2609,-15400,-1300,1419853050
doublepump,-21500,-5484,9112,19234,11470,-22584,-17288,7320,312,14940,3821,-2448,-1004,18580,-3796,-3087,-16162,-616,1172445855
doublepump,-23008,-680,2708,18653,9742,-12832,-18040,6576,904,14248,3851,-2290,1656,18048,-2984,-2942,-16319,-1126,4192351432
doublepump,-27292,5092,1388,10677,8609,-5481,-17392,5868,1056,14861,3599,-1249,4020,16360,-2232,-3259,-17555,-2715,2863043132
doublepump,-32768,2984,8748,3754,13292,1729,-17276,4952,588,16343,3361,487,2204,15420,-2992,-3991,-19228,-3600,3720339589
doublepump,-32768,808,15096,4802,16671,5070,-17424,4380,624,18533,2811,2741,1560,14804,-1812,-3009,-20018,-4237,2910915986
doublepump,-28252,676,11556,9283,15485,3152,-16184,4324,884,20589,2737,5465,2524,15096,-2036,-2201,-20667,-4760,1894961528
doublepump,-18692,-576,2972,5941,11065,3721,-16020,4376,1380,21431,2919,8159,3516,15588,-2704,-2731,-20032,-4698,3057446486
doublepump,-8792,6032,2660,-1069,7388,-3979,-16604,4464,2020,20993,3086,10338,4448,15948,-2184,-3722,-17927,-4414,32576888
doublepump,-11116,9544,8976,-7648,-219,-12939,-16732,4300,2432,19307,2711,11826,5644,16032,-372,-4776,-15081,-3775,3637444577
doublepump,-9444,9584,10112,-7966,-2543,-14983,-15912,4120,2620,16807,1969,12552,5892,13596,2796,-4093,-12471,-3767,202650113
doublepump,-7968,9132,10440,-4577,-2984,-14712,-15296,3880,1716,14360,941,12751,3792,12300,2880,-2307,-11386,-3999,2240050179
doublepump,-8632,9368,10812,1727,-2765,-12780,-15096,3504,1548,12689,-374,12520,2140,12456,612,-1652,-10572,-3923,790108545
doublepump,-6960,12464,10064,5938,-1977,-11519,-15472,3148,1140,11436,-1761,11806,-528,12304,-340,-2122,-8886,-3322,190524624
doublepump,-6280,13344,8272,7436,-1043,-8749,-15184,2688,1084,10625,-2839,10640,620,13040,476,-2612,-7803,-2401,2075397180
doublepump,-5232,13556,8792,5598,524,-6718,-14332,2740,1204,10081,-2991,9249,2308,13436,1692,-2351,-6316,-1806,3906893516
doublepump,-5508,11544,8596,1206,2684,-4139,-13556,3580,1596,9102,-2363,7802,2776,14200,3180,-1832,-5217,-1684,4047971821
doublepump,-7760,10700,9148,-3734,-344,-2493,-13684,3996,2100,7706,-1448,6281,2480,15080,3640,-1420,-4331,-1424,3184884681
doublepump,-6840,7868,9540,-5716,-2869,-1997,-14632,4908,2332,5792,-1266,4877,1644,15504,3056,-1029,-3377,-865,704307636
doublepump,-7336,6028,7824,-4538,-4827,-3401,-15104,5460,1920,4288,-1840,4021,2200,14536,2280,-864,-2274,-400,2230896838
doublepump,-5392,4024,7704,-4021,424,-3577,-16020,5484,2268,4019,-2831,4017,2732,14252,2080,-563,-847,-59,825643015
doublepump,-8276,4792,8012,-4894,-838,-4637,-16940,6376,2588,4237,-4287,4895,3272,14124,2288,-219,638,50,2954242569
doublepump,-7308,1424,6960,-4179,-584,-3573,-17044,6548,3444,5449,-5345,6211,3948,14268,2816,582,2726,40,3236673404
doublepump,-9148,1696,7120,-643,-1119,-4961,-17040,7500,4448,6752,-6161,7585,3524,14156,3356,1539,4642,-84,1354478862
doublepump,-8404,1580,6764,3,7600,-6315,-17000,7996,4024,7873,-7052,8685,2268,14636,1984,2297,6136,53,289011727
doublepump,-12844,1040,7532,1408,8750,-6808,-16780,8848,3356,8898,-8168,9773,1300,15004,712,2201,7240,556,3100463954
doublepump,-14668,1648,6304,-2102,3242,-6473,-17076,10152,4088,9247,-9075,10823,956,14896,704,1963,8205,1108,2336061735
doublepump,-12788,4888,4532,-5954,706,-6156,-16552,12716,3976,6636,-9915,11838,864,15564,1288,2109,8939,1433,2377619478
doublepump,-11384,3460,2600,-8974,1359,-4649,-15948,16744,3572,-271,-10555,12904,452,16244,1476,2434,9673,1810,2209518144
doublepump,-12832,3164,2384,-12950,-339,-2592,-14708,18008,2928,-7773,-10112,13282,328,16456,864,2295,10285,2219,3253929820
doublepump,-12544,1592,2952,-17193,477,-184,-12948,16256,3748,-11652,-8885,12999,364,16176,712,1911,10599,2552,3536014937
doublepump,-13244,-1212,2836,-19143,3738,4059,-12124,17152,4864,-13114,-7627,13062,520,15592,48,1480,10566,2777,4141557333
doublepump,-13584,-1428,2456,-21080,5207,7803,-10940,18548,3472,-15038,-6535,13748,960,15520,-108,1078,10560,2840,2197310463
doublepump,-12672,-2104,2016,-24817,7763,11377,-9284,19284,1996,-16503,-5909,15154,1748,15852,940,1238,11510,2713,2333226199
doublepump,-13768,-3920,2600,-28248,12075,15914,-8964,22240,1732,-19847,-6005,17025,1620,15776,1448,2047,12959,2511,1623478564
doublepump,-15372,-6292,1892,-30446,17167,21463,-7700,23948,1648,-24237,-5086,18664,32,15456,-108,2237,13646,2606,1133192292
doublepump,-18644,-7916,2500,-31627,18355,26616,-6488,23524,376,-27066,-3140,20250,1072,15748,-1296,1737,14633,2863,1660520287
doublepump,-20344,-8792,2796,-32768,18471,31448,-5356,24304,160,-28423,-805,21936,1796,15404,-276,1755,15799,2992,253923885
doublepump,-24668,-12620,3508,-32768,19714,32767,-4816,25040,-876,-28187,1816,23280,1916,15100,-692,2011,16678,2980,1114347089
doublepump,-28116,-13432,2680,-32768,18389,32767,-5172,28048,-2412,-29381,3196,25867,1700,14848,-1048,1886,17770,3031,1291534056
doublepump,-32768,-18512,2016,-32768,14430,32767,-5128,29792,-3808,-31670,4061,29010,2520,15320,-420,2018,19168,3366,217444031
doublepump,-32768,-23340,-400,-32768,10262,32767,-5124,30236,-3944,-32768,5105,32491,1600,15532,-912,1877,20490,3913,3794013158
doublepump,-32768,-27468,-3216,-32768,8146,32767,-4956,30336,-3816,-32768,6538,32767,3532,15420,-536,2339,21817,4424,4150806350
doublepump,-32768,-28844,-6204,-32768,3953,32767,-5548,30516,-3120,-30540,8218,32767,4840,15112,-264,3029,24051,4236,3730653572
doublepump,-32768,-28504,-8476,-32768,-369,32767,-5792,32356,-3236,-27969,8716,32767,4164,15120,-1084,3289,25360,3971,2382723042
doublepump,-32768,-32768,-8952,-32768,-2461,32767,-5872,32767,-3128,-26379,8435,32767,2956,15420,-1880,3338,26200,4443,3277943834
doublepump,-29676,-32152,-8420,-32768,-1924,32767,-7172,32767,-1512,-26685,7920,32767,3360,15068,-1552,3627,26978,4938,1240974826
doublepump,-26428,-31212,-9424,-32768,472,32767,-8232,31948,-32,-27576,6885,32767,3788,14676,-2352,3904,27394,5157,2490963874
doublepump,-25448,-28648,-9968,-32768,1352,32767,-6940,31344,1384,-26519,5857,32767,3768,14616,-2344,4314,27606,5240,1726491647
doublepump,-24744,-24424,-10584,-32768,1942,32594,-7124,30140,2132,-25171,4897,32767,3772,15016,-2400,4781,27580,5232,2847216466
doublepump,-23496,-22096,-11912,-32768,2276,29148,-8020,29772,3440,-24534,4001,32767,3644,15636,-3156,5356,27752,5239,1655422867
doublepump,-22652,-22764,-14156,-32768,236,25809,-9244,28628,5420,-25187,3061,32767,4088,15788,-3880,5895,27796,4976,1722857810
doublepump,-20944,-21860,-13100,-32768,-1259,22179,-7340,27248,7708,-26291,2018,32767,4748,15576,-3508,6214,27225,4307,1599242042
doublepump,-20508,-22360,-12340,-32768,-1515,18181,-3512,24916,9632,-27810,816,32767,5492,15732,-4048,6372,26169,3583,3916232208
doublepump,-20640,-22924,-13528,-32768,-1011,15065,-2828,23792,12444,-26962,313,32767,4384,16276,-4884,6187,25746,3095,192282723
doublepump,-18464,-21076,-13668,-32768,-123,12952,-1268,20308,13996,-23463,155,32767,3944,16548,-6096,5923,25839,2867,2436716186
doublepump,-17408,-18200,-11840,-29687,2556,10323,800,16800,14416,-17265,525,32767,3952,16484,-6128,5090,25761,2657,4288618229
doublepump,-18296,-15964,-10320,-27657,4536,8136,1512,14936,13260,-8530,1225,30167,3568,17012,-4492,4341,24619,2704,3351042966
doublepump,-19472,-13780,-9608,-27722,6188,6960,-1116,15716,12444,-2547,1470,24596,3744,16640,-3608,4116,23312,2619,2176866735
doublepump,-20104,-12000,-10448,-31066,6683,7004,-5300,17116,13156,-1204,139,20228,3664,15800,-3252,4202,21968,2124,1356203765
doublepump,-18952,-15296,-14856,-30256,5131,7858,-10956,18804,15284,-4668,-1243,16311,3268,15528,-3612,3721,20118,1278,208173860
doublepump,-17420,-15336,-11948,-24320,5744,8478,-14712,16696,15780,-10059,-736,13280,2376,15424,-3880,3034,18298,347,2834113870
doublepump,-17740,-13404,-7220,-21623,8716,9522,-14716,11508,14376,-9234,2831,8403,2304,15292,-4680,2154,16950,-402,957401528
doublepump,-19520,-13176,-5716,-17936,12121,10717,-17692,7464,11692,-4675,5946,4368,1608,16180,-4628,1027,15671,-359,2792716189
doublepump,-19840,-12104,-6544,-16320,14108,12436,-16260,-6120,16748,1961,4256,6286,1664,15768,-3136,220,14861,622,4098672752
doublepump,-19924,-11320,-7088,-18241,14090,13597,-23684,6240,9564,8609,14185,-4587,1740,15116,-916,363,15218,1512,1456051245
doublepump,-20120,-10864,-7020,-21980,13962,13562,-27052,220,7940,10074,11166,-3494,1652,14560,800,1143,15350,2495,3987983356
doublepump,-19744,-10908,-5464,-26187,12982,12487,-20220,328,2376,10687,6188,-3805,1752,15832,20,1073,15514,3355,518197374
doublepump,-21000,-10428,-4328,-31571,12866,11847,-14352,-2920,2980,12283,6021,-2706,1764,17052,1228,855,14118,4588,1891913970
doublepump,-21576,-9528,-6004,-32768,12911,11743,-14768,-6760,1840,12802,2447,215,1976,16144,628,750,13421,4780,922612595
doublepump,-20340,-9876,-8968,-32768,12046,11293,-15312,-5716,4180,8229,-982,2301,2480,14828,2804,354,12059,4073,1985608555
doublepump,-19376,-11588,-6784,-32768,10894,11138,-7276,-1516,10356,2422,6387,1161,2844,13388,2760,1028,10310,3653,919630014
doublepump,-18408,-11488,-2300,-32768,11427,10850,-6520,-828,9760,-10462,7543,2571,2432,13804,1776,282,8923,3824,1478336405
doublepump,-17328,-12232,644,-27458,12630,10794,-7396,-4568,8128,-17245,4892,4735,1964,13224,2396,-359,8233,3916,3036203776
doublepump,-16708,-11588,28,-16764,13416,10269,-240,-5924,7736,-16002,6040,3287,1712,12916,4336,-452,7607,3279,760761618
doublepump,-17084,-8688,-184,-11143,12797,9704,-1188,-6764,12772,-12049,5568,2353,1208,12512,4884,218,5762,2587,3582187839
doublepump,-17560,-8688,736,-6239,12281,8881,-1828,-6596,15544,-9476,4511,3293,1380,13032,2768,26,2767,1694,3883069048
doublepump,-16680,-7208,2852,-2933,12428,7161,-2076,-7760,13896,-7007,2557,4657,2428,14540,2216,-618,-106,1197,4292829288
doublepump,-16876,-8352,6096,-1674,12577,6910,-3860,-8740,13584,-3147,1312,5137,5120,15072,1808,-1076,-1434,986,4282273010
doublepump,-15852,-7036,7244,-1233,11588,5905,-2448,-9312,15016,575,1062,5022,5572,14456,2616,-1293,-1765,352,2827021051
doublepump,-15396,-6168,7832,-2479,10860,4298,-2232,-9344,16324,2169,932,4206,5648,13952,4200,-1221,-1726,-101,2291590618
doublepump,-16332,-6636,9356,-2764,8773,2309,-1684,-8916,16772,1727,509,2516,5528,13968,3008,-917,-1776,-276,1937368191
doublepump,-15832,-7576,11236,-316,5166,-422,-3132,-8232,16088,1252,-534,-83,5800,14392,2044,-948,-2117,-205,2697219785
doublepump,-14408,-8736,12072,2499,2901,-2647,-3772,-8068,14308,1735,-969,-1490,5616,14476,2496,-1163,-2479,-246,2924883327
doublepump,-14608,-7712,11252,4103,437,-4283,-4600,-6476,14756,4872,-290,-3144,5152,14156,3124,-914,-2671,-293,3648915051
doublepump,-14528,-7268,9696,4169,-2106,-5971,-6500,-5032,14396,7309,-256,-3668,3992,13608,3008,-641,-3161,-290,2229557043
doublepump,-14952,-6384,9524,4228,-4143,-7447,-7816,-3072,13176,9504,-693,-3000,3716,13252,3120,-549,-4222,-256,529734265
doublepump,-15404,-6448,8376,3355,-6722,-9215,-7984,-1208,12328,12142,-135,-1241,3332,13368,2804,-609,-5553,-333,1745703371
doublepump,-15904,-7096,6936,2465,-8849,-11264,-10160,2104,10412,13275,-1120,817,3328,13808,2560,-617,-7256,-526,2162936660
doublepump,-17640,-9072,4912,3458,-10124,-13003,-11520,4628,7288,12536,-3262,2752,3536,14272,2484,-721,-8613,-690,3730529834
doublepump,-18716,-9320,2684,5562,-12233,-14788,-12520,4988,4488,12339,-5018,4929,3848,14744,1632,-998,-9588,-843,847149308
doublepump,-19764,-9640,672,8638,-12988,-15870,-14096,4068,4420,13003,-6021,7403,3916,14972,1940,-1269,-10503,-1055,311192763
doublepump,-20388,-9584,-572,11704,-14014,-17343,-14348,3076,4676,14539,-6310,9718,4280,15004,1788,-1608,-11834,-1139,3465815466
doublepump,-21152,-11416,-1784,15302,-13717,-18606,-13912,3688,4904,15520,-5486,10008,4664,15116,1104,-1840,-13320,-1122,2897180577
doublepump,-22460,-12020,-4312,21469,-13222,-20913,-12328,5576,4256,14838,-2922,8685,4572,15568,1248,-2261,-14336,-1108,2350039781
doublepump,-22916,-11264,-5676,25560,-14385,-21866,-11760,6280,2788,14999,786,5388,5080,15344,-312,-2470,-15022,-1199,2142193136
doublepump,-21304,-13308,-7560,27584,-13250,-22491,-11520,6020,1892,15515,3288,974,5860,15052,-1432,-3524,-15531,-1537,915626954
doublepump,-22180,-13720,-8712,27796,-12578,-21957,-9036,5640,1216,16957,5128,-3139,5808,15432,-740,-4196,-17229,-1936,1806104324
doublepump,-22180,-13584,-9524,24919,-13137,-22267,-7676,6696,1564,19193,7171,-8084,6224,15420,-1152,-4377,-18202,-2328,4157831702
doublepump,-22832,-16828,-12756,22128,-13044,-22178,-8200,7272,1128,21137,8307,-12677,5020,15044,-1428,-4838,-19059,-2627,1389632030
doublepump,-21108,-17880,-16812,23734,-10775,-24199,-8608,8296,620,24560,9391,-18524,4852,14680,-1752,-5117,-19699,-2741,276839689
doublepump,-19680,-19296,-17344,26044,-7162,-26986,-7180,8012,1056,28764,9728,-24447,5484,13976,-1508,-5595,-20543,-3042,2745438629
doublepump,-17944,-22208,-15864,31154,-3459,-28849,-5284,12596,2604,31046,9499,-30911,5344,13896,-1392,-6182,-22500,-3481,2391372564
doublepump,-19572,-24952,-17252,32767,27,-30632,-8696,15588,4348,31194,8413,-32768,3396,14648,-972,-6610,-24572,-3517,3496455981
doublepump,-22084,-27624,-18624,32767,3488,-30532,-15724,19820,3860,32564,5881,-32768,1944,15264,-1208,-6644,-25586,-3514,3752491126
doublepump,-21732,-27188,-20108,32767,4920,-32283,-21128,24228,3332,31778,1973,-32768,3096,14532,-2476,-6829,-25766,-4205,2179537036
doublepump,-20220,-29368,-18720,32767,5277,-32768,-17368,24812,1096,31903,-1552,-32768,4148,14712,-3328,-6983,-26769,-5526,4135874135
doublepump,-20464,-29108,-16008,32767,6002,-32768,-16204,25160,-1684,30066,-5089,-32768,3548,16280,-4036,-7420,-29073,-6548,716801632
doublepump,-19736,-30616,-14592,32767,7557,-32768,-20880,28868,-956,30408,-7514,-32768,1352,18364,-4016,-7904,-32062,-6215,440449772
doublepump,-17344,-31816,-14172,32767,8563,-32768,-24628,32767,-2188,31519,-9722,-32768,1064,18800,-4048,-8095,-32768,-5154,90833855
doublepump,-15776,-32404,-13416,32767,9291,-32768,-23876,32767,-2104,32767,-8841,-32768,2948,17184,-4540,-8387,-32768,-4700,158379938
doublepump,-16836,-32768,-11944,32767,9955,-32768,-23492,32767,-2168,32767,-5629,-32768,4464,15216,-4296,-8330,-32768,-4810,254994048
doublepump,-18408,-31988,-9292,32767,9546,-32768,-21244,32767,-3512,32767,-2383,-32768,5156,14364,-3856,-7731,-31942,-5131,662488147
doublepump,-18108,-31616,-6428,32767,8643,-32768,-19724,32767,-4184,32767,-2467,-30301,3940,13596,-1928,-6463,-31237,-4983,2048908317
doublepump,-16200,-32768,-5404,32767,9467,-32768,-18564,30200,-3228,32431,-4300,-23255,2948,13476,-2136,-5123,-31195,-4160,4159170445
doublepump,-14296,-32092,-3776,32767,10844,-32768,-15800,26340,-3116,29629,-4477,-17771,3924,13992,-3912,-4313,-30529,-3470,3615519863
doublepump,-13912,-30552,-1932,32767,8806,-32768,-14516,22020,-3592,30616,-5197,-14018,4612,15328,-4036,-3699,-29120,-3285,506609014
doublepump,-11924,-30480,152,32767,5805,-32768,-12532,19204,-4960,32767,-5737,-11781,5296,16936,-2688,-2805,-27718,-3813,942607307
doublepump,-9972,-30452,1296,32767,3968,-32768,-12548,18104,-5024,32767,-6096,-11296,5040,17676,-1896,-2324,-26052,-4143,2968857908
doublepump,-7432,-29852,4408,32767,1543,-32768,-11232,16652,-4668,32767,-4468,-11077,5724,17000,-2064,-2519,-23031,-4474,359689754
doublepump,-8832,-31872,7652,32767,2565,-32768,-11044,14856,-4584,32767,-3174,-10439,5220,15876,-1568,-2793,-19613,-4856,1235232224
doublepump,-11724,-29604,9832,32767,3405,-32768,-11212,14136,-4380,32605,-1412,-10418,3260,15408,-1856,-2725,-17056,-4960,198020097
doublepump,-12148,-26432,9252,32767,3724,-32768,-11024,13760,-4800,27901,206,-10988,2980,15040,-2840,-2593,-15404,-4432,3817077125
doublepump,-9796,-20468,9576,32767,4462,-32768,-11512,12176,-4496,23351,1298,-11755,728,14400,-3852,-3004,-14265,-3743,2181797092
doublepump,-11208,-18640,10132,32767,8255,-30966,-12464,10528,-3400,19635,2207,-12533,3008,15164,-2332,-2778,-11134,-3361,2719659359
doublepump,-12840,-16964,8380,32767,11490,-21980,-13616,9088,-2564,16885,3570,-13869,2436,15408,-1160,-3202,-9704,-3394,1492251853
doublepump,-18208,-6772,8872,32767,14649,-13635,-14964,7216,-1400,16073,4694,-15379,780,16572,-1388,-4223,-9919,-2588,3960820376
doublepump,-18628,-1312,6016,27868,12260,-6669,-16700,6788,-1340,17507,5420,-16319,2268,17212,-572,-4608,-9499,-2671,1418331724
doublepump,-20512,3692,2700,17666,10067,-1405,-17520,6772,-1784,17536,4996,-17144,1560,17368,244,-4472,-8888,-3670,2509105856
doublepump,-21276,2412,-156,8848,9615,6444,-18424,6892,-2616,17351,4167,-17010,380,17884,-860,-4859,-10522,-4664,1270226820
doublepump,-26636,4820,4256,1974,7236,11210,-18568,7128,-2176,16040,3700,-16384,864,16844,-896,-5723,-11970,-5825,2064960925
doublepump,-30172,1224,10916,1132,9525,16332,-17880,7364,-2136,14365,3606,-15130,-248,15488,876,-6138,-14112,-6768,3090357070
doublepump,-28916,-4944,13872,7357,10039,19407,-17532,6628,-1912,12568,3651,-12541,72,13900,-12,-6571,-16848,-7097,1036481693
doublepump,-22436,-3604,8924,15316,11079,13427,-16164,5428,-2804,13671,3578,-9649,648,11688,2948,-4906,-17727,-6822,3466259407
doublepump,-17060,-1524,7760,16395,1753,7643,-15588,4744,-2524,17208,3785,-6478,-12,10020,4380,-3293,-20343,-5208,131669490
doublepump,-5676,2560,1108,10835,-5475,266,-15584,4072,-2844,22168,4224,-2951,3980,9984,784,-2567,-19768,-3374,1916788631
doublepump,-412,7780,-2032,-58,-3895,-3675,-15948,3580,-2448,27416,4927,734,10132,10332,-240,-1596,-13171,-2075,3496557405
doublepump,-3096,13104,-648,-13574,-11562,-14383,-17020,3428,-1624,31752,5679,3901,11000,13708,2820,-475,-6005,-2106,596278257
doublepump,-5216,6980,2608,-16466,-12751,-15454,-17772,3884,-520,32767,6186,6110,10944,15732,3584,620,-1829,-2457,1705169482
doublepump,-5072,11904,2852,-14744,-15655,-16587,-17916,4712,44,32490,6573,7064,5372,17340,1980,821,1917,-2122,4211520143
doublepump,-4044,9872,4644,-9565,-13398,-12275,-17152,5468,-228,29208,6121,6791,60,17696,2660,387,3190,-1137,677661413
doublepump,-3380,8124,6200,-3097,-6412,-7504,-16108,6304,-996,24718,5199,5726,-2996,16760,5316,80,1270,113,3780337969
doublepump,-3776,7240,5544,566,-889,-3605,-15560,6564,-984,19660,3808,4439,-584,14852,4168,-84,607,1302,668041205
doublepump,-7480,7332,6892,488,-1836,-1791,-15412,6524,-456,14578,2506,2991,1248,13576,3976,-358,40,1374,1409075986
doublepump,-3188,7472,3996,-2648,1918,-1426,-14952,5912,368,9636,1762,1630,3224,14036,3080,-187,1319,1522,2093524779
doublepump,-4580,6400,6248,-2721,2391,-1331,-13948,5364,1052,5932,1783,342,4140,14468,2656,30,2850,1783,1086634967
doublepump,-3884,6588,5712,-4768,1386,-4350,-13596,5600,2516,3370,2462,-882,4768,14896,2420,443,4904,2010,2188773263
doublepump,-6856,6064,6676,-5403,2729,-2933,-13804,6236,3460,631,3292,-2162,3920,15052,3200,886,6954,2147,2273280523
doublepump,-6040,5780,4468,-5517,3190,-1773,-14528,6752,3528,-2557,3743,-3151,2584,15200,3460,1355,8387,2323,2937298410
doublepump,-7000,7420,2376,-8046,3910,-1246,-15152,6188,2520,-5321,3439,-3446,2704,15276,2036,1358,9545,2463,4191681982
doublepump,-6536,4576,2220,-9588,8698,533,-15644,5916,1664,-7104,2218,-3223,2684,15508,1348,1149,10657,2467,2342982493
doublepump,-9860,1360,3940,-9015,9605,2505,-15888,5512,1236,-7639,413,-2936,2376,15308,1620,1067,11765,2472,3650873895
doublepump,-10124,-64,3460,-7242,9349,4203,-15944,5520,1224,-7794,-1061,-2305,2336,15452,1472,1025,12923,2564,1987248630
doublepump,-11696,-1092,4260,-5824,11403,6050,-16056,5804,1172,-7704,-2362,-1678,2232,15320,1472,972,14380,2845,1247507337
doublepump,-13276,-600,2656,-6753,11245,6902,-16028,6200,824,-7257,-3496,-974,1792,15604,964,827,15597,3126,48708439
doublepump,-13676,-1276,1712,-8602,14922,7861,-16132,6900,660,-6895,-4349,-78,2340,15564,968,730,16837,3336,1800456001
doublepump,-15548,-1800,1452,-12367,16595,8941,-16572,7632,-828,-6503,-5393,978,2200,15436,1484,625,17352,3397,4052166877
doublepump,-16956,-2536,-88,-17252,18804,10321,-16916,7912,-3160,-6406,-6892,2483,2104,15584,1124,854,18125,3497,1516612571
doublepump,-19880,-2392,-1772,-24372,19662,12363,-16988,9424,-4304,-8241,-8538,4007,1660,15780,-8,503,19005,3783,3311044264
doublepump,-21732,-3824,-2776,-31493,20407,14299,-18236,14152,-4768,-13694,-10212,5187,1036,16052,-80,298,20168,4318,237252721
doublepump,-23092,-6376,-2220,-32768,20217,16261,-18948,16892,-5584,-22604,-9891,7044,1264,15748,-648,339,21676,4852,2028874866
doublepump,-24492,-8068,-1644,-32768,20950,19233,-19908,16640,-8336,-32286,-8528,9524,2084,15468,-364,298,23202,5094,4292697526
doublepump,-27688,-9576,-1488,-32768,21900,23837,-18964,14328,-10804,-32768,-8266,12753,1724,14916,208,463,24215,5278,1906246718
doublepump,-31416,-10712,-2764,-32768,21167,29483,-18564,13888,-12112,-32768,-8025,16732,724,14756,480,735,24977,5660,2413915546
doublepump,-32768,-12504,-4920,-32768,18196,32767,-18996,14008,-12388,-32768,-7354,20543,-852,14820,280,1148,25359,6425,3555669338
doublepump,-32768,-14348,-6116,-32768,15023,32767,-19972,16320,-12580,-32768,-5793,23948,-192,14616,4,1481,26006,7015,1363206255
doublepump,-32768,-15396,-6224,-32768,11954,32767,-20436,19452,-14052,-32768,-3087,26698,948,14768,172,1884,26208,6942,1868737926
doublepump,-32768,-18088,-6816,-32768,8874,32767,-20612,23744,-16296,-32768,-520,28232,2052,14788,440,2691,27030,6247,2121054121
doublepump,-32768,-20220,-7740,-32768,6733,32767,-21396,26440,-18796,-32768,1367,29595,1672,14844,796,3208,27914,5526,474314091
doublepump,-32768,-22792,-7852,-32768,5499,32767,-23452,28156,-19508,-32768,2430,31385,2016,14796,1256,3694,28463,5441,2391347736
doublepump,-32768,-22416,-7884,-32768,4074,32767,-26096,30516,-19868,-32768,3512,32767,3088,14440,1036,4308,28756,5755,1485616615
doublepump,-32768,-22824,-9216,-32768,2130,32767,-29596,32767,-21936,-32768,3978,32767,3488,14148,-644,4913,29090,6059,1347433024
doublepump,-32768,-24896,-12776,-32768,524,32767,-31864,32767,-25560,-32768,3845,32767,2964,14376,-1528,5479,29591,6530,2145928512
doublepump,-32768,-25256,-14036,-32768,-1946,31002,-32768,32767,-28768,-32768,3490,32767,3924,15024,-2100,6265,30211,6872,1138055458
doublepump,-31956,-23512,-12352,-32768,-2817,25710,-32768,32767,-28492,-32768,4695,32767,4052,15252,-2156,6981,31182,6374,2697619745
doublepump,-30776,-25212,-12592,-32768,-3743,21098,-32768,29164,-24736,-32768,7655,32767,2556,16884,-1316,7191,31071,6068,618997583
doublepump,-27576,-23224,-12944,-32768,-4425,17878,-31320,24780,-19100,-32768,8902,32767,2384,17260,-1044,7055,29850,6053,2226296972
doublepump,-26244,-22400,-14900,-32768,-5396,15371,-27744,22968,-15060,-32768,8437,32767,2892,17116,-924,7202,28394,5772,87296148
doublepump,-23896,-21872,-17348,-32768,-6221,13689,-22680,21308,-10296,-31930,7635,32767,3608,16304,-1396,7723,26767,5165,2497978673
doublepump,-21008,-23224,-19300,-32116,-7057,12088,-18700,19672,-5740,-29585,7149,32767,4636,15700,-2268,8481,25300,4344,1446185947
doublepump,-18416,-20572,-17508,-30363,-6160,10749,-14012,19716,-3728,-30757,5921,32767,4512,15644,-3576,8307,24246,3683,3212417598
doublepump,-17816,-19668,-17204,-30436,-4462,10757,-7112,19628,408,-30000,4373,32767,5060,15544,-3420,8060,23337,3390,3832441188
doublepump,-15728,-19020,-16652,-31026,-1600,11817,-4000,20708,3628,-30128,3573,32767,5376,16232,-3980,7456,23230,3357,194009558
doublepump,-14292,-19420,-17420,-32474,2802,13007,-4960,19600,4988,-32768,3694,32767,4768,16168,-2792,6913,23494,3420,1927491227
doublepump,-14388,-18332,-17856,-32768,6378,13678,-6836,15608,6188,-32768,1933,32767,4320,15956,-2024,6280,23009,3660,1297298509
doublepump,-15120,-18468,-18156,-32687,9122,14705,-3944,9792,6124,-32768,-2183,28730,5000,16344,-3956,5502,23295,3656,1356302127
doublepump,-16276,-17876,-16060,-32571,11597,15616,-4124,5816,9136,-32768,-5494,21698,4652,15048,-4224,4943,23931,3324,3371839958
doublepump,-18184,-16680,-13808,-32768,14328,16029,-9384,3660,11364,-32768,-7116,11560,6208,15344,-3996,4213,23739,2828,1239682294
doublepump,-19288,-16440,-12868,-32768,16742,16283,-12896,-660,12504,-29201,-6169,-644,4060,15180,-2940,4030,22337,2523,1156667512
doublepump,-20812,-15520,-11072,-32768,18956,16740,-21484,-2580,14284,-24611,-5860,-8138,3168,15140,-3348,3684,21778,2329,1373652067
doublepump,-21844,-15164,-9580,-32768,20345,17582,-21668,-6132,6264,-12505,-216,-15617,2504,15536,-3388,3498,21486,2628,3254733911
doublepump,-22644,-14552,-8372,-32768,20880,17852,-26656,-8720,3400,909,2178,-19665,1540,16788,-1880,2993,21176,3997,2952376222
doublepump,-23344,-15628,-6404,-32768,19846,17604,-27524,-8240,-452,16599,2674,-21972,1860,16684,-104,2889,20840,5645,2401713182
doublepump,-23028,-16332,-4748,-32768,18575,16782,-27520,312,2080,19180,5177,-22209,2880,17016,-88,3305,21579,6351,3131956796
doublepump,-23152,-15912,-3936,-32768,17247,14778,-27608,1984,2760,4791,2672,-19512,3804,15840,-1608,2816,22242,5962,3674984218
doublepump,-22324,-15848,-3012,-31564,16421,11425,-18160,3800,1324,-13905,672,-19489,2516,14844,648,2964,21564,5545,539515866
doublepump,-21804,-16128,-1088,-27323,15974,8202,-9352,-116,2224,-23888,-3012,-16461,1868,13416,552,3434,20010,4550,1987329308
doublepump,-21980,-14276,52,-25274,16129,5603,-2000,-6596,3036,-17222,614,-5861,-224,14072,1440,2091,17139,3649,2238769025
doublepump,-21696,-12564,1272,-25692,15030,3544,-1456,-7352,3308,-8155,-100,-470,-2608,14120,3768,1385,12433,3316,3567457061
doublepump,-21176,-11428,2616,-27721,13409,1941,-516,-10156,4648,-624,-569,4498,-3136,14228,3712,1190,9355,2560,1063427943
doublepump,-20788,-11896,4148,-29457,11466,1527,1096,-6764,5824,3193,1535,4180,-3504,15032,3712,1056,5297,2219,1573178488
doublepump,-19756,-12840,5400,-28842,9179,1960,-2508,-4896,6716,347,678,3802,408,14736,3368,527,1456,1918,2252489173
doublepump,-18508,-13180,5120,-26313,6677,2243,-2356,-5492,6236,-3144,-2050,4766,2220,13568,4060,24,-495,957,2611905768
doublepump,-17504,-14112,5660,-22735,4073,2680,-956,-7672,5932,-4229,-1490,6128,3012,13052,3804,-82,-1125,68,1205202398
doublepump,-15952,-14476,6056,-17925,2652,2783,-1776,-9164,5540,-767,-809,6177,2756,13664,3248,-154,-1772,-395,149537036
doublepump,-14720,-13740,7096,-12729,3032,2411,-2428,-8280,7020,4520,-142,5836,3268,14536,2236,-555,-2780,-598,3095177559
doublepump,-14460,-16004,7568,-6389,4319,1602,-4132,-6488,7356,8535,246,5097,3360,15252,2340,-1166,-4214,-733,1910423493
doublepump,-13816,-13824,7412,-956,3861,-657,-5364,-3796,6080,9989,447,4955,2744,15724,3068,-1525,-5629,-791,3370970584
doublepump,-14548,-12884,7564,3506,5179,-2798,-6136,-1476,5332,11794,1068,5819,2416,15720,3416,-1752,-6903,-612,2742244484
doublepump,-15816,-11088,7404,6069,4840,-5562,-8252,-1440,3172,14899,1325,8573,1836,14964,3284,-1653,-8235,-418,61694352
doublepump,-16272,-9680,5952,7378,4105,-8108,-10620,-2688,1384,19803,2038,11961,2204,15136,3328,-1764,-9742,-307,3482943478
doublepump,-16004,-8808,6164,9266,3391,-9773,-13528,-1296,540,23823,3788,14192,2332,14508,2772,-1670,-11808,-138,2304468679
doublepump,-16536,-7196,4996,9971,1846,-10554,-14400,-668,1180,26713,6219,15217,3408,14424,1184,-2149,-13565,-356,1066572061
doublepump,-15652,-7352,3948,11555,832,-11696,-16316,-48,1604,28212,8163,15161,3732,15576,480,-2188,-15181,-749,815107893
doublepump,-17252,-6720,1580,9802,-809,-8951,-16608,564,912,28875,9520,13428,3988,16472,16,-2879,-16190,-728,539482734
doublepump,-13952,-8336,516,20766,6111,-11353,-16808,2352,-320,27177,9620,10237,5752,15208,280,-2896,-16843,-670,933679879
doublepump,-21204,2604,1780,10927,-15436,-11664,-16272,3120,-1836,24699,8972,4813,6100,15060,-536,-3204,-16934,-1075,4001538553
doublepump,-16220,-10288,160,13783,-1911,-7631,-14808,2904,-1528,23162,8860,-1415,6992,14572,-1304,-3238,-16582,-1404,3531201563
doublepump,-15928,-4988,-1252,19473,-1465,-10353,-14084,3084,-1028,23160,9806,-8896,7036,14568,-1412,-4210,-16104,-1551,965920428
doublepump,-21632,-4228,-3056,17085,-9775,-8161,-14688,3548,-2000,26335,11919,-17318,5788,14832,-184,-4534,-16712,-1145,1121343183
doublepump,-17896,-8668,-8168,17210,-16042,-5482,-17764,6796,-2808,28985,14337,-27078,5796,14948,456,-4555,-17532,-981,754816106
doublepump,-19012,-8796,-8428,20315,-12434,-7392,-21404,9040,-2496,31079,16117,-32768,5728,14236,532,-4999,-17451,-1502,39874183
doublepump,-21960,-9812,-11264,24369,-11899,-9500,-22316,10488,-1268,32767,17356,-32768,5824,13876,456,-5336,-17444,-2594,4114141606
doublepump,-22080,-11924,-16048,32767,-8534,-15793,-26348,11628,-1512,32767,19411,-32768,3968,14468,1192,-5812,-19518,-3448,1826852424
doublepump,-21308,-15380,-21052,32767,-6569,-19690,-32768,14196,-2836,32767,16448,-32768,4172,14400,68,-6270,-21326,-4164,627935178
doublepump,-18672,-17112,-21288,32767,-1183,-21160,-32768,22660,-10176,32767,6555,-32768,3924,14160,600,-6385,-23480,-5298,2873075955
doublepump,-19752,-20312,-20076,32767,3440,-23068,-32768,27696,-11088,32767,2448,-32768,3360,14876,212,-6681,-25820,-6022,1799464257
doublepump,-24400,-19328,-20532,32767,1500,-23786,-32768,27996,-14472,32767,1022,-32768,3352,14884,216,-6725,-28332,-6093,3189676424
doublepump,-22780,-20928,-22008,32767,1478,-27943,-32768,32580,-18808,32767,1846,-32768,3520,15308,-700,-6283,-29212,-5771,2575299370
doublepump,-24928,-21388,-22504,32767,-130,-31356,-32768,32767,-22648,32767,1145,-32768,2980,14992,-1300,-5506,-29073,-5215,829637919
doublepump,-22048,-23104,-20072,32767,1088,-32768,-32768,32767,-23964,32767,544,-32768,4068,14664,-1144,-5031,-29122,-4594,1982468193
doublepump,-23720,-29112,-16668,32767,5290,-32768,-27720,30776,-25928,29546,-161,-32768,5276,14212,-1412,-4400,-29372,-3909,1412494811
doublepump,-26584,-32768,-14316,32767,7554,-32768,-26084,22456,-20172,28051,7068,-32768,6560,14504,-2600,-4367,-29620,-3620,2058109598
doublepump,-26032,-32768,-15780,32767,7990,-32768,-25868,17448,-22828,32767,10321,-32768,6600,15784,-2944,-4309,-29428,-3555,1549371943
doublepump,-24288,-32768,-18544,32767,5683,-32768,-21728,19156,-22824,32767,10564,-29541,6564,16312,-2164,-4319,-28149,-3855,3071558744
doublepump,-22376,-32720,-15876,32767,4996,-32768,-19444,21544,-19860,32767,12166,-22970,5524,15880,-1664,-4209,-26933,-4417,397670320
doublepump,-25856,-32768,-10536,32767,3675,-32768,-18660,23244,-16320,32767,15069,-15437,6152,15028,-2204,-4252,-25035,-5059,4111530753
doublepump,-30764,-32768,-8308,32767,1616,-32768,-17232,22640,-13096,28132,15489,-11209,5544,14264,-2196,-3934,-24076,-5718,809861297
doublepump,-31648,-32768,-8740,32767,-1780,-32768,-17276,20404,-10412,18563,13639,-7921,3496,14688,-2004,-3512,-24088,-5795,35649616
doublepump,-26364,-32768,-8600,32767,-5170,-32768,-18420,15364,-9640,13772,11682,-4352,2412,14884,-2020,-2930,-23865,-5231,4245613644
doublepump,-21324,-32768,-6188,32767,-3445,-32768,-20156,11708,-9544,13567,10254,335,2836,15520,-2640,-2420,-23070,-4542,223587946
doublepump,-21536,-32224,-3764,31783,-1773,-32768,-19944,9148,-9284,16697,9059,4552,3384,16700,-1592,-1823,-21939,-3931,3867417829
doublepump,-20592,-32768,-5656,30460,73,-32768,-18124,9004,-8864,21807,8710,7572,3476,17116,-792,-1213,-20634,-3547,2675645460
doublepump,-20484,-28324,-7016,30614,1134,-32768,-17452,9832,-6488,26095,9253,9089,544,17780,-1888,-1466,-19291,-2860,2374223989
doublepump,-16436,-28200,-6284,32767,2391,-32768,-18132,10468,-3304,28807,10719,9620,2900,17164,-1524,-979,-15682,-2301,3261552991
doublepump,-14704,-25876,-3872,32767,4504,-32768,-19912,9484,-1924,29484,12492,10559,3036,16812,-1928,-729,-13088,-2326,1463447306
doublepump,-16528,-21276,1380,32767,8824,-32768,-18760,8064,-2504,29683,12752,11855,2616,16792,-2824,-737,-11891,-2518,1655156066
doublepump,-16736,-18576,1828,32767,8849,-32768,-16940,7612,-2980,29255,11039,13265,2348,16476,-3204,-1324,-11389,-2772,639652809
doublepump,-16380,-14688,1136,32767,6601,-29511,-15440,8256,-2044,27418,9351,14488,-448,16068,-2580,-1734,-10929,-3013,4175628237
doublepump,-15124,-8676,1556,32767,2536,-25537,-16248,8636,-464,24177,7685,15202,-876,15816,-2320,-2138,-10496,-3098,2152396272
doublepump,-15648,-6160,7292,31254,-3319,-21547,-17040,7048,600,20478,5974,15260,-796,15928,-1508,-1815,-9892,-3441,3855386853
doublepump,-13952,-6292,10128,28426,703,-17224,-18852,2392,3356,17303,3679,13920,-724,15832,-1248,-1829,-10468,-3911,1026917132
doublepump,-20308,-6244,12360,27482,3039,-9742,-17028,-14336,8952,28558,-2794,10243,-424,14988,-1760,-1901,-11895,-4306,482047777
doublepump,-20656,-392,6788,21211,-567,-5164,-16428,-14052,7832,32767,-5390,6441,-1836,13976,-848,-2075,-13104,-4510,504843581
doublepump,-21784,-2092,2528,14638,-237,502,-12148,3252,5380,32767,1448,7842,-1560,14884,-1364,-2096,-13809,-4310,3173058407
doublepump,-24484,788,2472,4580,-7358,910,-16892,8200,1468,21235,3837,9163,-1484,14104,-1788,-2647,-14198,-3605,3709131876
doublepump,-23312,-1796,748,-6859,-9342,68,-15388,8436,-2120,5045,1845,5122,592,12872,-300,-1890,-13965,-2974,1119026003
doublepump,-17684,364,-3948,-15733,-9123,-3558,-15228,5436,-3844,-3702,250,1748,2856,12352,-508,-818,-13792,-2767,1818438697
doublepump,-12472,4128,-5520,-23370,-8593,-8927,-15292,3576,-4916,-8474,-1138,-63,4228,12076,168,-632,-12839,-2965,3809010503
doublepump,-9564,6416,-2544,-23405,-6608,-15081,-14352,1652,-4596,-10304,-1865,599,4416,13060,2288,-711,-10667,-3274,2919321891
doublepump,-7636,7100,1628,-14518,-1816,-16039,-14836,300,-3504,-9844,-1811,1992,1340,14376,4796,210,-9811,-3306,815608807
doublepump,-6452,9336,3528,-1646,2141,-14393,-15488,-860,-3784,-6733,-1423,2194,276,16168,3836,1275,-9686,-2826,865464119
doublepump,-6280,13624,3872,8193,4231,-11627,-13160,-3064,-3576,-1852,-558,3679,-368,16952,1556,1593,-8494,-2144,1085253474
doublepump,-5208,15784,4060,12050,5708,-9594,-15012,-100,760,6297,-255,1635,-1160,17196,-684,1173,-7755,-1357,2863051280
doublepump,-6128,16360,4852,10977,6481,-7767,-16224,-2560,-1520,4926,-5608,4280,1356,14420,-1268,269,-6679,-795,723209266
doublepump,-7928,14016,6208,8371,4779,-5117,-14628,2612,-172,8658,607,3834,1344,14800,-596,-652,-5748,-311,268618267
doublepump,-8524,14400,6316,3457,1911,-6100,-14772,1392,-776,6426,445,4673,2520,14124,276,-1242,-5090,-196,630632536
doublepump,-6888,13008,3496,-2448,5923,-5798,-16300,1892,-28,4665,-715,5107,2932,14532,1096,-1270,-3462,-15,1018159617
doublepump,-9572,12796,4072,-7682,5731,-5251,-15440,3476,-388,2277,1429,5020,3528,14412,540,-992,-1584,198,1023804581
doublepump,-10936,10880,3660,-11442,4793,-4416,-16484,2992,52,-943,570,5547,3012,15196,808,-560,852,414,3202153207
doublepump,-8648,6588,2556,-11729,9403,-2002,-15464,3560,-972,-4949,-123,5266,2876,15352,1120,-330,2875,817,24126801
doublepump,-10788,4000,4076,-8234,13771,-483,-15932,2456,156,-7718,-1296,5962,2076,16356,668,-425,4706,1134,2719214894
doublepump,-12812,5964,2284,-7504,12135,252,-15272,3448,-180,-7900,-2140,5857,1688,16148,412,-891,6368,1327,2140897433
doublepump,-12196,3716,980,-8724,12880,1752,-16836,5272,84,-7672,-2532,4301,1228,15644,1104,-650,7461,1474,3113267111
doublepump,-14564,2668,1472,-11001,12776,3755,-15212,6048,-396,-8995,-2649,2541,772,15748,732,-652,8002,1773,4253726666
doublepump,-14960,1692,1360,-15007,13158,7012,-15492,4852,172,-10047,-2172,3520,488,15668,12,-766,8320,2132,1904918024
doublepump,-17052,356,1848,-17837,14461,10486,-15548,6528,-556,-10178,-2574,3764,596,15420,-152,-896,9299,2272,743683143
doublepump,-18292,-952,316,-20793,15574,13768,-16204,9556,-1032,-12790,-2334,3226,-776,15340,-72,-830,9946,2531,606136140
doublepump,-20220,-3028,-300,-24227,15656,17059,-15772,11488,-972,-16254,-2526,3069,128,16024,532,-494,10888,2933,2839595626
doublepump,-21792,-2224,-484,-29019,15030,19625,-16092,11796,-1108,-18395,-2857,4901,-132,15296,644,-38,11329,2995,414504723
doublepump,-22156,-5336,48,-32768,18146,24630,-16492,12772,-1444,-20467,-4240,7252,116,14980,-524,104,11178,3143,346851999
doublepump,-25024,-6840,1036,-32768,18543,27461,-16956,13504,-2008,-21650,-4634,9054,-684,15276,-2152,-476,11454,3406,4019706210
doublepump,-28880,-10040,-2580,-32768,16869,30702,-17108,16216,-3568,-23698,-5334,10325,-432,15420,-692,-530,12255,3753,3191425625
doublepump,-32524,-15364,-5488,-32768,12344,32767,-16660,17260,-4240,-25321,-5155,12083,-820,16208,-1668,-437,13274,4036,3797935740
doublepump,-32768,-19664,-7696,-32768,7180,32767,-16456,18924,-4072,-25356,-4207,14408,-624,15904,-1576,-165,14363,4394,2037121018
doublepump,-32768,-23216,-7552,-32768,3683,32767,-16940,20268,-3264,-25491,-2731,16443,3276,14972,232,307,16166,3955,3100165418
doublepump,-32768,-27836,-8220,-32768,4113,32767,-15916,23732,-4912,-27951,-1446,18197,3384,14132,544,602,18101,3245,3008108222
doublepump,-32768,-28552,-11392,-32768,1890,32767,-15376,26932,-6864,-32768,-528,20154,2388,13736,-528,912,20296,3181,3305572587
doublepump,-32768,-32060,-12232,-32768,4185,32767,-15788,28796,-8692,-32768,-690,22966,2724,13732,-452,1212,22702,3531,1890557285
doublepump,-32768,-30992,-12564,-32768,3917,32767,-16324,29300,-8444,-32768,-1013,26988,3624,14092,-864,1505,25141,4004,1221555985
doublepump,-32768,-32768,-10884,-32768,7163,32767,-15760,29992,-7412,-32768,178,32307,2708,14100,-964,2207,25709,4338,2100553737
doublepump,-32768,-24740,-7992,-32768,6182,32767,-15564,32280,-7884,-31192,4028,32767,1796,14912,-2484,2409,26504,4808,3484118461
doublepump,-29772,-23040,-9732,-32768,3815,32767,-16144,32767,-9360,-30934,7091,32767,904,15516,-1768,3264,28030,5060,3143139835
doublepump,-27352,-22644,-12700,-32768,5580,29175,-15992,32767,-11236,-32768,8729,32767,616,16000,-1792,4106,29487,4868,4076560115
doublepump,-24252,-25172,-14328,-32768,3536,24460,-14500,32767,-11888,-32768,9022,32767,572,16060,-2484,4197,30000,4725,3251824591
doublepump,-21532,-24476,-10904,-32768,4251,19760,-14272,32767,-11508,-32768,9286,32767,1688,16172,-2084,4280,29912,4549,2968705009
doublepump,-21376,-24032,-9156,-32768,4300,14964,-13772,32767,-11952,-32768,9529,32767,1048,15980,-2052,4354,29556,4579,532535562
doublepump,-20000,-22244,-10264,-32768,3320,11062,-10756,32767,-12948,-32768,9187,32767,620,15060,-1724,4800,29561,4645,1335724678
doublepump,-18252,-22980,-13560,-32768,1060,8083,-7380,32767,-12960,-32768,9117,32767,504,14480,-1784,5236,29424,4592,2080252746
doublepump,-15868,-22936,-12968,-32768,-741,5572,-6332,32767,-12560,-32768,10102,32767,276,14788,-1240,5628,28925,4634,2102803399
doublepump,-14504,-21940,-11240,-32768,-224,3438,-5592,31668,-12740,-32768,10537,32767,336,15984,-960,6046,27243,5396,482256787
doublepump,-14336,-21472,-10160,-31348,2764,1156,-1516,29760,-12132,-32768,10343,32767,2284,17524,-1476,6366,24995,6113,1764639617
doublepump,-16292,-19676,-9768,-28424,4770,-394,3064,29496,-10188,-32768,10784,32767,6104,17984,-2184,6372,23713,5860,3852377744
doublepump,-16960,-17036,-8704,-28674,6335,-1852,3972,30128,-5236,-32768,13587,32767,7704,19208,-2808,5957,22441,4701,1873607582
doublepump,-17588,-15576,-8036,-30067,6139,-1959,-1440,26144,-540,-32768,16482,32767,7480,19316,-3564,4849,21836,3950,2899122546
doublepump,-15856,-15184,-5920,-29631,5098,-2336,-6200,19320,4192,-32768,17828,32767,6536,18288,-3356,4439,21977,4034,2952467047
doublepump,-14424,-14080,-3028,-29865,4624,-2721,-9636,13000,5164,-32768,17908,24812,6492,14356,-4364,5085,23610,4026,1665111382
doublepump,-14680,-12844,-1020,-31998,3405,-4236,-11124,6204,2200,-32768,16639,16476,5784,12024,-4800,5395,25669,3816,1637652965
doublepump,-12776,-12676,-2480,-32768,2947,-4708,-12888,740,1184,-32768,14301,7630,5068,12268,-4620,4701,26440,3603,726442679
doublepump,-14992,-11400,-156,-32768,-871,-6130,-16800,-2436,2316,-30929,12139,-2225,4696,12364,-4452,4249,26480,3225,2887866689
doublepump,-14048,-12532,-1224,-32768,-2712,-5277,-21052,-7316,4316,-26573,10855,-11342,1924,14576,-3252,3987,25872,3150,1610538170
doublepump,-15052,-12984,-344,-32768,-3204,-5252,-29148,-7300,3200,-19922,9671,-18863,-180,16760,-1656,4017,24111,3726,2476627674
doublepump,-16032,-12096,-388,-32768,-3713,-4391,-31368,-7168,5012,-9203,13246,-25079,484,17004,-2104,3924,22212,4498,980605466
doublepump,-15136,-11664,-496,-32768,-4586,-4046,-32768,-9068,7200,-3192,4616,-25807,2496,17096,-1624,3208,20323,4637,383208797
doublepump,-15228,-11788,-84,-32768,-4120,-3121,-25076,-3624,1804,2307,9782,-24936,3448,17772,-800,2606,19385,4090,3087815637
doublepump,-15108,-10528,-612,-32768,-4477,-1773,-27360,-3096,4712,3367,3320,-20227,2392,16856,1060,1920,18287,3679,107531777
doublepump,-14356,-10120,-1952,-32768,-4933,-1422,-20588,-3484,7732,6636,-1870,-12553,1004,15616,1516,1605,18362,2925,1313985484
doublepump,-14676,-10164,-1960,-32768,-4598,-1586,-7228,-1984,4404,10763,1624,-8299,-604,13616,3264,1640,16880,2774,1515803143
doublepump,-14560,-11484,-1912,-32768,-4102,-1732,-7376,-4996,6912,9873,2059,-139,-1168,13096,3328,1669,14596,2558,237766409
doublepump,-14508,-11160,-772,-29587,-2814,-1888,-6636,-1360,8492,4202,503,2430,-1132,13588,3688,1450,11218,2335,4270103219
doublepump,-14108,-11300,-180,-22567,-1732,-1513,-5780,-3464,9036,-2303,-967,4127,-720,14192,4088,1209,7667,1858,1006103925
doublepump,-14196,-11716,732,-15080,-19,-715,-5080,-5524,7592,-6097,-2643,6017,56,14284,4260,806,4586,1267,1612087403
doublepump,-14200,-10868,108,-7625,671,-173,-4712,-10376,6428,-2687,-2688,8256,1768,14160,3904,264,2432,609,183006895
doublepump,-14336,-10324,704,-1972,665,585,-5904,-11424,6496,3072,-2948,9328,2928,13996,3824,-50,859,-154,393034156
doublepump,-15740,-8864,2544,3931,761,1916,-6784,-9080,7172,7677,-4121,9265,2760,14020,4008,-239,-700,-816,2405990316
doublepump,-13908,-2296,-1848,1128,-7819,-3565,-6288,-6984,7720,9865,-3970,8002,-1428,14624,4280,-181,-2810,-547,122323087
doublepump,-18792,-11552,1316,3742,2651,1506,-7052,-6260,7572,8944,-2981,7043,2124,14044,3180,-160,-3465,-1263,3712045044
doublepump,-9648,-8440,1372,6181,482,-829,-7688,-6408,7312,8757,-2181,7404,2208,14704,3104,-658,-5423,-1660,1889143361
doublepump,-15144,-18500,804,7450,6536,5751,-8252,-5480,6376,9432,-1628,7672,1944,14880,3324,-959,-6951,-1750,4132553889
doublepump,-8496,-9468,-900,18299,8940,-64,-9512,-4420,5560,10936,-1575,7731,1860,14984,2992,-1086,-9095,-1832,1848642289
doublepump,-20720,-11464,-832,12501,-3780,1828,-11904,-2492,3808,12303,-2010,8064,912,14560,3176,-1376,-11178,-1597,3226667701
doublepump,-10932,-11644,-2920,15030,-2266,-111,-12592,-2412,1124,14448,-2746,8413,1484,14844,2864,-1538,-12537,-1135,4049346435
doublepump,-14544,-9604,-1096,17645,-7,-3899,-13716,-1232,1264,16135,-2999,8667,3092,14448,1616,-1853,-14246,-1099,3851371680
doublepump,-17500,-13340,-420,15038,-3746,-2487,-13900,-1252,408,17872,-1897,8916,3224,15148,1572,-1854,-15306,-1132,3299399465
doublepump,-13796,-14916,-3120,13348,-3641,-7900,-15540,-348,568,18582,110,8172,4648,15876,-324,-2314,-16715,-1477,3719526031
doublepump,-18312,-17124,-2844,14748,-2780,-10000,-14656,-444,-592,19021,1996,6001,4388,16040,-176,-3171,-17519,-1525,2639340018
doublepump,-16896,-19900,-5648,20356,-3461,-13572,-12120,-324,-640,21285,4460,2871,4692,15900,-96,-3523,-18319,-1401,4027642590
doublepump,-16852,-22464,-4940,31498,474,-17903,-11976,1152,-296,25239,7599,-1218,6692,14676,208,-3336,-18411,-1695,3014066134
doublepump,-16724,-22212,-5264,32767,216,-22674,-13148,1416,-1004,30405,10617,-6990,6900,13920,416,-3489,-18376,-2217,3937248613
doublepump,-18236,-26864,-6232,32767,3731,-23172,-14992,4040,-1452,32767,12401,-13689,6628,13432,76,-3679,-18028,-2889,422411194
doublepump,-20448,-29204,-8604,32767,3627,-26292,-15352,6612,-2044,32767,13220,-20893,6176,13936,-68,-4255,-18210,-3392,2309854090
doublepump,-23728,-31412,-7612,32767,1073,-32719,-16996,10668,-2064,31123,13608,-28473,5092,14120,-396,-4355,-18879,-3715,373980919
doublepump,-24600,-32768,-6784,32767,1036,-32768,-20220,13704,-1380,29269,13111,-32768,2956,15400,552,-4398,-20359,-3242,1841469099
doublepump,-24840,-32768,-7232,32767,872,-32768,-24540,15308,-536,31259,13020,-32768,1920,14680,704,-4360,-21632,-2472,4128775977
doublepump,-21004,-32768,-9320,32767,-465,-32768,-29436,17420,-304,32767,11559,-32768,4252,13812,452,-4684,-22855,-2523,4193858361
doublepump,-17944,-32704,-9804,32767,787,-32768,-32192,22672,-936,32767,10086,-32768,6592,13012,276,-4667,-23563,-3723,4264801147
doublepump,-15328,-32768,-10708,32767,-1249,-32768,-32768,26644,-2716,32767,7812,-32768,5376,13936,576,-4542,-24767,-4886,724220552
doublepump,-10920,-29824,-11516,31642,-971,-32768,-32768,30016,-3804,32767,6080,-32768,3848,15912,872,-3901,-25721,-4728,2442724354
doublepump,-8820,-31688,-10324,28228,-1288,-32768,-32768,31484,-3568,32767,4699,-32768,3388,16700,-164,-3613,-26883,-3699,3198791747
doublepump,-8480,-31848,-11052,28879,1525,-32768,-32768,32500,-7024,32767,2930,-32768,4368,16952,-1600,-3937,-27477,-3028,3073665361
doublepump,-8052,-32768,-12368,30044,3573,-32768,-30196,32767,-10004,32767,3686,-32768,4856,16552,-1340,-4361,-27584,-3152,1189900953
doublepump,-8148,-32544,-12216,30671,7300,-32768,-26936,32767,-8712,32767,7696,-32768,3292,16988,-1528,-4347,-26898,-3313,1164557589
doublepump,-9520,-32768,-8400,30326,10960,-32768,-24484,29672,-8732,32767,12718,-25103,2556,16692,-1564,-3932,-25594,-3306,978941875
doublepump,-10776,-32768,-4480,30910,13092,-32768,-22820,26428,-9220,32767,13965,-18727,2632,15996,-1396,-3130,-24810,-3470,803171426
doublepump,-13504,-32768,-1284,32767,12376,-32768,-20284,25172,-10212,32767,10886,-14583,1728,16564,-1660,-2802,-25285,-3722,409146503
doublepump,-13068,-32768,-176,32767,8614,-32768,-17108,26328,-10936,32767,5972,-11651,-276,16272,-2480,-2728,-27238,-3787,297629822
doublepump,-9872,-32580,292,32767,5614,-32768,-15180,25608,-9472,32767,2370,-10548,-828,16168,-4180,-2509,-28806,-3765,3895542517
doublepump,-6660,-30496,288,32767,4921,-32768,-14940,23308,-8092,24860,119,-10438,-1036,15908,-4800,-1969,-29104,-3788,3334824626
doublepump,-7028,-25824,604,29322,4763,-32768,-14316,19672,-7184,17218,-934,-11160,-1160,15400,-5076,-1313,-28775,-3297,1428023807
doublepump,-5400,-21564,2476,21757,2250,-32768,-14480,15556,-6856,14111,-143,-11404,756,14964,-4300,-1058,-27849,-2512,3450811914
doublepump,-1876,-20936,1444,14933,2522,-32768,-15280,13088,-5820,15303,1964,-10699,2184,15072,-4168,-563,-26441,-1704,1033487891
doublepump,-3396,-20884,1348,11080,5746,-32768,-16140,11232,-4604,18752,4199,-9481,3592,14332,-4300,-568,-24800,-850,3789336496
doublepump,-5168,-18784,2372,10381,8177,-32768,-16680,10992,-3756,21947,6158,-7670,5024,14772,-5804,-540,-22099,-539,1674658416
doublepump,-3264,-14980,3728,13159,12200,-32768,-17416,10556,-2972,22983,7276,-5025,4936,15164,-6460,-991,-18142,-844,4014710100
doublepump,-5492,-10788,7344,16475,15208,-27913,-17424,9996,-2368,22265,7216,-1994,3344,16548,-5900,-1338,-14936,-1155,1983823595
doublepump,-9344,-7640,8268,19000,18086,-20646,-17192,9196,-1956,20998,6256,1186,3136,17944,-5060,-2398,-12672,-1273,629922558
doublepump,-12688,-6232,6780,23490,19298,-12234,-16884,8044,-1372,19761,5224,4227,2040,17216,-2016,-2870,-11218,-1958,2843551343
doublepump,-17764,-3344,4600,24175,17669,-5945,-17736,6644,-464,18883,3575,6790,700,18072,-880,-3027,-11893,-2919,1191122756
doublepump,-23576,-1744,5248,21179,19022,-308,-16604,5616,-4,19874,1934,8414,-60,18028,-1808,-3100,-13225,-3889,3321185783
doublepump,-30260,192,10648,15135,15965,2924,-15968,4868,-328,21024,412,9473,-1000,17200,-2032,-2777,-13732,-4848,1525877562
doublepump,-32768,-828,14144,6278,11897,6723,-14420,4304,-416,22744,-383,10409,-1724,16084,-1676,-2871,-15644,-5347,3963266493
doublepump,-31988,-2064,15844,-1069,8385,7856,-14060,4664,104,23693,-1236,11307,-1008,14868,-1228,-2480,-17284,-5139,1676445702
doublepump,-27980,-2252,12512,-4467,4606,6841,-13236,3772,-140,24759,-600,11888,804,13452,-1124,-2347,-18038,-4673,569157810
doublepump,-18396,-1524,9448,-2643,2554,-254,-13204,3464,-56,24526,-131,11825,2696,11620,-1788,-2157,-18138,-3969,2732508311
doublepump,-13748,220,6544,-1806,1215,-6913,-13860,3200,124,23365,110,10916,4372,11300,-2740,-1797,-16591,-3082,2911482502
doublepump,-13708,7796,4072,-4512,-4767,-12686,-15060,2024,240,22948,-71,9507,7640,11792,-4116,-2511,-13472,-2370,1385012990
doublepump,-10148,12492,3332,-10927,-9252,-16750,-15428,2556,-296,22799,-211,7814,9488,11860,-572,-2258,-8052,-2228,761257232
doublepump,-8388,11076,4920,-12861,-8688,-17305,-15304,3252,220,21879,-428,6186,8388,13460,2056,-1503,-3658,-2361,1435820162
doublepump,-8436,9528,7376,-8008,-3065,-15317,-15024,3856,-108,20287,-349,4732,4680,14428,2800,-794,-527,-2166,3431169717
doublepump,-9004,11832,6472,-1915,-1694,-13460,-15028,4140,380,18543,-742,3406,1788,15120,2528,-165,778,-1699,2887756604
doublepump,-7980,15228,5424,407,-1342,-11749,-15104,4280,-8,16713,-1155,2313,768,15928,860,-119,1988,-1359,2828910558
doublepump,-7876,14800,5388,-930,95,-9185,-14752,3988,-468,16098,-1925,1432,-424,15928,428,-400,2489,-973,3393992513
doublepump,-8304,12272,6932,-2178,982,-6508,-14188,4588,-704,16537,-2235,767,-424,15424,1168,-512,2648,-617,3842374559
doublepump,-9484,8844,8596,-1294,1192,-4886,-14124,6116,-604,16626,-2042,373,280,15128,1656,-344,2842,-208,771374064
doublepump,-9556,10464,7168,233,1868,-4123,-14060,6820,-416,15147,-1058,609,1108,14816,808,-481,3363,137,3465708341
doublepump,-8132,11944,6080,-1234,1752,-3859,-16008,8280,396,12003,-631,1599,2080,14896,192,-1003,4670,516,3736225127
doublepump,-9176,10244,6468,-3600,1337,-3374,-16516,8044,44,6995,-433,3134,2900,15444,32,-1134,6707,707,2735537378
doublepump,-10164,7544,6676,-4221,2061,-1911,-14136,8448,1276,5867,1491,3665,2688,16760,260,-812,9066,877,262504961
doublepump,-12180,5052,7580,-3906,2585,-1178,-15068,6480,-1896,5579,-4254,6390,2644,16820,668,-300,10807,819,2277251181
doublepump,-12908,3992,6296,-3553,5855,-273,-17512,10964,-1676,6913,-5073,7046,1128,15948,1132,106,12039,958,2743339489
doublepump,-15096,3808,5236,-4360,6551,1159,-15800,12972,-516,4455,-4269,6776,-768,14964,1152,135,12468,1503,2912978845
doublepump,-14100,4468,5260,-8326,3829,866,-16784,12800,-1052,-1722,-3522,8907,-840,14920,564,117,12638,1978,2738813035
doublepump,-13612,2360,5320,-12441,3136,2052,-17604,15076,-2552,-9262,-3397,10924,-876,14712,-248,159,13187,2098,3368663231
doublepump,-14168,1904,5540,-15009,3626,3913,-16128,15352,-3628,-14242,-3129,13023,-1380,15504,-332,97,13355,2154,2837892106
doublepump,-15228,1220,4784,-19323,2582,6581,-15248,16604,-3900,-16965,-3415,15828,-1972,15660,100,63,13091,2372,673952875
doublepump,-16432,596,3392,-23815,1171,9678,-14712,17720,-2924,-17893,-3069,18455,-2296,15816,-228,7,12849,2802,2145503842
doublepump,-15976,-1240,1716,-27841,500,12728,-15192,19828,-2244,-20411,-1465,19408,-1716,15936,-328,-148,12585,3117,3674991077
doublepump,-15356,-2808,1308,-32582,-180,15868,-14540,21564,-4528,-24209,-923,20223,-964,15632,-452,-250,12203,3170,1971003438
doublepump,-16128,-5932,964,-32768,-4,19767,-13828,24464,-5116,-27721,-818,21714,-864,15752,-576,-103,11780,3232,2308090582
doublepump,-18664,-8084,728,-32768,1020,24593,-14488,28956,-5812,-32580,92,24493,-752,15196,-1096,-43,12058,3291,4036001478
doublepump,-21888,-12380,1748,-32768,1267,29686,-15360,32767,-7724,-32768,2286,27716,-816,15184,-1268,14,12879,3337,4259736148
doublepump,-24016,-13440,2048,-32768,540,32767,-16764,32767,-9904,-32768,4509,30465,-140,14880,-1132,324,13644,3428,1991459172
doublepump,-23792,-17776,196,-32768,-174,32767,-16896,32767,-12064,-32768,5343,32767,2344,14140,-284,888,14392,3201,4007916408
doublepump,-27776,-23480,-3588,-32768,-1204,32767,-15016,32767,-13588,-32768,5025,32767,5052,14112,12,1584,15536,2564,2996871885
doublepump,-30144,-25284,-6820,-32768,-3960,32767,-13384,32767,-14024,-32768,5526,32767,3284,14096,-292,2291,16948,2245,2363926053
doublepump,-28848,-28500,-8736,-32768,-7059,32767,-12284,32767,-15348,-32768,7454,32767,2528,15084,-700,2629,18459,2577,2074930476
doublepump,-29512,-30576,-9296,-32768,-8756,32767,-12468,32767,-14692,-32768,9578,32767,2340,15780,-584,2834,19782,3550,836992176
doublepump,-30212,-32652,-12060,-32768,-10761,32767,-13652,32767,-13384,-32768,10724,32767,2940,16484,-744,2946,20815,4413,3293757841
doublepump,-27220,-32768,-15872,-32768,-12766,32767,-14464,32767,-12040,-32768,10781,32767,2444,16560,-1764,2960,21745,5297,2810366260
doublepump,-25308,-32540,-17144,-32768,-13978,32767,-15024,30704,-10816,-32768,9533,32767,3528,16532,-2760,2899,22946,5922,3223100344
doublepump,-24208,-31076,-17368,-32768,-13568,32767,-14184,25124,-9404,-32768,7978,32767,4744,16168,-1948,3358,24946,5909,1590806201
doublepump,-24584,-27924,-16764,-32768,-14197,32767,-11564,23236,-7716,-29246,6917,32767,5688,15728,-1672,3728,25781,5564,1166091506
doublepump,-24408,-26164,-17072,-32768,-14989,32767,-8556,23804,-5028,-24733,6966,32767,5832,15400,-1584,4217,25849,5251,3410348487
doublepump,-23320,-27708,-18868,-32768,-14792,32366,-7168,24500,-2224,-22720,7563,32767,5468,15244,-2488,4700,25748,5407,1094803076
doublepump,-22016,-27644,-19984,-32768,-13666,29382,-6168,22956,420,-21294,8507,32767,5972,15256,-3956,4921,26271,5686,795903844
doublepump,-19440,-26988,-20360,-32768,-11369,27189,-1312,20964,-5712,-24025,8563,32767,6716,14996,-3624,4993,27181,5603,2430186736
doublepump,-17888,-24776,-18776,-32768,-8640,25312,528,18984,-432,-24392,7612,32767,7064,15008,-3512,5355,27501,5133,1399590884
doublepump,-17368,-20892,-15912,-32768,-6793,23782,948,18192,-428,-24134,7079,32767,7048,15608,-4308,5230,27294,4495,115657107
doublepump,-16984,-18796,-14020,-32768,-5592,22587,468,21660,6096,-20194,6477,32767,6752,16176,-4876,5013,27170,3691,3786395564
doublepump,-16756,-17220,-13620,-32138,-4240,21603,-3292,19536,10540,-15808,5923,26089,5376,15724,-5448,4751,27028,3199,3385829955
doublepump,-16840,-16008,-12900,-32571,-2837,21109,-4464,17892,12092,-11995,7374,20070,3852,16100,-5800,4224,26783,2805,4237090448
doublepump,-17348,-14920,-12240,-32768,-1857,20603,-6964,17280,10480,-12989,9940,14715,3324,15208,-4728,3767,26134,2615,3228900716
doublepump,-17684,-15688,-12140,-32768,-1430,19618,-7296,11980,5536,-17378,11527,11325,3524,14384,-3952,3283,24943,2074,493297625
doublepump,-18104,-16216,-10720,-29769,-1133,18520,-10556,5624,2788,-20026,11097,7905,2860,14428,-2824,3477,23669,1471,855692144
doublepump,-18352,-15680,-8588,-25592,-370,17405,-32768,-8236,2216,-29269,-1347,16184,1648,14596,-2280,3321,22190,1414,1217053416
doublepump,-17764,-15944,-5884,-20939,872,15537,-14452,-1788,2492,-14838,11770,830,2248,15860,-1812,3389,21331,1848,2843855664
doublepump,-17852,-15376,-4788,-16243,2482,13237,-20756,-4520,5088,-2540,12774,-1781,2836,16236,-2284,3295,20540,2637,3005650718
doublepump,-16872,-13956,-5344,-14383,3370,10960,-20168,-1276,3516,9056,16906,-10500,2260,17628,-3020,2647,20730,3632,1734151602
doublepump,-15384,-12400,-5644,-16773,3597,8303,-23096,-764,7396,10756,19204,-14446,2320,18724,-1488,2063,20472,4866,2838674328
doublepump,-14140,-11380,-4884,-21507,3695,5340,-26452,-1068,7184,1807,15252,-14155,3936,17688,-64,1919,20569,5890,3795477088
doublepump,-13616,-11296,-4640,-25843,3174,2419,-14728,316,4232,-6736,10636,-10955,4036,13572,656,2754,21557,5689,2809570116
doublepump,-13684,-10980,-4532,-28604,2860,-382,-17748,-1884,8664,-11642,4900,-6195,4892,12092,-2200,2001,22324,4173,3253501320
doublepump,-14112,-10868,-4192,-29940,2996,-2698,-6004,-7536,9104,-8061,2161,-1627,1088,12880,-532,901,20825,3092,2338651342
doublepump,-14480,-10832,-2732,-29936,3171,-4787,-4368,-9540,12244,-2684,5203,1489,-2364,13428,1580,218,17565,2957,1565031529
doublepump,-15100,-11188,-1380,-28553,3510,-6243,-8156,-9756,14376,1008,3503,2179,-4284,13328,3800,475,14146,2975,2824999034
doublepump,-15444,-11700,44,-25287,4189,-6246,-1840,-7324,13900,2115,4046,2387,-3216,13996,4404,871,10877,3102,3487189372
doublepump,-15540,-11628,1036,-20986,5035,-5725,-6444,-4796,15468,-64,3946,4007,-128,14172,2900,899,7766,2682,189175309
