hunchback,784,-32768,-996,-5516,-8323,15164,-29880,4588,-3532,2339,6685,2841,-12320,22228,22604,168,-2096,1766,3998530481
hunchback,272,-32768,-2152,10408,-5600,10105,-32768,3652,-6200,-2773,4029,-4182,-7144,18056,22280,-1226,-4387,2480,1119159540
hunchback,4932,-30328,-1712,11724,-2665,2473,-31348,3888,-7168,-9662,222,-15253,-2748,15856,19884,-2241,-5909,2644,3068090575
hunchback,3740,-27656,-1904,3177,-977,-2589,-28916,-2684,-6516,-4251,542,-16966,668,11700,16076,-2661,-6608,1332,1126457185
hunchback,3584,-24028,-2364,-2697,833,-5640,-26460,-1940,-6120,1275,410,-19749,264,9540,14340,-2740,-6181,653,2416718091
hunchback,4080,-21116,-2960,-7555,2033,-9057,-27360,-1496,-3800,6539,-279,-22003,-2116,5388,12936,-2988,-5745,979,814569032
hunchback,516,-28120,-2176,-334,2412,-9959,-22740,1644,-3568,11640,830,-23799,2292,4060,11196,-2701,-5734,640,3813835052
hunchback,-764,-25388,-1488,8511,4127,-13873,-21516,7512,-3892,9032,1440,-25245,1520,472,10352,-2158,-5998,266,3832083913
hunchback,-2964,-23456,-1052,7119,3757,-19168,-21092,11740,-2784,2430,-1481,-28231,880,-680,8660,-1308,-6312,-268,3082080327
hunchback,3668,-20548,3976,9585,7795,-27124,-20588,12152,-1548,-5017,-2445,-30246,-2240,-1512,7616,-44,-7051,-1065,1876526093
hunchback,-528,-27280,3696,-6806,6202,-26984,-18188,12764,572,-8361,-5944,-32195,-2184,-1884,6984,630,-6884,-1191,1422913346
hunchback,-4732,-23776,3016,-5475,4086,-28414,-16548,11260,1032,-5153,-2062,-32768,-28,-1792,8604,1208,-6898,-1351,1799251556
hunchback,-8252,-21964,2576,-7039,2745,-31123,-14048,11836,100,2353,-1245,-31406,-908,-3332,6192,202,-6100,-229,276538868
hunchback,-9496,-28736,4156,611,2750,-32768,-2480,20664,4492,13575,8017,-31929,-424,-3820,7296,-684,-4904,1535,233047098
hunchback,-11984,-28308,5156,7359,2240,-32768,-15112,18112,556,10658,-2239,-24400,4952,-5068,12492,668,-3529,3058,1158573846
hunchback,-14924,-29092,6440,10186,1268,-32768,-16464,19592,3028,14423,-6481,-22417,10292,-1024,15092,4496,-2601,839,508631907
hunchback,-15652,-26832,6132,7717,-1013,-32768,-13064,26500,3020,11669,-8695,-25525,6616,4712,16064,5836,-2519,-51,4098966556
hunchback,-19088,-24596,7348,6806,-973,-32768,-9960,26168,2832,9962,-4014,-28895,6156,6680,16844,6871,-2136,173,1091593676
hunchback,-19300,-22200,6552,-1667,-4460,-32768,-7616,25044,3896,9743,-2873,-26642,7824,11060,14712,5817,-2659,541,3694691621
hunchback,-22864,-22800,6968,349,27,-27729,-9648,28424,2488,15114,-3441,-25199,7124,19956,17636,5208,-1608,1603,642933248
hunchback,-23196,-16740,5388,-4400,1231,-21975,-7924,32767,-1680,12771,-5972,-20387,11820,24228,18544,3992,-181,2176,1151431728
hunchback,-23840,-16656,2304,-11409,-1272,-15617,-4544,32767,-1816,10574,-2613,-13399,13716,24308,18288,147,1127,1690,4035114637
hunchback,-22232,-18620,920,-3377,-103,-12264,-6948,32767,212,4745,-3792,-9600,13964,23432,18436,-2854,1999,-439,496666715
hunchback,-23488,-12400,556,2150,-1322,-10905,6716,32767,-2096,-5959,-650,-291,8480,17188,16676,-4549,2978,-1415,2268967041
hunchback,-27744,-11512,-964,9349,-600,-5299,-3908,29476,-260,-9899,1195,6033,7492,11900,15680,-4492,4838,-1128,609726359
hunchback,-21028,-7112,-836,16735,2797,-1702,-2360,27108,-1540,-9318,2349,6486,7512,9248,13596,-4511,7150,-670,4218935056
hunchback,-21220,-4996,-1736,12934,3061,4023,1212,21456,-1808,-11149,4916,13203,6320,7312,11768,-4587,8845,-234,1901216739
hunchback,-16224,-3816,-944,7365,2933,9137,-1764,20708,-588,-7566,6046,16217,3916,5256,10796,-4892,10141,548,2474281101
hunchback,-14424,-4300,196,7506,5491,12445,-828,19748,16876,-11310,10043,20769,2920,3588,9860,-5132,11543,1415,2363505523
hunchback,-14816,-4364,900,3089,2457,16046,12,18432,-2756,-10443,7595,21547,2604,248,9404,-4523,12311,2482,2074556172
hunchback,-12332,-7916,2604,3350,1073,19870,-2212,18976,-2260,-13335,7759,26957,2272,-1504,8588,-2644,12223,2713,4098693179
hunchback,-10716,-7264,4728,5240,3035,21166,-7388,18656,-1984,-13781,4705,29971,1880,-2296,6404,-675,11264,2393,3594543762
hunchback,-12504,-11040,7032,2713,3082,22963,-7300,18112,-52,-11459,3133,32644,808,-2212,5080,672,10120,2168,1991329381
hunchback,-11500,-12060,7988,-1726,3241,24047,-9736,18228,1704,-8026,1630,32767,-768,-2768,4664,156,8617,1844,4169278653
hunchback,-13108,-13788,8004,-7955,1464,23538,-10312,19368,2484,-6408,-264,32767,-1220,-5908,8464,-1271,7286,674,3080928236
hunchback,-12068,-18344,7908,-9190,-1119,24034,-12032,19780,2240,-3460,-1473,32767,-3392,-5464,16496,-886,5773,-1569,148603116
hunchback,-9032,-21572,7092,-4032,-2120,24535,-14828,18720,2508,1030,-2320,32767,-4672,-528,18968,1840,4914,-2883,2432917783
hunchback,-7012,-22692,5904,1663,-1632,24649,-17876,18904,2840,4283,-3131,32767,-6932,7268,15368,1920,4607,-3575,3611747535
hunchback,-5692,-23280,5196,4177,-922,25256,-23160,23436,2780,4381,-4637,32767,-9588,9460,16092,286,4388,-1668,4052890082
hunchback,-4028,-25792,6068,2833,-157,25929,-25856,22792,724,1327,-3129,31872,-5276,7912,20556,1099,2996,-289,3223384786
hunchback,-4228,-29192,7676,-1030,405,25792,-28692,17640,-108,-1388,-2864,25783,-2276,12168,19848,2284,2564,-322,2985701217
hunchback,-4620,-31232,7192,-5561,-257,24839,-28712,14744,3316,577,1869,20183,-1972,11660,19572,2629,1832,-72,543498951
hunchback,-2712,-32768,7184,-7472,-2695,22441,-32768,12080,-2448,241,2180,15889,-848,12336,18972,1474,2275,122,3802323771
hunchback,112,-31740,6152,-8120,-4228,18272,-32768,12728,-4212,-5095,2635,9674,-7104,14044,23216,30,1583,356,2371365837
hunchback,4960,-32768,5912,579,-2579,15437,-32768,11792,-5604,-14819,2075,3070,-11784,17384,25328,-170,134,1237,436488540
hunchback,6712,-31044,3092,6118,-1092,12408,-32768,5484,-5388,-19701,1982,1810,-9196,17296,21044,-1061,-915,2707,3725428273
hunchback,9968,-20684,-484,865,-5235,6757,-32416,896,-5236,-17761,3309,-92,-5836,11580,20296,-1469,-3235,3008,3503357161
hunchback,2984,-21884,1188,7720,-631,7467,-28012,-3356,-3688,-10284,6963,-1243,-2712,10248,17016,-1970,-6080,1539,2837703937
hunchback,9848,-15580,1460,-4544,-793,4166,-25888,52,-3008,-1345,7653,-8058,-1928,7256,15904,-1806,-6444,273,1698246985
hunchback,2372,-17940,436,-12861,-2749,-2091,-24136,-508,-1244,3659,5546,-13787,-2888,5592,13800,-1804,-6716,-226,2812761927
hunchback,4036,-22516,-28,-11019,-2313,-3345,-20084,2416,-4216,3176,2183,-17165,-2472,3272,13412,-1817,-7133,-489,690103796
hunchback,2848,-23400,-40,-8734,-1033,-7155,-16832,3376,968,5543,4412,-22323,-1900,1520,10936,-1152,-7763,-1013,2512319792
hunchback,908,-25092,384,-3940,878,-10296,-18620,3500,352,9071,-708,-26024,-2336,1620,10332,-910,-8550,-1360,1292195968
hunchback,640,-23272,148,-3120,3429,-16134,-15416,7228,1664,11352,2200,-31908,-5120,-1652,8784,237,-9942,-912,2427986598
hunchback,-3712,-24752,1220,-2640,4853,-19761,-17264,10784,1928,8605,318,-32768,-1504,-484,6152,1132,-10320,-1048,1056505233
hunchback,-2184,-22700,2136,-5219,5147,-24551,-16064,13336,1784,5337,-36,-32768,-1316,-1800,5144,1575,-9973,-844,1370014750
hunchback,-5804,-26232,2936,-5423,4883,-26030,-16176,15148,2244,857,-1020,-32591,-736,-2856,4904,1400,-8788,-126,2053123541
hunchback,-6716,-21784,4548,757,4372,-30108,-20424,12436,14756,-2638,-10206,-27888,488,-3136,6916,535,-8156,691,1021811167
hunchback,-7392,-21060,3576,-5243,2608,-31761,-19784,14744,7912,3717,398,-32768,3044,-1228,7560,-41,-6338,2429,2601465422
hunchback,-6500,-28104,5156,-301,2911,-32768,-14628,7204,3308,10850,-5980,-24593,9036,-828,15152,706,-3598,2887,1092055945
hunchback,-11028,-25112,6256,-837,1402,-32768,-12740,16424,2632,17315,-2699,-29711,9112,280,20664,4500,-3731,2083,3061922874
hunchback,-13392,-28888,7864,423,748,-32768,-9636,14284,920,21772,1047,-28998,5864,5612,17284,5954,-5037,2046,1619572821
hunchback,-16476,-28772,8060,4856,-990,-32257,-10908,21204,-416,19436,1887,-32060,9280,11036,18288,6379,-3808,2464,390517766
hunchback,-17724,-24600,7556,7267,-2341,-28176,-12876,32767,1180,376,-4252,-28474,7684,17376,18664,6902,-2563,1903,21606790
hunchback,-18680,-22240,6304,6956,-2748,-22414,-13072,32767,5036,-12567,-8961,-26814,7640,22844,15224,4068,-800,1906,1437765818
hunchback,-21120,-14944,3892,1213,-1930,-16191,-7188,32767,5324,-14460,-5087,-22237,10528,20432,19116,1239,-404,1864,2111484379
hunchback,-20288,-18604,2436,-8059,-604,-9242,-4216,29764,3432,-328,-3990,-13670,14260,22412,19976,-895,1764,-15,1034470635
hunchback,-17896,-17852,3616,-9956,1529,-7709,448,32767,-5380,8223,-4385,-7428,10340,16352,18768,-2273,3650,-1259,3830552897
hunchback,-24972,-17768,1112,-1673,1375,-3643,-4740,32767,1308,13889,1533,2526,7136,12200,17416,-2258,5005,-989,1368245598
hunchback,-21376,-16032,1360,5404,1322,-932,3204,32767,-68,6473,885,3497,6460,9648,15516,-2135,5983,-643,2815489668
hunchback,-19740,-14944,908,16680,3225,2010,2020,26068,7108,-7561,4459,11390,4588,7440,13980,-2041,6795,-751,810517767
hunchback,-15384,-5968,1512,20624,6969,4303,8104,20264,1760,-14605,5083,13709,3912,5540,11856,-2326,7373,-948,2392098327
hunchback,-13492,-5432,1128,12560,6861,7304,1204,19280,-504,-18920,7048,20105,1688,3412,9860,-2215,7840,-933,3287662136
hunchback,-11436,-3884,1468,6230,6549,11911,-2312,18068,-448,-13445,8438,24450,2368,680,9004,-1853,8340,-286,2585310452
hunchback,-9992,-4036,2056,-2147,5579,15207,-5276,18948,-356,-11192,5848,25463,2456,-956,8016,-873,8656,257,2640016533
hunchback,-9304,-7688,3180,-4959,5029,18079,-6812,17924,2612,-8774,3785,29247,1296,-2020,6224,131,8582,413,3220128597
hunchback,-8856,-6624,4364,-8116,5231,20092,-8368,20516,812,-10020,1772,30872,704,-3008,5276,1112,8011,647,2088864682
hunchback,-9224,-10388,5700,-9431,5443,20490,-12092,20124,4684,-12661,-2258,32767,400,-4436,6068,1414,6692,384,3651357696
hunchback,-10396,-13168,7096,-6862,5317,20424,-12404,18124,4880,-10592,-4217,32767,472,-6188,7744,985,5368,-877,612070643
hunchback,-11616,-14288,6428,-5185,3409,19965,-15352,17484,3548,-4078,-6691,32767,-1892,-3496,11352,492,3750,-3257,2963924376
hunchback,-10532,-16032,6196,-406,665,19748,-17544,15284,4200,5108,-6404,32767,-3596,1576,14232,1043,3156,-5661,3835544305
hunchback,-7728,-15532,6588,3124,-209,20420,-17952,15292,3080,12062,-5342,32767,-6160,9344,15968,1191,2366,-6408,2193303476
hunchback,-6064,-16824,6716,5130,914,22276,-17604,16604,2524,13241,-3209,32767,-7504,14488,16672,908,1609,-5409,910311187
hunchback,-6484,-18820,7896,4939,2412,24839,-20980,17748,4076,5842,-2211,32767,-4224,17660,17012,499,88,-4869,2864733426
hunchback,-7816,-22416,7992,407,2393,27902,-31556,23324,4640,-6639,1036,26842,532,17464,14304,-728,1563,-4629,873398531
hunchback,-9856,-28632,8488,-4809,1863,29900,-32768,19100,-208,-18707,-4473,16725,1748,12408,19468,-1484,2869,-5441,3679019050
hunchback,-10168,-32768,8016,-8155,-752,30575,-32748,14576,-2248,-19237,-7944,10591,-4780,13408,23172,-1357,3853,-4293,2190856670
hunchback,-8392,-32768,7480,-8434,-3376,27561,-29012,8968,-2220,-8381,-8639,8685,-8024,14556,24592,-1036,3906,-1574,2145226464
hunchback,-4140,-32768,6192,-5094,-3621,22168,-27096,7556,-1528,4200,-6250,8257,-8116,15452,23200,-1380,2496,237,1390237837
hunchback,88,-32768,3832,124,-1168,15899,-28264,6704,-3468,12054,-2433,7591,-10232,15560,21036,-1332,840,402,1466410094
hunchback,7176,-32768,1596,6693,137,11026,-30764,1896,-5096,14909,1093,6334,-10212,12332,20044,-1606,-1295,164,1195907623
hunchback,-1116,-24680,2084,7452,-3705,8700,-32200,5248,-5400,8091,1334,-4652,-7928,10040,18384,-1533,-3367,-238,1561256653
hunchback,9264,-25236,1808,-209,-466,3280,-22844,1100,-4344,4105,-157,-11697,-7152,8140,16412,-1371,-5071,-616,1528480581
hunchback,3116,-19120,728,-1761,345,-139,-19940,-884,-3436,3428,-1249,-15116,-6740,6468,13352,-1411,-6710,-496,3432260714
hunchback,6972,-17668,-544,-2091,764,658,-17828,-1128,-1968,1758,-1691,-21205,-6356,4088,12096,-1451,-7779,-290,3531953748
hunchback,5580,-14160,-1568,-1333,2097,-2545,-17276,-472,-2744,2789,-554,-27529,-3232,2264,9984,-670,-8791,-640,1841739043
hunchback,3744,-11732,-1628,-2167,3712,-6586,-16512,1964,-2252,2888,663,-32709,-3656,-252,8612,-649,-10392,-1056,3652563513
hunchback,3372,-15916,-1380,263,5492,-10412,-17248,3372,-252,2280,1539,-32768,-4016,-2200,8592,402,-11811,-827,2054475575
hunchback,1360,-15908,-1080,1489,5751,-13349,-18552,7260,-880,2899,122,-32768,-2476,-2696,6832,2222,-12262,-231,2086293685
hunchback,508,-15384,-48,14,6060,-17439,-18760,7000,904,6052,1177,-32768,1132,-2532,4536,3337,-11238,-248,3620836577
hunchback,-1736,-18940,1384,-807,5737,-19618,-21228,10480,-636,9412,-850,-32768,1376,-3460,3768,3474,-9811,-361,1413432344
hunchback,-2220,-22264,2284,-180,5594,-21684,-18016,13084,4140,12872,1074,-32768,1248,-4120,5564,1783,-8454,1371,445438152
hunchback,-6188,-23864,3944,-843,4641,-25774,-24904,23952,3344,10512,8825,-32768,3732,-572,10116,312,-6913,4211,2520894167
hunchback,-8536,-30468,6428,1596,2224,-29634,-13780,12596,1728,2609,-5389,-29562,10844,248,19124,1074,-4359,4731,1067382312
hunchback,-11492,-32768,8500,5725,-92,-32228,-17596,18820,1556,3594,-1758,-32182,12328,2372,22280,6436,-3525,2563,4074671489
hunchback,-14788,-32768,9628,7923,-2856,-32636,-19628,22936,3188,5738,241,-32768,13188,5304,15160,8441,-2606,1479,2259602517
hunchback,-16492,-32768,9904,6438,-5072,-31286,-17716,20680,-1392,12752,3697,-32768,7280,11540,18144,7937,-1765,883,2843509974
hunchback,-17916,-31980,9652,2082,-5989,-28418,-22712,27308,1884,14305,-3709,-26894,5260,20260,17064,7288,-1600,2127,2996756928
hunchback,-21828,-28200,8704,-6034,-6681,-24997,-19440,30484,1432,19889,-5052,-23218,6592,22068,19036,3597,-783,2526,316802162
hunchback,-22324,-26840,5512,-12632,-7609,-20861,-12560,32767,736,14064,-3162,-16590,10320,20960,19812,1890,-1087,1175,972101666
hunchback,-19652,-26332,4196,-11339,-7064,-16591,-10276,32767,3000,4450,-5760,-12794,9984,22876,18524,-828,-1014,-855,4181232245
hunchback,-15784,-30200,4220,-3974,-353,-16673,-4752,32767,-3180,-9085,-3815,-7976,7852,18892,17520,-2333,587,-2155,3421622071
hunchback,-19764,-19012,2080,-1858,-4169,-15322,-8772,28004,-1984,-10508,-2263,-2943,6188,13820,15524,-3359,1286,-2592,1371785849
hunchback,-17692,-10976,732,11833,-240,-11624,-2628,24244,-2316,-9126,-105,439,4356,10448,13888,-3914,1772,-1792,1612802048
hunchback,-21704,-8372,-1908,11545,-1253,-7404,-1196,20484,-356,-6385,2793,6160,6068,7112,14068,-4251,2517,-1167,368485917
hunchback,-17976,-4884,-1828,8314,-1182,-2413,-1468,18840,-124,-875,1971,11736,4768,4484,14040,-3038,4488,-1435,2064915010
hunchback,-15704,-5208,-1596,9448,845,2062,-1516,19804,-2260,74,2545,15342,5760,2248,11992,-2912,4755,-1119,1105023136
hunchback,-12816,2104,-1132,1280,283,6034,-1412,19816,-1672,-4313,3978,19409,2888,612,10060,-2018,5405,-704,727622040
hunchback,-9480,-980,-1208,-3280,1384,8075,-1704,19204,-1684,-8160,5720,21259,2800,-268,7808,-405,6048,-195,1898274851
hunchback,-10860,1404,-160,-4828,1865,11441,-4108,18184,-1188,-12146,3807,23192,2540,-1340,5356,1089,7154,523,4233085793
hunchback,-9088,-2040,1536,-5058,2567,14879,-5184,17496,-436,-13026,3121,26663,2396,-1060,4036,2352,8038,1200,3328919254
hunchback,-10308,-3892,2948,-5949,2551,18415,-7056,17200,144,-9363,1997,29352,1780,-1036,2900,2688,8079,2209,383984020
hunchback,-10596,-4556,4092,-5961,1721,21603,-6944,17240,1384,-4036,1960,31644,2032,-3008,4888,1839,7591,2894,729649437
hunchback,-11160,-5596,6200,-6263,1892,21876,-7212,18320,2016,866,2327,32767,4308,-3180,8164,796,6306,1856,2453824397
hunchback,-11128,-8332,7080,-1933,2089,21727,-7928,21092,1664,2228,3171,32767,2396,-916,10868,-37,5921,361,23379905
hunchback,-10440,-11200,7204,6540,1670,21953,-13180,25480,2352,-3337,997,32767,-1200,3452,15400,-812,6197,-1003,3424492655
hunchback,-9852,-12540,7244,13285,55,22693,-15584,25340,1804,-10536,-53,32767,-3588,10164,19540,204,5489,-1963,3381469473
hunchback,-9336,-15544,8100,15045,-604,24880,-20172,22760,2420,-13456,-1475,32767,-7012,13664,16352,268,4433,-1032,9545772
hunchback,-10976,-19680,9436,12821,-205,28824,-21288,17432,1592,-11276,-4079,32767,-4256,10148,17392,203,3413,593,1892365574
hunchback,-12972,-25604,11216,5378,-6,31241,-30380,20476,2964,-10822,-1051,32247,-2136,11804,16812,-45,2899,-1002,846303355
hunchback,-15872,-32768,10900,-2228,-963,31170,-32768,12824,-420,-4471,999,27540,-2100,11960,18020,-306,2495,-1967,1725150536
hunchback,-14252,-32768,9540,-7569,-4325,27053,-32768,10212,-4088,4880,3667,18658,-5388,15544,20744,-496,2188,-2211,175873332
hunchback,-8312,-32768,7484,-6826,-5324,22027,-32768,8000,-3040,7144,1226,12729,-9676,17880,24328,-1175,1192,250,792993017
hunchback,-2596,-32768,4896,-1015,-3823,16358,-32592,6244,-1392,2660,2245,9541,-9052,17968,22056,-1251,347,2795,965456524
hunchback,44,-32768,2328,1638,-2655,11504,-32184,3768,-3936,-5693,3935,7373,-7788,14768,20872,-949,-472,3706,3612532210
hunchback,384,-26656,2868,2821,-767,6505,-32768,516,-6976,-10598,2778,2259,-5328,12928,18684,-1023,-2043,2899,1452380932
hunchback,2380,-32768,1344,4210,510,5849,-32768,-3072,-4768,-12047,1855,-5295,-3348,10388,16292,-1037,-4717,2708,3578876702
hunchback,2312,-22544,364,-3989,-1288,2915,-26060,-1876,-5520,-7765,51,-12343,-1272,7692,14412,-1243,-5499,2215,3152971066
hunchback,5416,-22812,-36,-9346,-746,-2287,-18168,-3012,-1848,-95,2923,-17494,-1740,6240,12892,-1336,-5873,1738,4210330459
hunchback,2872,-21664,-1540,-9286,679,-4952,-15556,-3060,-4576,7381,1141,-17123,-1184,4472,11684,-1600,-6061,1568,1353849250
hunchback,3436,-19860,-2380,-6089,-214,-5916,-15804,-460,-3580,10528,-588,-21239,172,2628,11708,-859,-5851,1413,224143807
hunchback,4588,-14988,-2784,-4961,1355,-10573,-14180,1916,-3288,8143,-2367,-25471,1148,1084,9304,5,-5896,1183,4128740730
hunchback,2856,-16600,-2020,-2695,2620,-12355,-12520,2120,-4096,4039,-1139,-29348,1744,204,7660,568,-6265,966,3062311513
hunchback,2704,-13896,-988,-2552,3177,-14751,-14096,2920,-3364,1940,766,-32559,1244,-504,5964,526,-5428,924,699969114
hunchback,188,-16648,768,-5570,2746,-16781,-15276,3708,-2564,2115,319,-32768,1480,-108,7056,23,-4393,758,1613553310
hunchback,-252,-19064,2172,-7597,2547,-17933,-16616,4580,-2444,4243,1095,-32768,1568,-936,10144,-758,-3919,1139,2649229122
hunchback,-3208,-24916,3240,-7021,2337,-19958,-16472,6068,-1372,7299,2360,-32768,2148,-1336,13804,-362,-3420,1927,4046246313
hunchback,-5720,-29124,4504,-3114,2209,-24838,-21756,864,-12488,2197,2446,-29244,5480,756,13724,1211,-1463,2430,3001000680
hunchback,-9756,-32768,6412,1991,1427,-29568,-30604,9996,-856,11783,3158,-31703,6364,1756,16100,2121,-940,2569,1648104745
hunchback,-13188,-32768,8464,5708,249,-32581,-21832,16444,240,20382,1709,-30973,6868,3280,18676,4938,-1197,2628,2323062591
hunchback,-17016,-32768,9540,5751,-957,-32768,-23508,28568,-380,15740,6658,-32768,7268,7964,16572,7063,-1253,2106,2078767694
hunchback,-18132,-29388,9124,1469,-1785,-30807,-25600,20988,4284,12445,-3720,-30162,3652,12692,14440,6129,-1117,1683,3072232843
hunchback,-18864,-26124,8848,-5978,-2475,-27926,-19912,28220,3216,10280,4646,-27341,2460,15668,16684,5035,-1114,1612,619161881
hunchback,-20124,-25068,7584,-12024,-1931,-23839,-20688,30744,7312,1718,-6033,-19859,9852,17944,19764,3654,116,742,1523794865
hunchback,-20120,-22688,7560,-12405,-334,-20356,-11824,29392,1560,-4563,-963,-13782,8772,18576,17952,2329,-975,-1049,3402449437
hunchback,-16724,-25636,6596,-2683,2659,-16994,-14084,29592,804,-2984,1870,-12051,8804,19528,18060,-71,-1005,-2649,4153496004
hunchback,-16736,-13324,3724,3117,2756,-15887,-6500,24120,104,-1870,-7864,-4370,6260,14624,17952,-284,118,-3236,3488175236
hunchback,-21568,-14644,832,9850,2294,-8164,-3676,30380,-812,2340,2822,-3660,5000,13308,14356,-219,794,-3036,3974084861
hunchback,-14224,-7696,1616,13521,2516,-4854,-6716,21724,516,1819,816,4683,3664,10412,13208,-923,1237,-2617,3542040474
hunchback,-15844,-2252,-112,11010,1860,-1120,-6664,23096,1252,4050,3466,6404,4432,8476,11848,-1100,2615,-2359,1082484077
hunchback,-12964,-1324,-552,9868,2892,4680,-3260,21132,12,4639,3044,10471,3512,6756,10896,-1654,3013,-1821,3812007480
hunchback,-9324,52,-2704,808,825,7548,-308,23988,-588,-3741,4098,13024,2836,4644,10348,-2030,3572,-909,3782930022
hunchback,-11712,1556,-892,-724,2528,11182,1516,20028,-176,-9420,6886,18676,2804,3336,8424,-1628,4907,-510,1132099083
hunchback,-8396,-860,-800,-4644,1258,15635,-4340,21464,388,-11654,6083,20581,2892,136,7084,-1226,6114,164,20499015
hunchback,-7880,-1848,720,-4005,3086,17626,-4320,19588,-1128,-12486,2532,22178,3036,-1984,7008,-63,7215,484,1065845192
hunchback,-10564,-4304,1404,-1775,3903,21774,-5504,21288,1280,-16706,3822,24148,2452,-1628,7104,989,7447,437,2622550722
hunchback,-10228,-6532,2036,-23,3946,24109,-7484,21204,3560,-19985,374,26708,2440,-3972,7268,982,6289,219,1491188766
hunchback,-13172,-8980,3300,513,3737,22928,-9724,23588,520,-21736,-3348,28835,2436,-5820,9276,478,5298,-921,1751169322
hunchback,-15976,-15712,5884,-1022,1561,22475,-12988,19404,-56,-22036,-7945,32354,-480,-2028,12700,793,4569,-2504,2667354241
hunchback,-13892,-18872,8024,-2576,1400,20259,-14004,18544,3152,-16366,-9819,32767,-3048,2192,15312,2058,3105,-3174,1744381344
hunchback,-14864,-21128,7888,381,2354,17325,-17356,18860,4508,-8741,-10498,32767,-5976,9712,15104,2483,923,-3407,2595625446
hunchback,-13392,-22436,7036,5007,1899,16991,-19460,21104,4876,-3756,-10756,32767,-7088,15428,14504,1944,-505,-2833,549542379
hunchback,-12720,-23024,5844,8742,2149,18384,-21540,22180,3636,396,-11089,32767,-5244,18176,15544,1043,-1865,-3507,2412222853
hunchback,-12724,-23092,5568,8059,1379,22759,-21584,18868,2852,6928,-10043,32767,-664,17912,14796,-293,-1854,-3713,1538616562
hunchback,-10852,-24268,6140,1192,447,25813,-30276,16804,3340,14326,-7848,29057,856,17256,18748,-2104,-2057,-4603,2775399323
hunchback,-9544,-26052,6804,-7235,708,26272,-31616,15468,3300,15703,-3289,21316,1188,17020,19880,-2209,24,-3927,1162288790
hunchback,-8504,-31840,6040,-9413,-72,26066,-28340,11944,-1868,13663,277,18326,-1468,19468,20768,-2182,1707,-1496,2466689387
hunchback,-5632,-32768,6180,-4329,322,23176,-28756,8032,-2544,8891,187,15436,-4192,20752,20740,-2820,2095,1231,855379203
hunchback,-4096,-32768,6696,3448,922,19691,-25396,8624,-2352,-511,186,10539,-1404,18052,18644,-3934,1657,2009,1902729730
hunchback,-5844,-28484,6724,6893,933,13303,-31788,2792,-5824,-9493,-81,5868,-4844,14472,18908,-4391,1641,1458,168288557
hunchback,-1612,-31268,5720,13625,2800,10378,-30680,-748,-7232,-12876,480,-1008,-4800,11600,18208,-4516,-753,1588,2868384595
hunchback,-2196,-26004,4076,1928,-805,8558,-27568,-5824,-7028,-11721,1162,-5733,-3508,9088,17232,-4136,-1617,1898,3791920734
hunchback,2740,-20192,3864,-5085,-232,1958,-24932,-3376,-5072,-4381,1344,-12241,-4308,6716,14872,-3692,-2977,2131,3965296648
hunchback,2112,-22096,528,-10202,-204,1887,-18240,-6620,-4752,5381,3440,-13362,-2352,4148,13056,-3395,-3387,1800,3237255339
hunchback,3920,-18144,292,-8264,-1210,258,-16124,-4448,-5752,11733,3329,-14611,-2280,2128,11636,-2491,-4086,1304,165026304
hunchback,3972,-17076,-1164,-3679,-1044,-2850,-16152,-2644,-4052,14489,2682,-18523,-2092,-260,10088,-1384,-4915,926,3981209068
hunchback,4088,-16824,-2092,374,616,-6699,-17068,-704,-2916,13335,3800,-23093,-2068,-1288,9260,279,-5798,761,830128750
hunchback,2688,-14372,-1980,1963,2009,-10082,-16676,2672,-2128,8889,2903,-27749,-2112,-2592,7344,2155,-6333,1177,107063971
hunchback,1540,-14088,-2036,-1969,2223,-13002,-15948,3724,740,2132,1830,-30697,-572,-3092,6292,2441,-6024,1285,714543248
hunchback,1112,-15472,-32,-4640,3555,-16012,-16592,4120,-1592,-4157,-509,-32363,-240,-3084,6544,2141,-5401,1661,292690449
hunchback,-584,-16836,596,-4412,3715,-16913,-17140,6004,-856,-5745,-586,-32768,68,-2532,9272,1896,-5046,3060,3209346139
hunchback,-1828,-20072,2256,-3164,3772,-20638,-16544,5148,-1060,-3722,404,-32768,2816,-1424,11916,2493,-4843,3977,337589945
hunchback,-5332,-23184,3784,1621,2856,-23060,-18312,6156,432,1125,1179,-32768,4104,-60,13320,3592,-4294,4202,2581893254
hunchback,-6888,-23908,4968,4131,1161,-27156,-21956,18404,5936,8929,10279,-32768,7568,1868,13532,4887,-3211,4097,3427862302
hunchback,-10452,-28168,7340,6007,-121,-29429,-24748,11544,-1588,9763,-915,-32768,7880,4316,16208,5584,-2608,3558,1196645331
hunchback,-13248,-29956,8436,4817,-1445,-28650,-26744,22064,-5228,26633,8222,-32768,5468,10452,16544,6077,-2971,2960,430691190
hunchback,-14608,-31568,8940,118,-2547,-27964,-32768,20864,8404,31563,-12526,-32463,2484,15076,17864,5387,-3804,3256,3488511689
hunchback,-16656,-31720,9084,-5484,-3682,-27350,-32768,32767,-8200,32271,6270,-32768,4024,16740,19236,4243,-4431,3370,2923339603
hunchback,-18516,-31588,9000,-10303,-4597,-26556,-23120,22536,-4960,20541,-8664,-23835,9652,17100,17860,2999,-4773,2460,2219173586
hunchback,-24160,-30832,8508,-5741,-3560,-25428,-18176,32767,-4108,12972,1495,-19682,13736,17156,20136,2237,-3194,394,316965637
hunchback,-24132,-23572,3208,-3717,-4747,-22320,-18708,32767,260,-458,3606,-18784,9860,19436,17280,980,-2838,-481,1478451283
hunchback,-21060,-32724,4532,5417,1976,-18478,-18492,32767,-7556,-7026,-5698,-11591,11388,17940,16540,-873,-1725,-824,889525015
hunchback,-23452,-22192,696,2360,-4284,-14945,-5012,32767,-3992,-16157,5280,-6626,10564,17148,15460,-1638,405,-1546,2943358831
hunchback,-14240,-13620,1304,10147,-1783,-10432,-10264,28408,2796,-16394,3904,-2014,8084,15560,14732,-3193,1961,-1449,2191180448
hunchback,-17072,-6156,-308,4342,-5199,-8972,-6008,23936,1116,-9242,-2403,3057,8108,11644,13828,-3696,3776,-1046,3628675951
hunchback,-16452,-4672,-504,4735,-2064,-4275,-3616,23152,996,-7601,-1175,7805,6476,8068,11556,-4242,4363,-671,1543049017
hunchback,-12824,-6856,-1128,2974,-936,264,-372,20840,-1188,-7017,796,13243,6208,5340,10812,-4036,6095,-225,82644016
hunchback,-15504,1036,-1792,-1802,-795,3842,-2664,20844,-508,-6858,1762,17519,5084,3260,8340,-4217,7188,-116,4243126657
hunchback,-10992,-3888,-1716,-4262,261,8252,-1248,20096,-1340,-7119,830,20365,3404,1068,7896,-3856,8378,370,3083376118
hunchback,-10780,396,-1092,-3764,293,9168,-3308,18280,64,-8193,-462,23687,3636,-1024,7084,-2813,9240,680,2787647265
hunchback,-10712,-1648,-352,-3082,165,12873,-3196,18676,-952,-11783,1916,26983,2144,-2064,5472,-1602,9973,919,1239715237
hunchback,-6864,-2324,504,32,616,14948,-6616,19332,100,-16272,1247,30232,1212,-2424,5444,97,9558,1070,3971777262
hunchback,-8860,-3132,2520,3549,3091,16986,-9068,19580,-1352,-17428,-1933,32767,-200,-3300,5800,1347,8684,1229,2887351588
hunchback,-9416,-3848,2812,3657,2665,19519,-12404,20496,-1624,-17341,-4951,32767,-576,-5460,6824,1045,7222,1072,1707908512
hunchback,-10360,-5556,3316,917,2603,18809,-13472,16712,-112,-12286,-5619,32767,-252,-8224,9736,-336,5689,-1117,4255258083
hunchback,-11176,-10168,4888,-1575,1431,19482,-14540,17544,2640,-6767,-4979,32767,-3820,-1384,15692,64,4700,-3085,4159554324
hunchback,-9064,-14028,5708,-2410,678,20624,-15912,19584,2800,-3799,-5540,32767,-6124,4820,16748,1864,3384,-3463,1149401252
hunchback,-9240,-17700,6216,597,858,21293,-18944,20248,1392,-2674,-7889,32767,-8504,9652,15328,2552,2641,-1924,1367390458
hunchback,-9692,-21384,6692,5282,292,22975,-21244,19584,864,-2332,-9096,32767,-4856,8852,15132,3376,1823,-564,3038916697
hunchback,-10176,-26428,8760,10025,776,23574,-25568,20452,-92,-9764,-7302,32767,672,11420,16332,3043,1016,-1453,859548843
hunchback,-12056,-29564,10732,9803,1567,23396,-26020,18084,-876,-17825,-4789,30639,3612,13776,17388,2552,1224,-3088,2022155530
hunchback,-11564,-30612,10924,2988,922,22566,-25656,14544,-1776,-19229,-4507,24128,304,16832,18652,1814,2327,-3333,1285850997
hunchback,-9780,-31924,9636,-4299,-852,20201,-29636,9780,-3304,-12457,-4191,20206,-1460,20240,17940,645,3520,-2128,1342885391
hunchback,-7648,-32768,8176,-5675,-3174,18131,-32556,5772,-4088,-1891,-2458,15112,-3128,20892,17976,-965,4764,-515,3779154386
hunchback,-6308,-32768,7784,-1617,-2999,15991,-30160,6188,-5184,5369,-1349,9889,-6916,21516,19400,-1303,4649,1026,2824549824
hunchback,-1608,-32768,5152,2242,-4498,13234,-28524,3776,-6532,6537,-1085,5776,-6220,20008,17792,-3022,1834,1683,1290860699
hunchback,-2284,-32768,2424,1672,-4356,11503,-25572,2288,-5412,4110,250,963,-6140,15164,16360,-4515,735,2122,3864349775
hunchback,-1440,-22100,2836,8273,-2616,6879,-25552,4024,-5956,-2077,-1506,-5767,-3516,10792,14836,-5849,-1174,996,732298098
hunchback,816,-21096,384,307,-3488,6696,-22520,-1152,-5980,-3654,-1574,-6198,-2240,6708,13788,-5642,-1964,-183,4197235767
hunchback,3032,-15324,504,-6354,-2827,230,-20912,-2052,-6356,-2237,-1508,-8708,-2436,3720,11780,-5250,-3185,-442,2639358204
hunchback,2460,-18228,-552,-5318,-1061,1948,-19128,-3128,-4732,-679,-305,-13053,-636,1080,10228,-4269,-3368,-774,1602324549
hunchback,1980,-15368,-1812,-8801,-3584,556,-15056,-2632,-2856,2654,1829,-17615,-956,-552,8044,-3428,-4534,-1509,411011379
hunchback,4660,-12816,-2304,-6482,-1372,-3464,-12956,-472,-2504,5567,4733,-21174,-596,-2084,6356,-2787,-5272,-2202,3224186721
hunchback,2504,-14792,-3276,-2118,-617,-6935,-13908,1624,-2004,5409,4389,-24444,-1672,-2772,6572,-2538,-5830,-2152,3186943593
hunchback,2772,-11148,-2376,-727,850,-10021,-15384,3204,-3136,4679,3642,-27968,-2308,-2536,5940,-2303,-6325,-1610,3839685859
hunchback,3400,-10152,-2356,-2997,2012,-13193,-15860,4216,-3180,3924,150,-29575,-8,-2652,6772,-2931,-5752,-1052,394774547
hunchback,2584,-11508,-872,-3522,3580,-14753,-16648,4072,-8,6114,292,-29574,304,-1872,11320,-3323,-5435,-324,1107784262
hunchback,3064,-14208,-104,-3399,4005,-14820,-17740,6932,60,6551,-646,-32074,4280,-1212,13992,-1991,-3701,324,1198988530
hunchback,736,-18244,1316,-2512,3745,-17578,-18812,11476,1100,6423,4005,-32768,6616,660,15628,-289,-1414,413,2517724995
hunchback,-3520,-24992,3452,-360,1607,-19489,-27616,-7584,-24208,-12637,-3179,-29378,4620,5016,18860,431,-1472,633,4271770318
hunchback,-5308,-30448,5860,-834,7,-21373,-29912,11552,872,8929,8194,-32768,924,7192,20188,898,-2777,1668,4233228893
hunchback,-8928,-32768,7408,-2203,-178,-23032,-28692,21392,2608,18593,-1091,-32768,1872,11428,21092,2201,-2551,3219,3345866433
hunchback,-11824,-32768,6804,-5676,0,-24333,-28792,32767,4256,14776,-40,-32768,4924,12588,19656,1798,-2391,3457,728408428
hunchback,-14388,-32768,6968,-7896,-289,-25896,-18408,32767,9920,958,573,-30619,3556,14368,21440,-14,-2739,3165,1924857241
hunchback,-19944,-32768,7100,-6974,-46,-26284,-27516,32767,7072,1758,4047,-32341,6128,14668,23532,-1849,-2493,1684,3897983425
hunchback,-21248,-32768,6036,-5561,-822,-24610,-15848,32767,1536,3899,2266,-22631,10644,17796,23784,-2497,-1676,367,4141591942
hunchback,-20836,-30612,4580,361,53,-21419,-13932,32640,2948,11485,2033,-16979,11772,17140,21596,-3529,299,-1416,38752292
hunchback,-20100,-17440,3116,3900,-682,-21469,-9352,32767,4904,16614,3112,-9004,8920,16284,19052,-5616,820,-1957,2869417452
hunchback,-18616,-8528,3800,5954,-2446,-22779,-7664,32767,552,14204,-9253,-4643,6380,10760,18920,-5285,3062,-1641,3874225517
hunchback,-26704,-17196,636,14146,2916,-11534,6000,32767,-156,-3848,4835,-892,4856,6500,17140,-5153,3548,-1476,1671576351
hunchback,-20452,-10244,1224,9886,-311,-8636,-3364,25588,4700,-14714,2717,3475,4220,3420,15904,-4040,3872,-966,4240742544
hunchback,-21880,-6628,180,9143,1453,-3707,3764,27620,1480,-18419,326,3536,4084,1572,14192,-2601,5831,-1025,991359861
hunchback,-17596,-2948,708,5151,1388,-224,3620,20504,384,-17786,488,15639,764,496,10956,-1764,6142,-589,694402258
hunchback,-14028,-3952,388,3199,852,3315,-2096,26436,556,-7764,706,22416,2500,-2060,9984,-473,7288,100,308844018
hunchback,-17372,1580,-456,-1728,-216,8564,-4556,21376,5280,2085,-3177,26136,2420,-3004,8764,1777,7656,263,1420138525
hunchback,-12036,-1200,148,-8074,-526,12011,-116,22772,3368,720,-612,28185,2840,-3624,7316,3598,8082,611,1302673627
hunchback,-13244,-3064,2612,-5819,1858,14990,-3772,23920,5460,-7606,169,30574,2052,-3528,6544,4426,7559,690,1746427802
hunchback,-11136,-3712,4240,-2228,2529,18049,-4432,24784,4416,-12642,-662,32377,1780,-6048,7596,3745,6287,293,3702213560
hunchback,-9700,-6844,4364,4160,3702,18265,-9500,22700,3436,-10428,-4656,32767,1296,-7620,10992,1965,4133,-1818,3221352035
hunchback,-9364,-7416,5176,9507,4486,18560,-11616,20120,3108,-5192,-9339,32767,-4044,-4400,17264,2532,2584,-4728,2269134135
hunchback,-7952,-8968,5656,9384,4236,21648,-14144,21164,3316,691,-11330,32767,-9404,1188,19048,5686,695,-5851,738875814
hunchback,-6052,-9408,6448,6306,5565,23507,-15972,21288,2604,4334,-10907,32767,-12980,9416,15848,7381,-482,-3977,1703195485
hunchback,-7344,-14372,7332,5610,7108,26227,-16096,19456,3928,4279,-5613,32767,-10468,9648,13540,7349,-1083,-1159,4035591854
hunchback,-9136,-19704,9372,6143,7496,29121,-21096,21884,2716,-543,-8612,32767,-1900,8324,15760,7054,-2051,-1931,1657640462
hunchback,-13480,-28928,11000,8616,5675,30024,-24628,15736,8120,-10684,-5158,29867,2488,13616,13072,6561,-1651,-4132,3656706495
hunchback,-12908,-32768,13840,8481,2684,29979,-32768,11996,-5440,-13663,-4684,19319,2800,17552,14148,4896,-382,-5739,3515914118
hunchback,-9404,-32768,14776,2834,1330,26905,-31152,11992,-4712,-14648,-1116,11134,-1324,19984,17328,2645,632,-4734,2896686321
hunchback,-7656,-32768,12552,-1326,842,22288,-32768,8188,-4872,-14244,-3363,9090,-5568,24556,18768,-103,422,-1914,879093910
hunchback,-4504,-32768,9020,-3058,65,18079,-25736,5136,132,-6292,1552,7261,-7116,22092,21124,-3174,-248,72,1086990501
hunchback,-1688,-32384,5804,-1839,-817,15078,-26504,5484,-260,-2216,4302,5881,-6252,17548,19756,-4573,-982,631,1229598698
hunchback,616,-31216,2524,612,-1474,12436,-30404,2160,-2100,-952,4994,3665,-3544,12620,17272,-5043,-1885,108,2219930368
hunchback,-452,-24016,2536,-4463,-3671,9681,-30364,2016,-4104,319,5902,-1337,-3112,9804,16620,-5069,-2545,-877,3476420628
hunchback,64,-20696,3092,5668,1228,6025,-32428,3380,-6704,2177,3295,-9561,-2948,8652,13752,-5124,-3674,-1388,1619925352
hunchback,1452,-18860,-1464,-5880,-2836,5411,-21484,4148,-8252,3508,1963,-17305,-1848,6912,12392,-5773,-4556,-1827,2159324359
hunchback,4720,-15828,628,-4277,1140,-2141,-16996,-72,-3188,8945,-825,-15564,-3056,5080,9984,-6260,-5663,-2091,3119611303
hunchback,2676,-17784,-1136,-6666,1451,-1547,-17064,968,-2420,13917,-578,-18094,-1572,2088,8528,-6352,-6064,-2262,1627006885
hunchback,5388,-17324,-2128,-3650,2529,-4691,-16412,1096,-2260,14821,273,-21316,-800,-268,9984,-5762,-6839,-2332,3570352655
hunchback,2988,-13948,-2260,-5013,2688,-7312,-14992,2152,-3236,14967,-69,-25454,228,-1460,7972,-4451,-8348,-2493,922684835
hunchback,3788,-14616,-2064,-4609,3792,-12113,-14720,3820,-1964,11106,23,-28268,52,-3296,6364,-2629,-8493,-2465,2536699909
hunchback,788,-15792,-1060,-2200,4469,-16089,-14312,5168,-2520,7368,-2053,-29797,-16,-4588,5220,-522,-7789,-2043,308743054
hunchback,472,-14844,-84,-1909,4600,-19032,-12704,8088,464,4824,-1849,-31172,876,-4596,3424,591,-6880,-1752,2263877201
hunchback,-1992,-16392,732,-1172,4744,-21663,-16928,8892,1076,4785,-3885,-32768,704,-5416,2228,-1332,-5085,-1277,563078208
hunchback,-2756,-19476,2292,652,3937,-22849,-11276,8808,-2160,6969,1764,-32768,-1048,-5220,7780,-5089,-4459,490,1666374838
hunchback,-4392,-19356,2428,-1407,2997,-26447,-20264,20076,-3032,6380,14118,-32768,3348,-2464,18968,-5203,-3533,2891,35834062
hunchback,-7920,-26232,4356,-813,1803,-27415,-11552,9668,-464,8348,-1904,-32214,6500,296,24148,1391,-1192,2939,3149174578
hunchback,-11804,-28400,6496,378,263,-29151,-24332,19768,3724,20384,-3235,-32768,9248,4224,17560,891,-1084,3096,3063889813
hunchback,-18740,-31600,8644,3301,-733,-29423,-19284,21280,3664,25345,-3037,-32768,7836,8720,22116,756,-1777,1999,4133247764
hunchback,-21156,-32068,8320,5105,-1703,-28037,-15480,32767,540,20363,-846,-32650,2912,10388,21464,1383,-1996,1164,614820653
hunchback,-22316,-29928,7672,2157,-3450,-25676,-23632,32767,364,8254,-2007,-31639,3392,15920,19568,-321,-1428,298,1432716685
hunchback,-24672,-25808,6512,-4680,-5107,-22375,-15680,32767,468,765,1836,-27467,3672,15784,23428,-2618,-154,1468,616933407
hunchback,-24440,-22876,7692,-9460,-4935,-17892,-14176,32767,-2848,-316,-1159,-18978,6016,17472,23912,-4806,-33,803,2045171639
hunchback,-21796,-26988,1192,-4251,1573,-13926,-10188,32767,-488,1833,-5452,-9446,9376,12848,23668,-7313,427,-274,2784774751
hunchback,-22888,-1476,1780,603,-1503,-17614,-2644,32767,104,-341,-1935,-2849,8360,9476,22932,-6670,2538,-840,2905377643
hunchback,-23284,-14728,-1584,14616,6011,-5483,-2864,30176,-48,-5686,2344,3136,5688,6848,18796,-6878,4159,-525,2725714211
hunchback,-24048,-3632,-1784,15304,2393,-3932,-1020,29192,-544,-12158,5739,6949,4456,4156,16912,-5647,5404,170,2240094876
hunchback,-22228,-5200,-996,17662,6039,4840,-1168,26240,-2160,-13555,7112,11230,3864,1500,14552,-4250,6422,615,689155431
hunchback,-18916,-2204,-1340,11784,6201,10418,-3168,23352,-2360,-11972,4246,15699,2960,-728,11836,-3386,6680,1109,3745911164
hunchback,-16020,-1488,-308,705,3114,14787,-3180,20384,-1644,-9202,2604,22980,1832,-3704,11200,-2642,7572,1608,1464079120
hunchback,-14336,1160,2688,-5260,5072,18828,-3948,21440,-1076,-7172,4464,26646,1484,-3692,10160,-1001,8402,1856,1191539712
hunchback,-11196,-8728,4104,-9360,5466,22354,-6380,22360,-776,-7510,3219,29678,-532,-4676,9116,240,8352,2873,88468957
hunchback,-13060,-3416,5572,-6639,7036,23690,-9104,24416,-164,-9183,2554,31857,-776,-6148,10384,1553,7391,4004,3856087691
hunchback,-13788,-8844,6916,-2646,7148,26676,-10028,24892,-44,-11253,1669,32767,-664,-8140,11956,2495,5622,3687,448342928
hunchback,-16752,-11708,7876,3572,2909,27036,-15516,20396,-1876,-11155,-2171,32767,-1444,-9652,15460,3514,3811,1675,2975384914
hunchback,-15988,-15288,10268,5979,-822,28748,-17048,21092,-712,-8409,-4090,32767,-3596,-4380,15556,5388,2234,-992,1506137768
hunchback,-12052,-15128,12668,1746,-2176,27884,-19824,21084,1544,-4663,-4513,32767,-6268,120,15284,6251,1094,-2898,3258867334
hunchback,-11200,-17972,11652,-4040,-601,26503,-22520,19536,1868,1179,-5401,32767,-10424,6616,14832,6122,144,-2684,2733884362
hunchback,-11008,-22936,10572,-4308,557,26093,-28340,18952,-228,4407,-4262,32767,-10028,7204,16904,5787,-497,295,1732236975
hunchback,-12100,-28088,8748,-3080,-187,26939,-25680,19576,-3308,1855,353,32767,-124,8932,15888,6092,-1120,383,1310910477
hunchback,-13816,-31328,7188,797,-2062,26300,-24456,16376,-2384,-12,2058,30408,3448,10132,18088,5394,-249,-527,1886747446
hunchback,-12500,-32264,6648,384,-5671,23940,-25324,14872,-1284,-3098,3097,23713,-16,10816,18416,4287,702,-1104,3290759026
hunchback,-7808,-30024,5056,-1014,-4184,19709,-28672,9424,-4172,-6340,4084,20881,-2116,13696,18400,2446,2613,-793,1672507346
hunchback,-5120,-27968,2784,-2263,-2398,15330,-32768,3848,-3856,-8436,5390,17486,-5092,14916,21324,976,3687,128,448034947
hunchback,-2568,-28404,1120,-3699,-979,11387,-28368,4872,-6104,-10474,5128,11885,-6244,16528,23504,4,3913,1487,2572903400
hunchback,-2196,-28028,792,-3147,314,8275,-29980,1036,-7692,-6981,2270,7229,-6744,14960,22964,-1264,2470,2973,1896817145
hunchback,-912,-27352,664,-3283,266,4768,-27024,-1496,-7124,-1575,4803,3409,-4448,11664,19976,-2372,917,2483,2607595649
hunchback,-364,-26856,1104,-2302,-600,764,-32108,1064,-7232,-181,4544,-6857,-3808,8120,17444,-2861,-649,810,1805964763
hunchback,-2968,-20124,1940,-3258,-2400,-2325,-22924,-1616,-5804,3148,3761,-13198,-6452,5828,16908,-2657,-2151,-334,4225309782
hunchback,-156,-20008,1424,1712,784,-4999,-24852,-464,-6472,4575,1298,-16620,-6076,4444,13540,-2506,-4028,-707,3950333052
hunchback,896,-15424,-896,-8155,-1393,-6792,-21708,1152,-5084,4186,-852,-21846,-4060,2776,12148,-2750,-5076,-994,2380704225
hunchback,3568,-15956,-36,-6817,1639,-10470,-20556,1688,-1916,5264,-1710,-26758,-3832,2248,11624,-2709,-6819,-1101,2110517159
hunchback,1648,-15516,-952,-6875,510,-9528,-17640,3748,-200,4924,153,-31438,-2856,-824,10100,-2348,-7881,-1235,1462708785
hunchback,3472,-15324,-648,-5749,1974,-12111,-19416,4908,256,3606,1202,-32768,-108,-2784,8972,-366,-8130,-1330,1689685038
hunchback,800,-15620,1504,-7372,1678,-15774,-19856,6908,-1788,3985,1727,-32768,-96,-3912,6480,1083,-8125,-1373,2940087299
hunchback,4176,-18320,860,-4539,5152,-20134,-23740,11460,-1624,2647,-2328,-32768,-1608,-2724,4880,1470,-7283,-960,3966981258
hunchback,672,-20176,4284,-13624,3702,-20237,-18464,13112,-268,3383,-4964,-32768,-1272,-3444,5124,1464,-6752,-13,2694702473
hunchback,-3824,-23584,5268,-5317,3505,-24227,-18632,16632,-372,7300,-6504,-32768,-100,-2408,4976,887,-6510,1627,9543383
hunchback,-6392,-25656,5372,-4219,2007,-27910,-13976,10440,-21384,-1078,2743,-32768,3008,-3120,5260,-1033,-4286,2676,2041949390
hunchback,-10196,-30092,6852,4878,720,-31130,-21996,10032,7192,1190,-3556,-31707,5388,-1620,13008,-2075,-2398,2924,455949190
hunchback,-14124,-28172,8124,9571,-846,-32768,-15268,20776,1020,9273,-6164,-32768,7216,964,22564,602,-2270,3646,286073946
hunchback,-16916,-26448,8180,10311,-1986,-32768,-15396,21668,-2364,10672,-2255,-32768,8708,1988,20060,1844,-2096,3156,3470312946
hunchback,-20380,-22712,6928,6535,-3073,-32768,-15956,20288,-280,17176,-8792,-29478,6744,5204,21984,3489,-1310,2467,2699995897
hunchback,-24516,-21184,5172,4004,-3340,-29549,-12360,32767,4540,18206,-656,-30011,6344,9932,24456,4540,-807,2252,2051544323
hunchback,-31332,-17240,3416,3,-1796,-23082,-7536,32767,2140,7440,-2283,-23296,5340,16004,18332,2806,-1249,2218,4076459139
hunchback,-32564,-15336,928,-5539,-1604,-14436,-9876,32767,700,-8599,-3782,-22016,6388,15092,21648,-751,34,2136,3475473211
hunchback,-28568,-11800,-544,-7926,449,-11958,-4664,32767,1144,-17960,-1787,-12472,13752,16584,22372,-808,3400,-57,3545608922
hunchback,-32392,-11476,-1512,-7176,-3881,-6578,-7456,30828,1096,-13308,-3152,-5190,12532,17744,19152,-3257,4411,-1249,3586097374
hunchback,-22360,-13384,1624,12295,5677,-3849,-1732,29328,-2924,-4638,-3168,4372,4532,12728,16968,-5470,5217,-789,808157735
hunchback,-26808,-6120,-1100,11197,2144,504,336,30240,1288,-906,3541,12201,2664,5860,16180,-5058,6220,366,1104730919
hunchback,-18920,-7168,388,20987,5667,5759,-392,26228,3852,-278,8079,16065,2344,2872,12488,-4230,6764,978,4037510583
hunchback,-19820,-1148,352,16087,5486,12276,-3152,25720,464,-7546,2866,17555,2496,476,11040,-4064,7856,1062,3554482012
hunchback,-14392,-3196,1732,7760,3059,17645,2240,23020,56,-14771,5681,23261,756,-704,10192,-4368,8702,1631,3209411374
hunchback,-11728,-3940,3244,3598,4181,20402,-6872,19668,-2028,-13122,1176,27491,1500,-1192,11736,-3671,8804,2435,3155316887
hunchback,-9780,-5304,5008,-1145,3476,22729,-5828,19692,-420,-10793,1033,29657,1720,-3892,9992,-1545,8104,3688,2788544039
hunchback,-9712,-7460,6576,-4617,3518,24344,-8336,17464,48,-7235,-223,32767,1736,-4468,8300,75,7645,4103,2452499379
hunchback,-10216,-10120,8160,-3458,5210,25096,-9244,19480,2396,-2457,603,32767,632,-6204,10160,1252,6938,3811,511880814
hunchback,-12932,-13672,7668,-1736,2888,26128,-10900,20336,2656,-325,654,32767,-492,-7684,11724,3162,5506,2485,2648062375
hunchback,-11984,-15684,8864,-824,-278,26353,-13072,23408,3408,-2796,-903,32767,-2452,-6672,11748,4298,3935,748,1483848641
hunchback,-10676,-16712,8392,-1485,-1678,25677,-15492,21880,1820,-5229,-1512,32767,-4132,-2392,13384,4461,3256,-1065,1005247108
hunchback,-10984,-17156,7824,-4237,-3229,24610,-19936,16772,-1368,-200,-3752,32767,-8060,3676,16472,4283,2409,-2257,674650941
hunchback,-11184,-18880,7148,-3744,-3016,23843,-23124,16592,-1564,3581,-7290,32767,-9976,6520,20048,3569,1870,-2761,1850773812
hunchback,-12176,-20392,6532,-1504,-1625,23382,-18960,16116,-452,6848,-4842,32767,-11664,6328,19508,4813,1198,512,1830023748
hunchback,-13176,-24888,5724,687,-2542,24221,-29096,15736,-3160,9338,1175,32767,-2104,6988,16212,5839,1618,1582,1845860261
hunchback,-11672,-26304,6816,3265,-2733,23647,-32768,15356,-5404,8784,4719,24983,2088,9984,16368,5721,2107,-145,2199665349
hunchback,-11468,-26788,7396,2965,-3165,20537,-32768,15712,-7836,5613,5359,16079,-3708,13260,22424,4656,3208,-1055,412216162
hunchback,-10700,-27272,6948,-353,-3210,17640,-30532,14260,-6612,-5244,4831,8564,-8384,16500,23440,3154,1538,725,504191803
hunchback,-7708,-26312,4700,-5771,-3539,14939,-26156,9332,-4652,-17841,3601,4716,-10048,20140,20948,-241,-5,3345,3231594388
hunchback,-3648,-26396,716,-9481,-4121,11786,-25024,4852,-4580,-24838,2055,2519,-7128,19768,20768,-1109,-183,3686,636370846
hunchback,-656,-23728,1808,-8334,-4490,9053,-31008,-2488,-5112,-23371,3380,88,-8464,14672,18596,-2618,-1581,2312,3477965337
hunchback,-2208,-23192,3372,-5552,-3693,5501,-26404,-2380,-4700,-16059,3694,-9976,-5720,11916,18008,-4200,-2519,633,1444245108
hunchback,-6508,-29388,2492,13072,4746,5111,-26204,-3292,-4624,-4475,5436,-16881,-4696,9252,16796,-4716,-3590,-62,3167960473
hunchback,1304,-22572,1668,-4968,-4102,3427,-20328,-4712,-3548,7612,7336,-21019,-3320,6472,15560,-5789,-3322,-453,3896911293
hunchback,1372,-21384,3532,-11329,30,-8699,-24020,-3288,-2552,17448,3986,-25074,-3808,4728,14532,-5638,-4121,-495,41174649
hunchback,-244,-22728,440,-8114,2803,-6194,-23988,-640,-4852,19788,78,-25904,-3160,3376,11844,-4947,-4987,-305,102156597
hunchback,1500,-21708,-1216,-10977,2372,-10709,-25720,4868,-2188,16381,-1771,-30261,-1568,-104,9452,-3875,-5324,-1448,3841483405
hunchback,-1844,-24700,412,-4620,3089,-12082,-24264,10112,596,6536,-4044,-32768,-2696,-2000,8216,-3057,-6822,-1919,4183330078
hunchback,264,-22948,1968,1712,3973,-15630,-23716,14532,1728,-2797,-472,-32768,-2632,-1568,7212,-2776,-8073,-2585,71533151
hunchback,-2500,-20060,2904,-181,4555,-22097,-24176,12024,1032,-8200,1339,-32768,-2312,-2404,8180,-2384,-8498,-2719,3385176113
hunchback,-3376,-16500,2508,-6242,4516,-26314,-24828,10660,-1972,-5242,1098,-32768,-2432,-3576,8584,-1743,-9536,-2705,379983410
hunchback,-3260,-20060,1924,-6499,6101,-28927,-23300,12516,1200,-248,-1821,-32768,-1904,-4080,8132,-83,-9647,-2384,744065738
hunchback,-7444,-15820,3524,-8273,6367,-30360,-24000,21688,25224,6531,-9955,-28665,-1864,-3868,5928,975,-8944,-1847,945827367
hunchback,-4292,-19700,2824,-12336,7772,-31118,-17916,17560,10916,8797,2045,-32768,-964,-4828,6232,-259,-6053,-267,2516208981
hunchback,-10204,-21696,5892,35,7252,-32768,-19532,16696,3732,10939,-7515,-27157,1364,-8472,13320,-1797,-5437,1847,3524924625
hunchback,-13668,-19460,7732,3797,4244,-32768,-15344,25752,2788,15852,-2465,-32768,7592,-5116,20916,89,-3827,3638,2615696709
hunchback,-13904,-25244,9160,10234,2506,-32768,-5876,11656,-4376,14183,1229,-28201,11012,2324,23416,2993,-4545,1735,1616512886
hunchback,-20612,-23328,8800,9591,-63,-31853,-15536,19888,-936,22341,-3324,-30236,9440,4380,25216,4028,-4724,439,2146349788
hunchback,-26168,-21244,7720,2903,462,-26205,-9108,30568,-12,9812,-4394,-25486,11324,4696,21424,6632,-4470,2,4195118782
hunchback,-27400,-22416,5840,-4607,1371,-18603,-6332,32767,3476,3744,4864,-24334,9236,8444,18888,7308,-1413,-847,1386858092
hunchback,-26884,-18884,3832,-13199,1227,-12129,-11888,32767,6936,-13956,-2507,-18015,10036,16048,17956,5740,2429,-364,2685872258
hunchback,-23928,-21380,1308,-14966,948,-11305,-3036,32767,-524,-15998,5180,-8433,9588,22636,20660,2274,4200,-302,3466203887
hunchback,-26656,-25588,2192,-4899,-1300,-9940,-3028,26556,72,-14775,-1928,-1115,9348,19012,20432,-2098,4376,-821,1631346316
hunchback,-26356,-13436,1924,9760,1839,-9594,2060,27248,5124,-5431,3229,4815,4772,14136,23048,-4362,4015,-1046,745377300
hunchback,-27744,-11476,-1672,12366,830,-4239,-960,26340,992,8618,-358,10933,2400,9532,19388,-3673,4872,-1008,640255728
hunchback,-23836,-7964,-1536,18741,2993,365,3632,32572,5952,-1945,6264,16291,2348,4908,16600,-3294,6082,-839,3074411670
hunchback,-20784,-4192,-952,13703,1948,7647,-19484,18048,23028,-9654,11258,26018,3092,2400,15256,-2134,6574,-609,808519061
hunchback,-16724,-6240,912,10898,3763,12394,-6504,23672,1588,-17392,-139,28017,2416,1896,13760,-1211,6552,126,3787963164
hunchback,-14944,-5268,2276,7074,3764,16438,-12252,27756,2912,-16916,-1460,31152,2348,-1308,11040,-494,6562,692,2659060881
hunchback,-13556,-4608,3548,1490,4773,18540,-7424,22644,3560,-12638,-1320,32767,2348,-1896,9652,496,7426,1592,3208845726
hunchback,-13664,-8328,4068,728,5301,21164,-12824,24840,5676,-14117,417,32767,2188,-2916,7880,2118,8189,2419,2348051776
hunchback,-14104,-9920,5252,-624,3726,23535,-14832,20856,6280,-5125,-4464,32767,2284,-3784,6536,3918,9168,2581,1439352621
hunchback,-12584,-16068,7236,2656,2609,26442,-16512,24004,6492,-6101,-8309,32767,1688,-3704,5852,5010,8985,2880,2875205097
hunchback,-10944,-15860,9432,6394,2743,25164,-16484,22168,6532,-9277,-8865,32767,384,-4056,5192,5026,8022,3089,4147364663
hunchback,-10152,-17140,9604,8061,3440,23369,-19836,17188,3776,-6413,-10244,32767,948,-5504,7316,4232,6159,2140,2452333013
hunchback,-6500,-16176,8668,8969,3131,21102,-19668,13736,2332,-2412,-9132,32767,1036,-4292,9912,3492,4647,-632,2197825689
hunchback,-3820,-15056,7500,6975,1867,20791,-21128,10364,-252,615,-9934,32767,-1988,-1136,14852,3423,3656,-4539,1105129166
hunchback,-1216,-15296,6356,4131,1658,22231,-25024,11448,-1800,-1402,-8424,32767,-11184,6676,14784,4955,3081,-5922,3519848601
hunchback,-860,-17204,4496,2572,635,24101,-32768,4656,-2700,-1377,-4681,32767,-16840,10204,16500,4818,3302,-2091,163195033
hunchback,964,-20832,5012,-1387,-2310,24913,-32768,5824,-2684,-1211,1216,25578,-6056,11228,16988,4180,4061,15,2321469690
hunchback,3736,-26788,7256,-1556,-343,24963,-32768,7652,-6440,-2984,3973,15387,-8468,13852,23160,3036,1237,1738,1331393267
hunchback,2948,-30996,8148,-225,-332,19208,-32768,5488,-9472,-4503,2836,7699,-4712,16296,20528,2187,-262,2138,570484033
hunchback,1308,-32044,6668,-1992,-2084,12696,-32768,3728,-8888,-8543,2916,3191,-8196,15892,23444,-1069,-1543,1399,1548644104
hunchback,3364,-32768,4916,-3709,-4114,6868,-32768,2628,-7148,-13989,956,944,-11304,16236,25796,-2502,-3363,323,1942297527
hunchback,4272,-32140,2536,-5448,-6219,2623,-32768,-876,-5844,-12602,2837,-215,-10204,13780,22636,-3495,-5631,787,3718880297
hunchback,6588,-31000,964,-8707,-6331,-2350,-30892,2856,-4420,-9300,2359,-10437,-6284,13196,21584,-4521,-7934,730,3936843593
hunchback,5048,-29404,192,-9664,-5538,-7483,-26112,-4092,-4104,2262,4360,-11985,-3868,9916,20048,-5529,-7784,1061,685313861
hunchback,4104,-28208,1816,-3259,-3016,-12240,-23436,340,-4124,13440,5946,-19274,-100,6920,17368,-5985,-7569,791,127992903
hunchback,2076,-25280,1840,2597,-1982,-14221,-23484,-1324,-4392,24355,6285,-23024,1024,4352,16204,-5655,-6741,-65,1884386654
hunchback,1108,-21684,1332,3299,-808,-16974,-22756,5316,-2528,28842,4216,-29410,-1320,2536,14780,-5133,-6839,-764,353366948
hunchback,-2492,-23316,2000,1866,-443,-17374,-22712,11652,544,21297,-168,-32768,-848,140,13264,-4577,-7217,-1345,3312715873
hunchback,-5700,-19936,3044,-5907,7,-20028,-22504,19348,2720,7974,-877,-32768,-1788,-996,10892,-3401,-7812,-2017,487468034
hunchback,368,-32768,1244,-11154,4130,-18028,-20040,18684,2284,-5983,652,-32768,-3284,-2776,9356,-2812,-8509,-1603,3593316047
hunchback,-6528,-15992,3332,-27152,1426,-22047,-19476,16532,2076,-11368,-404,-32768,-364,-1212,7132,-1848,-8530,-1689,2227498297
hunchback,-6912,-28864,6200,-27853,6677,-23613,-16508,15836,2196,-4352,-155,-32768,-1704,-3652,6848,-1021,-7768,-1636,2627959938
hunchback,-11136,-23352,5892,-14534,5453,-24875,-14236,23748,6844,10654,8218,-32768,1876,-4120,5564,-611,-8690,-1831,3403740106
hunchback,-13392,-28060,7856,4140,5927,-28015,-6992,13116,1264,23200,-1925,-25783,3476,-4860,7760,-13,-7709,-2080,4000148233
hunchback,-18796,-24020,6476,16575,4103,-27359,-10948,20496,-148,31503,-3660,-23047,4500,-5196,7580,649,-7939,-2379,2724067843
hunchback,-20676,-21528,7428,21726,2610,-28774,-12032,23380,1640,21965,-9315,-25167,3868,-4680,11044,1722,-5459,-1435,1483924981
hunchback,-23552,-15124,6388,13797,-1074,-28585,-7712,21300,1732,12894,-13935,-23940,8116,-1476,14792,3229,-4101,-1464,1732321452
hunchback,-21820,-13588,5512,2207,-3621,-26993,-3616,22172,-1096,1812,-7558,-20888,8828,1968,19396,4784,-2382,-2033,1199965338
hunchback,-22320,-13752,5988,-6836,-2232,-26041,-4228,20020,812,1225,-4455,-16490,9080,3828,18448,6156,-1979,-1953,3142417351
hunchback,-25768,-12428,5464,-5882,680,-22079,332,19556,1076,6126,-5991,-12895,7860,8552,19032,5051,-3642,-972,3000148041
hunchback,-25124,-11840,2820,-4769,-33,-17861,-1280,26696,-128,12939,-2024,-11657,17680,9008,26336,6652,656,-1271,1629199590
hunchback,-27684,-10336,3272,-2040,-457,-11501,1900,29456,-2476,3653,-3039,-7882,10588,13144,19376,8299,1828,-2739,1818927289
hunchback,-18864,-15224,1272,4823,-915,-3707,-2056,32044,-1224,-5058,-2114,-3539,8124,16944,15892,3222,2985,-2786,4287856456
hunchback,-21272,-8808,1040,3987,-3832,1054,-3956,31388,-1336,-10109,164,1410,8504,18456,20000,1127,4246,-1817,1822628298
hunchback,-16724,-8588,1456,3791,-1328,5034,-4416,31968,380,-10193,242,6638,10140,17900,16568,-458,5819,-1214,2595856720
hunchback,-15668,-9636,1652,10722,5139,8588,-4924,30764,960,-8290,3981,14913,7864,13108,14420,-2289,7740,-866,1238398623
hunchback,-15236,-11800,412,9676,5065,14364,-6056,28928,1660,-6258,6596,19228,5372,8728,13336,-3176,9183,-286,4274017465
hunchback,-14624,-13252,1432,9753,6351,19808,-7280,27456,2104,-7827,3767,23675,3968,5200,12484,-3637,10403,3,321561664
hunchback,-13964,-13188,2468,8287,7265,23502,-6168,26764,3140,-14403,6113,26772,2512,2564,11708,-3834,11391,428,4106669628
hunchback,-13188,-16124,4560,5410,6638,26535,-9828,23312,1676,-16443,1991,29768,1224,1076,11088,-4213,11542,1027,2391627083
hunchback,-12020,-14864,6484,1350,6675,26934,-11200,22044,3336,-16347,-1330,31404,1008,-1416,11480,-3688,11143,1570,3692897019
hunchback,-11656,-19300,8464,-800,6309,27515,-12784,18512,4948,-13514,-3910,32767,748,-1572,10840,-2552,10069,2073,739377784
hunchback,-9024,-20172,10180,173,7458,25818,-13408,17452,6480,-7511,-3955,32767,-1212,-3604,8980,-886,8847,2161,1318290606
hunchback,-8644,-20288,10096,-1928,6441,23772,-14428,16272,6096,-906,-3584,32767,-1556,-4080,7792,363,6975,2011,2842431610
hunchback,-6536,-21704,9452,-3406,3063,22108,-17288,15840,5220,5732,-3097,32767,-2620,-4456,8948,623,5668,1463,233475033
hunchback,-3844,-21576,8976,-1298,-260,20687,-20036,14960,4220,13160,-2154,32767,-3312,-5380,12824,931,3734,478,3871178308
hunchback,-384,-19552,7620,570,-2457,20264,-23596,16664,3572,14126,-2533,32767,-5196,-5004,15948,2041,2899,-854,125390889
hunchback,1848,-19268,6716,2383,-2404,20156,-24912,16616,2564,5533,-537,28898,-7548,80,17392,4302,3004,-2040,3341790771
hunchback,3732,-19932,5748,-1101,-4238,20033,-26392,13984,936,-4199,32,25403,-11044,7588,17252,5107,3366,-1525,160590799
hunchback,5560,-23812,5468,-1998,-2759,18887,-32768,8312,-2312,-12683,-1045,23079,-12644,9956,19376,5997,2230,1642,1622342045
hunchback,6060,-25696,5264,-5297,-2586,17025,-32768,4460,-4736,-14490,-1845,17626,-6584,6012,20368,6444,1472,4292,3252959642
hunchback,6132,-27152,4656,-8490,-3015,14458,-32768,3228,-5140,-11740,-112,11833,-2208,13740,21044,6382,-47,2701,2656614095
hunchback,4416,-27104,3956,-8679,-4390,8696,-32768,804,-5596,-5476,2057,6875,-5408,18112,21868,4998,-895,1565,3533095543
hunchback,4592,-30268,3068,-5240,-4428,4314,-29848,-308,-6052,-696,4160,2904,-9552,20324,21908,2532,-2327,1595,2982760527
hunchback,4456,-26500,2412,-2544,-3952,-623,-28524,1956,-3548,1076,4112,-1667,-10500,20660,20268,199,-4045,2474,3688093334
hunchback,4680,-27752,2176,-1243,-4283,-2243,-25980,4080,-1632,-554,1839,-7596,-5984,18032,20508,-1261,-5351,2607,3892676290
hunchback,3904,-24576,3444,-3307,-2200,-6232,-21660,2112,-1904,435,1523,-8861,-1972,12944,16828,-2705,-6606,1578,1389877522
hunchback,1436,-26124,3724,-1838,314,-8291,-21480,4244,208,2824,642,-13535,-4,9212,16616,-3078,-6013,735,219594367
hunchback,-88,-23760,2744,-377,2283,-11202,-21040,4376,588,4964,3889,-19673,-968,7336,14144,-3322,-6219,598,2512496335
hunchback,-2884,-21444,3708,-339,1581,-14748,-18420,5420,156,8768,2596,-23895,-1388,3988,13508,-3191,-5330,245,1465842274
hunchback,548,-26196,7368,-2056,1098,-17435,-19112,10224,1924,7835,3727,-26456,-1024,3304,10632,-3259,-6228,-741,3379423452
hunchback,-6200,-20028,20112,2741,6056,-17596,-18204,13556,2236,3427,2175,-27891,-2184,1464,12964,-2932,-5674,-884,1521228609
hunchback,-5316,-23104,7720,-13463,3166,-14587,-17288,15004,3368,-1238,1325,-28187,-2048,760,10912,-2488,-7249,-1651,999750535
hunchback,-5308,-21324,7808,-12658,4558,-19055,-16176,15256,4192,-3326,257,-28553,-2488,-1744,10052,-1771,-7709,-2011,1658634370
hunchback,-7936,-21044,5532,-15875,4807,-19891,-13604,14404,5344,-2207,359,-27440,-3540,-3144,8744,-342,-8163,-1694,3757452014
hunchback,-8928,-21980,6360,-6916,5262,-24069,-13156,13428,5308,605,1391,-25813,-948,-2008,6584,298,-7953,-1775,1180686803
hunchback,-10484,-22712,5312,5135,2792,-25779,-7368,18664,7980,5294,8878,-30377,-1664,-2324,7080,684,-7119,-903,3745458763
hunchback,-11808,-22800,7488,15854,2387,-27027,-6748,14624,2456,6998,-2597,-21332,972,-1880,5376,703,-6691,694,3575568516
hunchback,-13396,-20964,8016,18787,457,-27039,-10516,14156,2624,10202,-4275,-18383,4048,-3044,6120,-261,-5747,1303,1375973467
hunchback,-16504,-15520,8640,14773,-189,-27601,-6176,15452,3312,10178,-5327,-19575,5840,-2288,9964,359,-5276,1676,19901078
hunchback,-17760,-14724,7964,7768,-231,-26441,-4696,14972,1372,12715,-6294,-18818,6316,-36,17056,1759,-4424,1563,4032516457
hunchback,-18304,-11320,6252,-1486,-68,-24227,-1356,18660,-292,12640,-3312,-19701,7812,3952,18140,3488,-4079,1156,2328101181
hunchback,-18824,-9508,4884,-9922,-688,-20931,-2556,15284,3352,4551,-3985,-16512,11552,4320,20312,4797,-1208,329,2026740676
hunchback,-23704,-11616,6032,-13658,-4752,-16203,-432,22556,-228,7207,-796,-17461,12128,9348,18512,6774,-290,-1110,3244897615
hunchback,-23188,-20232,4696,-1271,224,-9594,-1232,28728,-244,5221,-3756,-13133,9672,17384,19256,5322,1460,-1225,1085697198
hunchback,-24356,-13820,3608,3043,-2772,-6794,-624,32708,-192,3850,-4284,-9335,9812,20016,21840,3392,2648,-31,3485743000
hunchback,-21508,-14032,1968,7328,-1658,-1175,-1020,32767,2056,-733,-577,-3793,10888,18736,20208,968,3774,-293,4231654292
hunchback,-19816,-11520,1760,14170,2983,1390,-1584,32767,1020,-2981,2656,1377,10164,19504,20128,-561,4953,-1386,3064974319
hunchback,-19344,-9280,-756,6236,-273,7157,-4792,32767,-220,-5297,3411,7496,7048,17712,17312,-2128,6006,-2109,3768150192
hunchback,-14880,-9408,116,2163,1142,11460,-4708,31316,1356,-8230,5054,13945,4148,14304,15740,-4203,6438,-2078,99110864
hunchback,-15000,-10808,200,650,3286,16372,-7756,28324,4084,-9993,5195,16947,2904,9972,15048,-5299,6815,-1868,1043019952
hunchback,-13596,-11912,1208,-1006,4004,21656,-5904,25116,1904,-10769,5687,20466,1996,6840,13540,-5724,6849,-1613,3708718154
hunchback,-11708,-13636,2952,-1938,6001,25334,-9252,23796,3584,-8701,4474,22462,1248,4396,12220,-5813,7145,-1165,143761941
hunchback,-11868,-15072,3832,-3043,7758,27789,-8816,22700,4136,-5543,2026,23990,984,2404,10016,-5744,7542,-556,2631754437
hunchback,-11696,-18228,4148,-4848,7341,29048,-10664,21136,4016,-3258,-166,26465,80,456,9332,-5674,7684,226,2438345997
hunchback,-12208,-20120,4732,-6262,5646,28466,-11508,20228,4816,-3643,-2336,28658,276,-2836,9120,-4701,7360,568,1134357541
hunchback,-10828,-24368,6692,-5764,1844,26390,-14000,17252,4992,-4286,-3027,31601,100,-3168,8480,-3424,6128,712,3826197447
hunchback,-8048,-25264,7860,-3707,215,24370,-13084,14840,4840,-1215,-2488,32767,-544,-4440,8716,-1974,5629,541,2694545059
hunchback,-5100,-22524,7816,-2677,208,21475,-17092,13836,4436,2755,-5815,32767,-248,-5184,8088,-850,4668,366,200168432
hunchback,-3308,-21136,5952,-2539,59,18957,-17756,13624,3832,2047,-4587,30364,-940,-6076,8492,-1121,4113,-533,3899425081
hunchback,-2380,-20412,5112,-1602,-214,17511,-17772,11404,3148,-919,-3235,27921,-3324,-7564,13964,-2110,2201,-1987,886589513
hunchback,-424,-20380,4052,-321,-1720,16868,-18792,9864,2784,-2839,-560,26017,-6936,-6396,21452,1589,855,-2822,426376337
hunchback,3324,-19392,4044,1663,-1374,14908,-25812,7640,1252,-4651,189,23500,-10188,2544,17980,6413,2289,-1940,3567025572
hunchback,4732,-21248,4532,1875,-1147,13865,-32768,5328,-1376,-4609,1703,20039,-9220,9024,15236,5519,2856,-213,1344896347
hunchback,5956,-22920,5892,-1981,-1248,13353,-32768,5532,-3928,-4731,2988,13563,-7748,12192,20628,5024,1546,1597,177571718
hunchback,6384,-26596,5444,-5317,-1707,11250,-32768,5004,-5804,-4997,73,7888,-8800,7532,22436,5174,445,4801,2161913552
hunchback,4200,-27284,4980,-4291,-3366,7334,-32768,844,-4344,-2226,79,6382,-3732,15480,22268,4030,-1479,4266,1032294808
hunchback,4648,-30112,3820,-2236,-4454,2762,-32768,1644,-3116,-995,2050,2581,-6864,21928,22604,2036,-2597,2564,4166879883
hunchback,4632,-27988,3080,-1812,-5150,-1382,-26332,-168,-1812,-935,1594,-117,-8748,20972,20388,-1098,-4176,1971,4217121343
hunchback,4268,-27680,2460,-1925,-4811,-4255,-24348,1012,-2272,1712,2505,-3643,-5104,16728,20568,-3260,-6062,1438,36902679
hunchback,3796,-26740,2904,-1649,-3683,-7324,-23472,2392,-1664,3040,3250,-9166,-2556,12780,18472,-4483,-6773,376,70562158
hunchback,1700,-27880,3320,32,-1291,-8915,-21968,3728,-1852,4308,2485,-16549,-1032,9336,17360,-5021,-5651,38,103090519
hunchback,308,-23008,2756,-424,723,-10844,-21212,5192,-684,6452,3474,-23701,-2512,6196,14232,-5092,-6191,69,1267776342
hunchback,-5948,-17660,4972,-5038,464,-12841,-18532,7144,1096,8629,4669,-28266,-2496,3936,14608,-5248,-5849,499,3298242572
hunchback,-9712,-15972,11748,3381,2396,-16603,-18320,10932,2612,5868,3415,-31789,452,2136,12020,-4636,-5896,184,3888057148
hunchback,-3908,-22952,1840,-15041,2608,-14495,-18612,14052,2912,754,1417,-32768,104,352,11124,-4488,-5662,-973,3577544991
hunchback,-8168,-28508,4068,-3241,3772,-15162,-16892,16552,3764,-2674,1019,-32768,-2316,-968,10836,-3587,-6078,-1017,2095188699
hunchback,-6460,-19516,5844,-4906,4554,-18738,-17096,17604,3836,-2589,-4,-32768,-1052,-1696,8692,-2903,-6557,-1143,360396731
hunchback,-10364,-26288,5380,3281,6662,-20810,-15752,17332,2916,-44,-519,-31095,-1704,-3056,7924,-1829,-7231,-1260,2700827011
hunchback,-11508,-18928,6220,9558,7683,-23124,-18948,11468,1356,-487,-5185,-22167,-624,-4764,7908,-188,-6763,-792,1956770052
hunchback,-13900,-18456,5272,10637,5594,-24394,-17160,19712,1368,2741,-1178,-26024,1552,-5572,6836,381,-7279,-1396,2331720837
hunchback,-16128,-18984,7092,10877,1847,-26432,-7132,17400,2468,4719,-2594,-20933,2428,-6564,8176,680,-7251,-1693,3128065728
hunchback,-18576,-17144,6676,6942,-2107,-25258,-7872,14436,412,6436,-5080,-15152,2456,-5040,9648,1576,-7027,-598,3372586247
hunchback,-17220,-14760,7036,3273,-3009,-24732,-6072,18444,1612,7408,-2959,-18962,5984,-2432,12584,2280,-4789,1042,1379768839
hunchback,-18680,-14664,6340,-857,-3127,-23822,-2784,15856,1436,10544,-3948,-16955,9280,1288,17756,3594,-2775,818,1403403334
hunchback,-19676,-13104,5580,-2149,-3348,-21374,-2880,18388,-440,13796,-7021,-14829,15248,6700,17688,3506,-1565,1215,3767098864
hunchback,-19392,-14080,2664,-5509,-60,-17418,1696,24196,2416,10822,-4831,-15484,16664,6192,24928,7645,656,-151,1007664661
hunchback,-18164,-17988,1148,-6543,-5399,-10478,5928,27008,1852,3476,-1951,-10471,10184,12492,19460,7426,1396,-1893,2736442985
hunchback,-21832,-12564,1044,19,-4214,-8253,1232,30404,2740,-907,-2030,-6993,7524,19384,19492,5249,2750,-1951,353742734
hunchback,-19932,-11432,880,1396,-3329,-3136,-240,31392,1112,-619,225,-1879,5408,19356,20068,1727,3613,-1897,1667183912
hunchback,-18368,-13652,1252,4950,-31,704,-3080,32767,1416,554,-622,3789,8224,17488,20992,-521,3863,-1919,3106986161
hunchback,-16868,-12244,1056,5223,1539,5364,-2208,32767,2296,-379,867,9097,8580,15000,20252,-2305,4079,-2397,2450787686
hunchback,-16576,-12528,468,3039,1994,10149,-5788,32767,3788,-2495,2621,14005,7064,11252,18860,-3053,4661,-2473,489499793
hunchback,-14392,-13200,1420,4541,4499,13721,-5484,32340,5284,-6170,4059,20114,5076,9264,16516,-3983,5612,-1947,2316807534
hunchback,-14852,-13824,1816,3590,5097,17437,-7612,29948,4540,-10954,5734,25064,3952,7072,14552,-4235,6539,-1352,4227575050
hunchback,-13296,-15416,3476,2780,5704,20651,-11240,27912,4020,-15395,4780,27819,2896,4332,12592,-4502,7207,-617,801801753
hunchback,-12716,-16036,4872,-398,6434,23188,-13980,22992,3628,-13307,-2542,30331,2532,2404,11764,-4310,7669,260,959330772
hunchback,-11560,-16716,6004,-4874,6745,24614,-10648,19360,6248,-8936,-5762,31337,2412,292,9940,-4113,7869,981,2185504380
hunchback,-10684,-19388,6076,-6692,6283,25478,-8636,16268,6420,-2808,-4143,31793,1012,-2656,9404,-3457,7831,1330,2813318638
hunchback,-9176,-20716,5972,-6339,4437,25004,-9220,14244,5656,1674,-3041,31530,800,-4608,8332,-1996,8084,1647,2375648014
hunchback,-7728,-22336,5832,-3133,2064,22855,-11732,11652,6332,7073,-2368,31757,1764,-4976,7448,-2,8176,1591,2242030980
hunchback,-4332,-22780,7532,2117,483,20307,-13636,12788,7336,4943,-955,29276,-356,-4412,6044,2092,8376,1725,1992367836
hunchback,-1992,-21908,8104,6739,656,18195,-15436,12392,5060,-4158,-251,27510,-212,-5392,5400,2710,8193,1960,3702837086
hunchback,-188,-18928,8108,6963,730,15444,-16824,10380,3564,-10280,-1817,25961,-828,-6732,7712,2539,7020,1542,1205054222
hunchback,976,-17892,7456,3812,-292,13730,-22168,9484,2576,-12257,-3734,22927,-4680,-7796,10660,2811,5051,-422,1218952451
hunchback,3096,-18380,6956,3000,-918,12440,-26084,8144,-456,-8876,-3218,18592,-6756,-1668,14232,4137,3985,-1492,3824936647
hunchback,4904,-17392,4564,1277,-3582,11447,-32768,6820,-652,-2279,-2672,14206,-9656,5388,19624,5722,4169,-1371,1254320275
hunchback,7356,-20604,3912,3581,-5613,10421,-24628,4596,308,3823,2186,12160,-12640,10564,21868,7092,2698,616,1708878806
hunchback,10392,-21100,3636,3666,-6379,8878,-32768,3952,-2996,3192,2935,12584,-12336,10484,21092,6149,511,4614,3998470590
hunchback,10784,-22240,3112,-1843,-6363,7558,-32768,4972,-5684,-3545,3465,7006,-4628,12984,22144,5904,-1766,3957,2563469847
hunchback,9840,-23728,2128,-9628,-5764,5190,-32768,1524,-6620,-2686,1367,4064,-8308,19200,23984,5048,-2880,2574,3838992242
hunchback,8016,-25980,488,-11807,-5307,2183,-31912,2108,-5100,2292,2549,-201,-8688,22536,22680,2121,-4336,2252,3211660774
hunchback,5720,-27892,-1516,-9635,-5191,-2500,-31284,1896,-4424,5375,2667,-3962,-5404,22388,22096,-1391,-5726,1808,398704493
hunchback,5304,-27992,-640,-6646,-4865,-7297,-26916,3952,-3352,5858,2908,-8774,-3520,19896,20668,-3841,-6979,1203,1645988252
hunchback,4756,-27756,120,-313,-3388,-9729,-25444,5288,-2072,2361,4557,-13096,-2360,13604,19292,-5333,-7130,1007,1471454645
hunchback,4548,-22340,1880,255,-1420,-11957,-24088,4976,-1708,460,5194,-17947,-892,9060,16268,-6014,-6464,628,3822510296
hunchback,3120,-24944,2684,-2875,2156,-11876,-23372,5856,252,-1334,5604,-23013,-1292,6220,15260,-5650,-6008,366,3999871614
hunchback,-628,-24896,4116,-6093,3877,-9204,-20064,9772,2396,-404,6010,-27550,-2772,3076,13656,-5997,-5746,3,782868983
hunchback,-4388,-29444,-7368,-8472,2738,-6469,-19820,9720,4052,1147,6484,-30964,60,1240,10988,-5843,-6747,-1143,295726261
hunchback,-28232,-6152,11980,-7555,-449,-17549,-21248,12072,3984,4614,5882,-32499,-2840,-1084,10580,-5331,-7094,-1468,2295289223
hunchback,-2616,-32768,4684,-12364,5554,-11646,-20024,13876,4016,7836,4825,-32768,-2600,-1324,9432,-4331,-7195,-1600,749602565
hunchback,-9680,-22972,7904,562,4693,-15012,-20892,18724,3840,10508,2546,-32768,-3188,-3348,6636,-3648,-8779,-1117,916519722
hunchback,-7800,-22860,5264,170,6134,-17577,-21612,16304,4988,3735,-4360,-28322,2628,-2380,7788,-1361,-7575,-1051,1378898737
hunchback,-13852,-23600,7348,5781,5480,-19429,-22964,25484,5256,-1419,508,-32359,2772,-3000,5184,460,-8359,-2224,3454346806
hunchback,-15444,-17808,8112,5127,8444,-20809,-16332,21336,15728,2282,-5893,-28498,-376,-4644,3092,989,-7940,-1944,1285607950
hunchback,-18976,-16132,5720,713,5048,-21956,-9044,19032,2220,5734,-2175,-25900,3100,-5180,2812,189,-6949,-1136,3772644018
hunchback,-16636,-14584,3332,-4896,-436,-22210,-8012,17112,2628,13621,-4014,-24085,6212,-4236,5184,-1502,-4329,-587,3731869112
hunchback,-16480,-13812,4256,-7054,-3603,-21929,-4300,16168,3748,22381,-6373,-19108,9636,-3384,13180,-2179,-2114,-921,4206819822
hunchback,-16196,-17024,5224,613,-3762,-19255,-1784,28352,2956,24794,-2771,-25303,6116,2816,22316,-346,-2774,-421,497735935
hunchback,-19608,-13180,5900,3135,-69,-19224,12416,24408,1032,6634,-2722,-17110,9716,368,20592,3103,-1743,-225,3751871206
hunchback,-17308,-16608,4352,1470,-117,-14502,2380,29948,2756,-165,-2865,-19323,9636,3140,20280,4612,-1119,-1007,3003025167
hunchback,-21788,-11628,88,2527,-2966,-12441,7464,32176,2732,-3116,-2346,-14314,6492,9400,23136,5569,1390,-880,2199130867
hunchback,-24224,-11420,1460,-757,-2727,-7776,5432,32767,5436,-2852,-2081,-8004,7172,12200,22396,4576,3039,-124,2656507456
hunchback,-19800,-13464,2268,1909,-1698,-3303,3560,32767,5612,-1480,1844,1122,8196,11136,24352,3120,3536,362,4184070669
hunchback,-19768,-14876,2356,9255,412,-134,-1152,32767,2696,-870,-4218,8882,9296,12956,24772,2796,3083,208,872030526
hunchback,-18516,-14840,1408,15857,3165,4476,12,32767,2116,-6278,245,20220,8848,13764,22156,2053,3611,-1026,3829268720
hunchback,-17740,-13212,436,13641,2220,8238,-9236,32767,2340,-8008,-546,22684,7816,15328,18764,538,4626,-1927,3928131774
hunchback,-15492,-13824,1304,10395,3751,11899,-7248,30552,3924,-14494,2260,26293,5780,13036,18092,-790,5530,-2305,587440338
hunchback,-15012,-13996,2104,3561,4623,16095,-10808,26044,4368,-15360,1554,28981,3956,8956,15668,-1726,5574,-2208,3278955523
hunchback,-12588,-14612,3704,147,8229,18688,-11352,24040,4276,-14994,1033,30118,2812,5656,14140,-2248,5458,-1897,3674568425
hunchback,-13016,-16648,4904,-6784,7727,21261,-15920,20668,3892,-10222,-2712,31748,2472,2548,13196,-2200,5865,-1617,3172638375
hunchback,-10724,-21996,6308,-5570,6312,23364,-16240,19416,3580,-3676,-5401,30937,2228,-200,12592,-1601,6042,-1479,4249807052
hunchback,-9784,-23560,6940,547,5713,24360,-15448,15500,4388,3348,-6326,30696,872,-1016,11256,-1073,5987,-843,3740463020
hunchback,-7628,-21728,6372,2324,3711,23948,-14232,13464,5712,7630,-5615,29714,476,-2092,11208,277,6010,55,3269796163
hunchback,-7096,-20824,6200,1088,2274,22355,-17256,11440,7556,9088,-3089,27700,1348,-3352,8404,2379,6501,538,2045680878
hunchback,-4852,-21164,6980,-3477,831,20968,-18212,12884,6908,4987,-1134,21692,-212,-2128,5860,3635,6371,1421,694813483
hunchback,-3900,-22304,7172,-5072,647,19433,-18300,12272,3208,-2637,-313,17280,-1880,-1548,5664,3976,5617,2963,1887047877
hunchback,-3652,-21020,6216,-4274,-566,17656,-19200,10924,1892,-7061,3,16806,144,-5244,9912,4349,4326,3228,887651725
hunchback,-1592,-19804,5376,-1938,-3172,14128,-25712,9744,1960,-8804,-903,18132,-436,-4392,11300,4762,2662,1874,3274558814
hunchback,96,-20200,4092,5342,-1548,12189,-31372,7496,168,-6566,-710,16436,-4252,-552,14264,4371,1935,-341,585387264
hunchback,3272,-17392,3712,5624,-3206,11242,-27212,9196,-5336,-2315,1046,13068,-10012,4136,18980,6621,2637,-1517,3167844113
hunchback,5648,-17440,3504,4634,-3047,11620,-31184,6008,-2692,1450,-740,12795,-13248,11492,19256,8736,2470,890,2756136545
hunchback,7236,-18760,3568,-672,-2625,11482,-32752,1444,-2344,2567,4566,13269,-10060,6580,18288,8647,10,6385,3057552611
hunchback,7696,-21656,3572,-4147,-2367,10269,-32768,2336,-4536,1275,6745,9627,192,8580,17884,8275,-2263,5638,1034601607
hunchback,6804,-23168,4288,-4632,-3043,8204,-32284,748,-4700,-1390,6024,8846,-2460,15096,20000,7736,-1592,2774,2760650425
hunchback,8032,-24932,2840,-3968,-4486,4536,-30412,212,-4992,-812,801,7432,-4320,22744,21056,6284,-2188,1785,2581733302
hunchback,6164,-26316,3008,-2319,-5523,728,-26112,904,-3636,112,163,2041,-3492,27640,19312,2609,-2833,1840,3343651164
