idle,-15196,-4188,368,-112,-7,76,-14580,3416,-348,56,16,73,1668,15300,136,81,42,-4,3891287573
idle,-15228,-4392,524,-154,-56,-1,-14548,3412,-464,80,-12,43,1560,15472,172,81,61,-23,3913788057
idle,-15224,-4292,232,-136,-45,-3,-14612,3356,-464,79,-11,51,1624,15372,220,74,39,-8,4071768287
idle,-15172,-4184,400,-87,-47,-19,-14540,3364,-484,57,16,45,1472,15332,264,30,58,-18,3675197419
idle,-15132,-4240,308,-64,-20,-5,-14596,3460,-444,52,39,55,1620,15324,320,37,67,-7,3249909642
idle,-15252,-4164,412,-82,-2,20,-14492,3420,-412,62,100,25,1556,15188,348,52,83,-1,4152339178
idle,-15152,-4176,468,-157,-43,3,-14588,3520,-400,60,62,3,1476,15360,376,20,65,1,2189321007
idle,-15136,-4268,436,-230,-51,12,-14436,3396,-380,31,35,-2,1536,15328,284,17,63,12,2610364721
idle,-15080,-4192,428,-206,-53,25,-14612,3480,-360,7,45,-16,1556,15316,272,17,52,13,2993786651
idle,-15156,-4252,328,-115,-23,23,-14624,3524,-260,2,14,-8,1468,15224,296,41,55,12,4037980239
idle,-15188,-4240,156,-58,2,-3,-14536,3432,-556,-16,-11,8,1452,15340,212,43,56,18,1246302981
idle,-15176,-4288,332,-24,-18,34,-14620,3388,-304,55,-1,31,1524,15236,268,36,32,-7,1266000916
idle,-15224,-4200,412,-68,11,34,-14428,3344,-424,119,11,22,1512,15412,280,37,7,-2,2164740249
idle,-15144,-4208,484,-80,2,21,-14604,3476,-432,198,10,40,1564,15340,200,25,32,-11,1851042262
idle,-15132,-4264,388,-65,-1,33,-14476,3416,-328,247,-3,61,1592,15156,276,39,27,-5,2261790923
idle,-15092,-4256,404,-2,2,50,-14656,3348,-384,273,0,69,1592,15284,152,19,20,-1,3295856172
idle,-15200,-4312,604,-10,18,48,-14536,3484,-480,270,-22,49,1548,15252,312,4,-24,-7,3787812717
idle,-15288,-4320,480,-92,-14,39,-14564,3468,-476,245,10,62,1520,15328,260,39,-29,-18,2794191446
idle,-15268,-4280,508,-105,-50,64,-14492,3544,-336,225,-1,71,1444,15268,348,65,-6,6,3752895846
idle,-15184,-4256,484,-26,-13,43,-14536,3440,-336,240,40,119,1456,15308,184,16,-13,-36,3984105461
idle,-15312,-4244,312,48,2,56,-14524,3376,-424,276,5,91,1496,15320,180,25,-102,-49,3652009928
idle,-15208,-4300,404,47,5,45,-14580,3468,-480,294,-44,42,1564,15260,100,40,-102,-66,4024307536
idle,-15244,-4216,560,86,8,-6,-14532,3392,-428,264,-46,13,1580,15220,196,54,-64,-2,4200475716
idle,-15224,-4188,452,27,-53,-15,-14500,3416,-396,226,-11,5,1528,15296,200,78,-23,36,2127900377
idle,-15128,-4116,712,-97,-30,0,-14428,3420,-328,240,-9,3,1556,15268,260,96,-17,18,843631368
idle,-15116,-4300,516,-84,-11,3,-14416,3476,-300,262,15,76,1504,15252,212,103,-47,-27,3137296902
idle,-15084,-4208,576,41,-8,30,-14532,3472,-384,248,3,68,1636,15264,292,74,-61,-3,499284589
idle,-15228,-4168,544,36,-34,30,-14584,3472,-284,241,-23,76,1636,15348,264,105,-37,-10,1334817601
idle,-15212,-4236,376,-53,-50,41,-14608,3568,-504,234,-44,56,1468,15296,128,85,-44,-22,3895954835
idle,-15264,-4420,380,-48,-67,37,-14628,3500,-428,241,-43,62,1460,15380,404,88,-44,14,351753322
idle,-15212,-4256,360,45,-88,47,-14580,3520,-364,229,-49,89,1508,15212,192,133,-16,2,993468015
idle,-15196,-4288,368,96,-44,-5,-14492,3500,-460,241,-29,101,1508,15288,12,100,-14,1,896025564
idle,-15176,-4268,280,160,-48,4,-14432,3528,-280,285,4,138,1324,15468,152,70,9,-12,3669345818
idle,-15100,-4152,416,95,-41,-11,-14496,3556,-424,335,3,151,1496,15500,136,9,-15,-9,627525309
idle,-15100,-4200,464,21,-21,-14,-14628,3500,-200,275,-33,88,1556,15368,136,-4,-41,20,1206915021
idle,-15140,-4132,440,5,25,24,-14584,3660,-448,174,-39,70,1576,15360,84,-43,-39,21,1333279879
idle,-15232,-4184,548,-71,43,34,-14676,3512,-516,101,-54,25,1532,15344,160,-75,-2,37,736816166
idle,-15236,-4148,444,-162,21,40,-14424,3576,-236,1,-39,-27,1456,15292,324,-54,6,64,1479009105
idle,-15116,-4224,468,-149,16,81,-14588,3548,-352,-47,-34,-31,1468,15320,256,-25,-28,56,3963227558
idle,-15216,-4276,508,-28,8,94,-14520,3472,-480,-80,10,-40,1500,15136,144,44,0,48,3105504383
idle,-15172,-4248,568,-33,41,73,-14588,3424,-432,-72,26,-65,1516,15144,196,41,8,35,2830430583
idle,-15128,-4324,428,-84,83,11,-14512,3524,-388,-58,-1,-50,1596,15384,268,66,-6,59,2650419443
idle,-15180,-4324,392,-111,37,-3,-14532,3536,-324,-94,-12,-73,1464,15308,260,42,-31,93,2360336148
idle,-15132,-4380,364,-137,-17,-43,-14564,3452,-404,-112,-41,-93,1488,15364,180,72,-38,100,3387345897
idle,-15184,-4296,312,-145,-10,-59,-14580,3496,-332,-108,-64,-81,1512,15308,232,89,-30,119,1145763153
idle,-15124,-4228,472,-112,15,-70,-14608,3608,-496,-82,-78,-103,1516,15176,276,110,-73,90,3553908493
idle,-15096,-4212,568,-68,8,-43,-14544,3480,-312,-31,-57,-80,1512,15156,256,122,-92,67,9475575
idle,-15064,-4296,432,-25,27,-12,-14376,3484,-296,-31,-38,-24,1540,15240,372,138,-86,61,1083114291
idle,-15244,-4372,492,-31,3,1,-14564,3496,-172,22,-50,40,1624,15140,144,186,-94,108,4190845873
idle,-15236,-4328,528,49,-34,15,-14540,3440,-256,95,-86,124,1632,15308,132,138,-144,68,2116632041
idle,-15248,-4496,596,183,-34,3,-14512,3432,-292,247,-126,113,1664,15312,276,158,-130,6,2336326029
idle,-15220,-4448,336,266,-57,-28,-14416,3472,-356,368,-96,161,1692,15236,136,161,-100,-16,1961292934
idle,-15200,-4392,468,391,-83,4,-14460,3428,-476,444,-86,167,1648,15240,16,138,-109,-38,3295855804
idle,-15208,-4300,672,468,-96,26,-14496,3472,-436,473,-19,212,1632,15340,244,170,-75,-36,501022553
idle,-15160,-4344,424,419,-85,46,-14444,3596,-428,457,36,212,1680,15308,-88,107,-50,-18,201028428
idle,-15196,-4276,384,372,-69,52,-14560,3576,-312,358,31,232,1792,15396,52,70,-50,-53,2895311680
idle,-15112,-4160,336,336,-71,58,-14600,3400,-620,201,-59,155,1696,15476,44,47,-31,-92,850898475
idle,-15192,-4152,332,261,-103,38,-14536,3540,-316,205,-20,-16,1700,15404,152,61,0,-115,1295001527
idle,-15088,-4184,372,154,-120,83,-14360,3476,-436,144,121,-14,1484,15312,8,32,49,-91,3284417238
idle,-15164,-4112,228,98,-107,107,-14488,3508,-352,132,188,-46,1504,15284,44,-6,80,-97,9312573
idle,-15208,-4104,324,12,-106,119,-14624,3528,-336,98,234,-76,1560,15372,168,-30,58,-90,641670942
idle,-15160,-4068,280,-52,-88,145,-14552,3544,-488,88,239,-134,1588,15364,4,-32,42,-93,3651811751
idle,-15132,-4128,336,-126,-74,96,-14680,3744,-484,-43,171,-215,1636,15384,244,-48,72,-99,3652139758
idle,-15140,-4132,452,-201,-10,117,-14880,3500,-372,-97,141,-205,1552,15392,8,-27,206,-48,1372026689
idle,-15140,-4208,200,-242,-22,152,-14540,3628,-408,-181,114,-182,1428,15316,236,4,208,-8,2653650647
idle,-15172,-4252,388,-229,19,134,-14612,3576,-264,-324,67,-147,1468,15420,168,12,205,13,919482368
idle,-15268,-4352,404,-215,51,131,-14404,3580,-184,-229,159,-69,1568,15352,108,-56,174,7,2439568352
idle,-15176,-4288,620,-239,-15,92,-14716,3624,-200,-353,13,-105,1460,15324,28,-62,176,23,3946097174
idle,-15172,-4352,580,-233,-41,54,-14548,3504,-416,-342,-16,-106,1480,15352,240,-89,183,33,261094793
idle,-15184,-4304,496,-219,-11,8,-14664,3480,-260,-382,-79,-57,1456,15480,96,-111,190,38,2747384888
idle,-15244,-4272,496,-189,-34,5,-14604,3452,-252,-513,-57,-107,1440,15256,76,-31,205,36,1936714611
idle,-15172,-4240,708,-148,-6,6,-14416,3496,-416,-587,-50,-104,1560,15256,64,-16,175,51,3341177099
idle,-15244,-4296,332,-109,-16,4,-14588,3364,-372,-534,14,-72,1500,15364,172,-40,134,43,4067595019
idle,-15156,-4212,432,-104,-19,8,-14584,3388,-536,-477,-27,-136,1440,15388,168,-90,131,33,1970636427
idle,-15064,-4392,364,-40,8,23,-14508,3440,-616,-474,-49,-191,1512,15388,232,-94,103,28,139756187
idle,-15140,-4380,436,78,32,3,-14484,3392,-452,-501,-16,-196,1504,15292,144,-89,94,34,2678504986
idle,-15220,-4156,540,162,37,15,-14588,3464,-548,-528,56,-178,1612,15272,236,-42,83,51,935987924
idle,-15124,-4312,520,192,60,33,-14588,3480,-372,-554,37,-189,1600,15196,188,-35,57,63,1274893724
idle,-15108,-4292,568,289,59,87,-14704,3344,-200,-507,32,-249,1416,15204,240,-41,-2,41,3390712554
idle,-15108,-4268,392,331,51,57,-14664,3408,-380,-433,40,-231,1500,15380,204,-99,-6,25,659847098
idle,-15156,-4348,520,240,81,11,-14676,3620,-328,-380,9,-160,1472,15364,92,-145,-6,93,1757297614
idle,-15176,-4284,400,167,56,-27,-14552,3392,-260,-427,-20,-180,1440,15408,300,-192,-11,68,154375317
idle,-15208,-4300,324,149,64,-72,-14628,3324,-356,-508,-47,-167,1552,15464,224,-180,-81,79,4149141590
idle,-15228,-4332,420,199,82,-49,-14668,3432,-288,-571,-54,-229,1528,15204,420,-156,-105,73,753019039
idle,-15340,-4416,364,405,65,-26,-14672,3332,-248,-581,-31,-246,1508,15220,236,-137,-134,52,2409204569
idle,-15352,-4416,596,630,29,-84,-14652,3392,-276,-591,-61,-280,1600,15288,360,-107,-143,65,977356345
idle,-15328,-4356,476,739,53,-121,-14700,3392,-484,-522,-151,-268,1508,15144,448,-10,-194,39,2765237052
idle,-15308,-4332,524,751,22,-134,-14576,3280,-492,-438,-221,-285,1608,15292,412,33,-256,88,2600931714
idle,-15148,-4336,736,878,4,-251,-14552,3376,-260,-364,-222,-200,1644,15148,432,81,-264,91,3703845634
idle,-15120,-4264,732,908,18,-167,-14584,3256,-324,-309,-210,-105,1616,15212,472,174,-303,62,1282273444
idle,-14872,-4152,688,844,67,-57,-14616,3324,-352,-228,-316,-37,1644,15292,380,231,-256,101,3929447247
idle,-14956,-4104,816,613,47,-10,-14624,3232,-268,-160,-350,-11,1596,15228,480,224,-277,175,2448587164
idle,-14976,-4124,532,416,21,110,-14660,3316,-180,-129,-378,-31,1492,15260,416,233,-265,211,2204290441
idle,-15116,-4396,564,238,-70,97,-14640,3300,-148,-142,-387,-13,1672,15372,220,191,-187,196,4257360662
idle,-15168,-4364,272,134,-76,27,-14580,3264,-172,-80,-392,54,1732,15432,-28,77,-150,188,4036028361
idle,-15156,-4564,64,56,-86,-84,-14464,3312,-300,23,-424,96,1676,15600,-84,-55,-224,156,58998565
idle,-15260,-4296,-32,115,-90,-181,-14520,3320,-464,75,-420,126,1720,15636,80,-185,-271,134,2717346653
idle,-15288,-4276,0,186,-59,-178,-14464,3128,-248,172,-316,157,1580,15548,32,-265,-306,100,853904802
idle,-15208,-4216,-124,398,33,-24,-14428,3016,-464,298,-74,53,1608,15372,40,-259,-275,26,1688029516
idle,-15276,-4124,12,587,148,118,-14432,2852,-268,446,75,11,1532,15264,-108,-305,-266,17,2993368898
idle,-15124,-3900,204,464,247,235,-14344,2992,-248,531,201,-56,1652,15352,-168,-363,-309,-25,1068444197
idle,-15120,-4040,260,166,322,307,-14480,3164,-292,633,144,-241,1636,15432,88,-450,-368,-35,4138000121
idle,-15164,-4124,712,-31,279,275,-14476,3192,-348,695,106,-347,1728,15328,200,-393,-372,11,1733253280
idle,-15192,-4124,624,-115,255,292,-14528,3240,-200,615,124,-421,1696,15192,312,-359,-319,-5,4071860777
idle,-15152,-4232,772,-196,238,255,-14536,3448,-284,570,178,-430,1704,15148,168,-331,-286,6,3149311064
idle,-15232,-4328,876,-275,216,259,-14536,3472,-184,426,215,-303,1712,15168,20,-366,-269,-39,1754975363
idle,-15072,-4304,684,-246,226,240,-14484,3676,-152,354,223,-200,1704,15160,280,-428,-304,-48,2732538008
idle,-15084,-4436,556,-132,188,252,-14612,3568,-136,192,197,-147,1524,15292,308,-442,-320,-58,1308257432
idle,-15184,-4444,632,55,133,279,-14600,3428,-180,-16,182,-59,1624,15412,368,-434,-328,-109,1319088328
idle,-15232,-4400,700,252,131,357,-14604,3348,-356,-164,179,-65,1640,15260,496,-451,-349,-93,1325214387
idle,-15300,-4384,548,421,179,356,-14584,3332,-216,-159,124,-58,1644,15224,328,-441,-316,-46,1997594635
idle,-15240,-4400,336,536,199,331,-14588,3228,-156,62,17,-20,1624,15376,432,-439,-308,-29,4209675992
idle,-15144,-4440,476,545,181,337,-14576,3124,-272,355,-26,21,1616,15140,456,-372,-324,-66,2618881522
idle,-15112,-4508,376,594,173,249,-14604,3164,-236,585,-85,51,1564,15116,672,-289,-376,-53,1812357658
idle,-15108,-4432,524,674,90,156,-14656,3252,-284,710,-87,80,1576,15068,580,-204,-356,-33,4222674785
idle,-15208,-4372,552,697,53,99,-14592,3276,-172,784,-37,162,1528,14992,472,-157,-317,-54,651763488
idle,-15088,-4244,396,572,18,49,-14776,3336,-8,770,-63,172,1660,15148,580,-120,-305,-30,464542976
idle,-15112,-4224,300,535,29,33,-14572,3320,-144,711,-157,199,1520,15276,472,-146,-342,-68,909208477
idle,-15124,-4216,344,565,50,53,-14576,3488,-120,760,-148,203,1616,15244,472,-119,-367,-38,2421122943
idle,-15084,-4256,168,552,47,26,-14484,3380,-240,763,-82,196,1588,15144,524,-109,-325,-13,2673588011
idle,-15044,-4156,260,580,71,-11,-14536,3356,-300,625,-43,99,1456,15368,396,-58,-343,7,3888467289
idle,-15132,-4188,184,534,113,-35,-14800,3328,-396,495,-16,27,1492,15192,504,-62,-351,42,693006209
idle,-15180,-4164,336,431,121,-53,-14624,3380,-260,288,-78,-47,1656,15196,508,-3,-288,47,3417165483
idle,-15204,-4104,280,376,142,-55,-14712,3356,-128,159,-76,-135,1632,15388,508,-2,-317,97,2408815224
idle,-15240,-4212,416,347,142,-42,-14616,3316,-160,96,-57,-151,1704,15332,508,50,-270,128,405954949
idle,-15264,-4180,388,297,77,-64,-14600,3308,-196,55,-114,-139,1704,15332,584,37,-282,156,3212722579
idle,-15188,-4152,492,199,24,-79,-14560,3228,-288,63,-137,-124,1644,15324,468,23,-246,146,3079099090
idle,-15124,-4128,368,112,34,-58,-14600,3348,-204,84,-175,-88,1648,15224,528,41,-258,93,3973773058
idle,-15260,-4180,416,54,48,-48,-14516,3224,-196,103,-130,-105,1640,15244,476,48,-242,109,2250883340
idle,-15060,-4280,132,131,40,-37,-14596,3328,-168,191,-89,-28,1712,15260,452,80,-226,88,114141477
idle,-15156,-4184,168,190,29,-60,-14612,3216,-384,309,-31,-7,1740,15292,408,52,-207,74,1957471886
idle,-15164,-4256,208,282,27,-31,-14576,3188,-208,411,-49,-3,1740,15420,440,7,-208,75,1854780187
idle,-15136,-4084,196,370,39,18,-14600,3292,-200,450,-25,-25,1848,15320,336,-45,-176,54,4044023588
idle,-15192,-4120,256,464,76,49,-14596,3272,-168,458,-35,-58,1804,15360,516,-63,-162,54,3751846037
idle,-15224,-4020,284,461,96,81,-14500,3268,-432,374,-18,-81,1764,15344,508,-53,-156,59,1902520564
idle,-15200,-3908,224,404,103,140,-14476,3404,-268,272,-1,-96,1788,15200,500,-69,-110,43,2306974881
idle,-15196,-3980,172,306,96,163,-14516,3376,-164,127,-19,-44,1716,15340,352,-101,-42,51,70546736
idle,-15316,-4024,144,170,96,146,-14580,3320,-244,44,-44,-41,1784,15332,560,-87,-41,53,3863770607
idle,-15192,-4036,308,55,100,138,-14500,3304,-348,-56,-45,-63,1876,15356,520,-123,2,36,2438179041
idle,-15124,-4080,256,8,115,102,-14488,3328,-436,-162,19,-72,1836,15220,488,-89,48,8,2104802136
idle,-15256,-3944,232,-29,97,71,-14584,3164,-376,-262,64,-74,1744,15108,536,-75,86,24,373476936
idle,-15276,-3896,268,-225,15,89,-14548,3168,-200,-213,118,-64,1780,15156,516,-62,135,8,1087478828
idle,-15244,-3956,192,-405,26,103,-14532,3232,-424,-134,108,-70,1708,15236,588,-54,122,-10,874338635
idle,-15148,-4076,444,-485,2,109,-14560,3156,-356,-67,102,-42,1824,15272,508,-61,144,-18,4143158105
idle,-15120,-4136,308,-474,41,112,-14500,3212,-228,-83,158,-60,1672,15308,532,-36,181,-21,4222982047
idle,-15196,-4268,348,-455,3,118,-14656,3328,-220,-103,160,-89,1652,15136,580,-9,187,-1,1604765448
idle,-15284,-4324,328,-459,-44,123,-14636,3356,-40,-70,155,-82,1744,15136,688,45,201,-30,2282418404
idle,-15180,-4352,468,-416,-58,109,-14560,3424,-232,-55,105,-30,1700,15300,576,88,197,-55,3557318417
idle,-15180,-4320,224,-332,-100,70,-14520,3348,-188,-7,48,11,1724,15156,580,78,192,-43,3840766210
idle,-15156,-4308,408,-261,-92,51,-14588,3320,-228,18,43,105,1580,15352,544,78,185,-52,478113705
idle,-15256,-4232,404,-233,-85,79,-14440,3440,-404,-3,65,129,1624,15300,628,46,207,-55,219229499
idle,-15220,-4252,344,-146,-72,56,-14636,3424,-408,-56,66,145,1588,15296,536,71,159,-51,2319243740
idle,-15264,-4176,356,-20,-78,52,-14600,3360,-224,-112,40,139,1668,15296,528,75,181,-49,4074104617
idle,-15156,-4144,420,-46,-78,53,-14600,3324,-292,-203,57,107,1668,15236,544,73,205,-64,2447663609
idle,-15232,-4104,340,-100,-115,37,-14564,3416,-368,-274,43,58,1736,15368,432,68,204,-53,2338438065
idle,-15132,-4172,496,-90,-146,42,-14452,3300,-308,-322,13,75,1580,15280,608,43,224,-58,3097772074
idle,-15104,-4160,432,-32,-79,46,-14612,3272,-236,-383,63,81,1728,15184,428,63,197,-29,522260226
idle,-15088,-4064,356,-56,-55,54,-14516,3160,-380,-373,89,70,1676,15260,520,61,218,-22,1307736620
idle,-15192,-4236,316,-103,-52,44,-14616,3144,-328,-358,90,24,1612,15244,484,67,211,-35,3235971867
idle,-15220,-4100,316,-139,-29,45,-14536,3092,-492,-276,65,9,1532,15276,556,74,199,0,3252226002
idle,-15108,-4128,192,-230,-55,79,-14592,3188,-292,-172,67,14,1520,15264,560,88,197,-31,3018473708
idle,-15188,-4160,180,-266,-62,38,-14552,3236,-280,-80,75,10,1656,15276,412,25,142,-8,1005049670
idle,-15140,-4172,192,-252,-46,76,-14532,3200,-300,17,65,-10,1484,15316,700,33,132,-30,2611211349
idle,-15080,-4160,212,-303,-28,60,-14616,3188,-300,69,128,9,1584,15324,588,5,123,-37,665408731
idle,-15224,-4164,236,-271,1,55,-14604,3356,-440,84,117,-6,1564,15308,500,-30,50,-24,71219731
idle,-15136,-4296,112,-164,17,56,-14592,3348,-348,62,89,-23,1556,15276,592,-24,73,-13,2584276137
idle,-15088,-4180,380,-95,-7,62,-14592,3236,-308,34,2,40,1656,15280,528,-47,73,-29,3312134749
idle,-15124,-4292,380,-99,-25,64,-14740,3292,-424,6,6,56,1628,15256,620,-59,59,-46,1426142133
idle,-15120,-4244,388,-86,-36,69,-14404,3204,-384,-30,46,41,1628,15364,540,-41,13,-20,2769090870
idle,-15144,-4184,352,19,-38,81,-14652,3268,-396,-29,96,46,1548,15320,604,-56,60,-13,1430796604
idle,-15112,-4136,380,126,13,106,-14560,3112,-300,12,124,40,1648,15272,460,-40,1,-12,3028535144
idle,-15324,-4192,500,185,32,104,-14552,3180,-352,15,76,-12,1668,15296,500,-14,16,3,1949446821
idle,-15204,-4176,348,176,0,137,-14508,3240,-220,47,34,-73,1560,15216,424,11,27,2,3704144188
idle,-15128,-4080,268,172,15,126,-14524,3316,-140,129,51,-36,1488,15284,396,-21,6,-56,4169735593
idle,-15136,-4204,312,155,14,101,-14596,3316,-440,198,39,52,1520,15324,624,-21,-8,-43,3500462759
idle,-15124,-4156,232,158,18,92,-14628,3352,-372,201,36,52,1716,15308,488,-56,-5,-59,842529581
idle,-15160,-4100,412,148,49,82,-14544,3304,-400,122,50,16,1780,15220,588,-69,-18,-45,1510115682
idle,-15172,-4000,304,170,24,63,-14644,3288,-276,66,56,-13,1644,15280,576,-64,35,-9,577885621
idle,-15180,-4020,252,81,38,82,-14624,3368,-212,18,22,-24,1572,15340,608,-76,52,3,1415389275
idle,-15092,-4060,360,24,64,110,-14652,3308,-288,-16,-20,-53,1688,15380,552,-61,68,-6,3133179315
idle,-15152,-4124,140,-3,70,106,-14680,3280,-204,-1,-11,-24,1772,15364,628,-85,39,-5,2422552973
idle,-15216,-4144,336,-61,55,104,-14532,3192,-288,-82,-13,-27,1676,15264,540,-115,74,16,1413583182
idle,-15188,-4096,268,-210,25,88,-14540,3124,-300,-145,25,44,1716,15356,544,-76,39,50,147965735
idle,-15172,-4176,216,-348,8,48,-14620,3168,-372,-161,17,-9,1644,15276,544,-62,62,35,3251771950
idle,-15148,-4304,216,-313,-32,60,-14620,3260,-560,-125,9,10,1632,15288,584,-31,74,12,2386301699
idle,-15180,-4164,356,-282,-26,43,-14564,3188,-428,-49,15,-19,1624,15276,516,0,59,14,3417368743
idle,-15184,-4240,288,-268,2,28,-14484,3136,-340,22,-1,-10,1732,15368,684,4,79,8,879008465
idle,-15272,-4244,152,-230,-48,11,-14540,3184,-356,92,26,14,1520,15380,720,-2,63,33,3985371061
idle,-15116,-4236,228,-257,-12,-6,-14676,3172,-304,122,64,-3,1640,15324,648,1,33,-1,640105314
idle,-15164,-4316,464,-68,7,-22,-14612,3304,-232,111,82,10,1600,15312,560,31,24,-8,235337931
idle,-15236,-4232,328,-35,-45,-11,-14692,3196,-276,83,-20,21,1704,15180,424,3,65,-11,1813644499
idle,-15280,-4080,340,-51,-35,9,-14700,3376,-204,42,-41,-3,1768,15236,552,10,39,16,250093346
idle,-15212,-4188,452,-17,-1,9,-14560,3348,-312,2,-23,-7,1588,15324,684,60,33,-3,3677979462
idle,-15124,-4172,400,64,-21,22,-14556,3220,-264,11,13,0,1524,15160,580,58,18,-10,814334367
idle,-15180,-4140,376,121,3,47,-14584,3340,-248,25,24,16,1624,15200,632,78,33,39,904640434
idle,-15240,-4072,348,116,10,17,-14560,3260,-436,30,13,-21,1668,15220,624,102,15,-5,4095088433
idle,-15132,-4052,392,53,-28,9,-14512,3396,-372,-28,-59,13,1600,15308,668,115,-7,42,2306480841
idle,-15264,-4136,240,-24,-66,6,-14572,3392,-344,-62,-86,8,1652,15196,592,142,3,15,3300701891
idle,-15140,-4088,292,-20,-59,-14,-14536,3332,-396,-115,-83,34,1524,15244,580,140,4,22,2696598863
idle,-15284,-4136,348,-37,-32,-16,-14524,3284,-300,-111,-74,58,1600,15260,568,173,18,27,3701512664
idle,-15248,-4332,184,-7,-53,-11,-14532,3192,-356,-145,-21,80,1592,15288,496,158,5,-2,1975951194
idle,-15220,-4128,276,18,-44,5,-14640,3212,-220,-105,0,42,1648,15284,584,175,43,-21,2195055793
idle,-15204,-4192,228,35,-69,-19,-14532,3160,-380,-67,-42,10,1660,15248,400,178,27,-14,2776980000
idle,-15212,-4192,220,-1,-92,-13,-14552,3236,-400,-29,15,16,1656,15236,456,153,59,-4,3981846035
idle,-15176,-4132,164,-48,-53,-34,-14464,3168,-240,23,56,24,1612,15212,504,160,43,-28,4256638744
idle,-15124,-4052,400,-88,-52,-35,-14536,3236,-316,77,92,12,1700,15180,564,174,58,-28,145682730
idle,-15052,-4044,292,-69,-49,-23,-14516,3276,-356,87,66,35,1708,15288,496,147,33,-3,892782267
idle,-15056,-3944,212,-73,-61,-2,-14756,3276,-224,102,2,24,1624,15360,400,145,18,-25,2372141958
idle,-15180,-4084,180,-179,-46,38,-14620,3348,-500,117,21,32,1640,15344,536,127,54,18,1604040392
idle,-15172,-4180,252,-251,-41,31,-14472,3320,-204,88,34,74,1720,15272,348,161,42,12,616773641
idle,-15112,-4244,200,-261,-67,29,-14576,3332,-248,97,52,132,1600,15336,400,135,64,-16,413755123
idle,-15200,-4224,104,-264,-59,43,-14596,3188,-524,174,46,177,1500,15340,512,95,4,-40,1913463876
idle,-15176,-4216,344,-216,-31,13,-14552,3168,-484,240,11,118,1624,15300,556,94,28,-59,143865637
idle,-15032,-4248,268,-71,1,-2,-14580,3216,-420,279,97,41,1588,15268,476,109,16,-32,2982246864
idle,-15124,-4200,380,-27,-11,30,-14572,3188,-268,225,77,-9,1704,15256,344,113,67,16,3598565061
idle,-15112,-4044,212,-126,7,48,-14588,3332,-284,215,96,-71,1652,15312,516,90,111,30,3585566128
idle,-15136,-4128,320,-240,26,70,-14468,3404,-388,210,124,-72,1580,15308,428,127,82,20,273960890
idle,-15164,-4156,372,-222,0,98,-14640,3372,-208,186,124,-52,1684,15268,428,84,85,18,308009202
idle,-15100,-4224,376,-156,-10,106,-14592,3352,-164,141,83,-31,1552,15316,356,103,100,-14,1883398745
idle,-15096,-4224,316,-188,-18,110,-14564,3468,-244,78,26,5,1656,15172,336,125,127,15,733621690
idle,-15144,-4316,248,-184,-1,87,-14544,3444,-280,18,49,42,1624,15276,484,82,94,3,764618447
idle,-15140,-4288,192,-238,10,99,-14680,3392,-468,0,79,92,1600,15308,436,81,103,25,262432464
idle,-15228,-4248,252,-200,3,57,-14564,3412,-432,-9,21,113,1708,15332,392,99,137,18,2145875919
idle,-15240,-4184,312,-218,16,68,-14444,3308,-288,-51,41,50,1576,15404,440,77,128,26,2539692741
idle,-15292,-4248,304,-175,34,34,-14676,3384,-404,-100,42,31,1616,15368,380,54,147,20,1383459331
idle,-15300,-4156,312,-152,15,29,-14584,3200,-348,-113,71,-32,1748,15292,352,48,104,40,3096862147
idle,-15216,-4256,200,-103,-11,35,-14604,3232,-404,-107,10,-70,1628,15308,456,76,86,-7,3642534088
idle,-15124,-4192,380,-183,-34,27,-14488,3276,-308,-70,10,-41,1648,15400,468,68,115,1,708201813
idle,-15200,-4176,376,-218,-41,17,-14500,3252,-164,-43,22,-77,1604,15308,556,80,79,15,4076515924
idle,-15196,-4288,336,-172,-15,42,-14532,3156,-292,-24,4,-20,1680,15364,516,70,70,17,2727659603
idle,-15120,-4160,364,-105,-4,93,-14480,3220,-380,46,60,-14,1608,15200,568,117,68,-12,984013056
idle,-15248,-4172,424,-68,7,74,-14604,3308,-320,115,65,9,1676,15172,516,107,46,-26,2207072606
idle,-15248,-4236,396,19,-46,102,-14628,3372,-384,209,50,2,1688,15172,528,138,62,-8,368269718
idle,-15084,-4108,388,58,-48,77,-14700,3448,-404,252,-50,29,1528,15316,432,151,67,-13,3347989642
idle,-15196,-4340,240,-81,-60,66,-14604,3412,-384,211,-83,66,1552,15220,448,175,47,12,3717626698
idle,-15280,-4196,144,-78,-55,59,-14644,3380,-476,131,-50,77,1656,15344,452,155,35,1,3506077128
idle,-15224,-4152,296,-25,-86,13,-14608,3352,-232,52,-34,106,1664,15280,356,144,15,49,1473458
idle,-15216,-4176,296,-11,-66,10,-14644,3364,-364,15,-42,121,1676,15176,396,159,40,23,1959949443
idle,-15260,-4136,232,-156,-34,-3,-14592,3284,-296,10,-80,73,1696,15348,360,125,27,60,4030749756
idle,-15188,-4228,288,-87,-44,2,-14560,3204,-264,65,-86,69,1648,15376,504,125,30,-4,2045726802
idle,-15204,-4188,348,-58,-74,16,-14600,3252,-444,86,-49,89,1656,15356,384,141,-7,18,2870186000
idle,-15212,-4180,200,-108,-92,1,-14524,3252,-496,76,-21,71,1648,15176,548,110,2,15,3534457365
idle,-15224,-4080,304,-168,-79,3,-14520,3188,-436,86,15,94,1552,15264,428,97,9,-13,1751079882
idle,-15168,-4080,312,-102,-54,32,-14504,3288,-364,100,4,97,1840,15196,436,141,-2,-3,572096194
idle,-15272,-4156,464,-33,-49,24,-14596,3244,-556,152,-15,85,1720,15200,244,138,6,-15,2285688323
idle,-15348,-4000,412,-97,-17,25,-14600,3236,-460,172,-8,72,1668,15252,532,180,12,-28,1865301864
idle,-15244,-4072,424,-163,-57,73,-14476,3304,-364,201,16,81,1656,15276,272,191,29,-36,1769284654
idle,-15276,-4220,284,-83,-81,89,-14548,3376,-260,187,32,162,1496,15304,408,193,19,-25,1283167646
idle,-15260,-4252,300,-71,-112,66,-14524,3356,-404,194,4,194,1620,15292,432,176,-23,-67,2094017406
idle,-15248,-4200,404,-93,-124,5,-14612,3316,-656,147,28,114,1736,15244,408,125,-41,-91,1246058120
idle,-15084,-4220,452,-130,-144,-63,-14640,3376,-356,40,1,87,1652,15468,408,101,-32,-35,2934723081
idle,-15168,-4068,368,-190,-158,-71,-14616,3300,-400,-25,-6,37,1620,15292,372,81,33,-18,1312632117
idle,-15216,-4012,232,-281,-112,-64,-14588,3344,-308,-58,15,75,1672,15292,420,105,27,-21,2394672710
idle,-15120,-4096,272,-245,-97,-7,-14572,3280,-440,-51,74,79,1632,15188,376,112,42,-19,3713765885
idle,-15192,-4208,204,-149,-59,22,-14504,3384,-612,-60,27,78,1640,15248,348,96,51,-22,53894456
idle,-15256,-4252,416,-112,-75,42,-14568,3272,-372,-58,-9,67,1680,15276,384,95,26,-43,3858037115
idle,-15292,-4340,360,-144,-110,28,-14520,3300,-424,20,0,88,1648,15260,388,118,66,-35,3765985239
idle,-15292,-4240,252,-163,-162,4,-14552,3208,-352,100,9,155,1632,15336,304,94,68,-37,2139200521
idle,-15084,-4284,304,-116,-181,-24,-14576,3308,-424,152,0,140,1588,15256,304,106,76,-65,3715169183
idle,-15104,-4144,252,1,-142,-10,-14580,3268,-164,207,32,147,1688,15340,376,134,57,-55,4132345271
idle,-15272,-4048,264,37,-87,-4,-14576,3384,-592,235,22,152,1580,15332,264,101,87,-39,986724439
idle,-15164,-3996,264,-22,-64,37,-14564,3376,-456,316,60,137,1620,15308,228,90,85,-36,503748527
idle,-15140,-4024,284,-65,-54,28,-14724,3360,-500,282,37,61,1600,15408,264,73,37,-36,63408089
idle,-15108,-4072,340,-113,-61,73,-14648,3456,-348,239,-6,76,1564,15404,332,76,-2,-18,2713994176
idle,-15140,-4056,396,-108,-73,84,-14688,3468,-280,119,8,70,1596,15340,328,91,25,-5,3348225768
idle,-15228,-4028,172,-79,-22,73,-14568,3524,-304,39,22,116,1564,15260,412,60,27,-63,4242793702
idle,-15160,-4100,324,-25,-21,59,-14596,3388,-304,-16,-5,138,1504,15152,116,61,26,-61,1047855123
idle,-15164,-4108,412,-56,-10,86,-14588,3296,-280,-16,-25,150,1636,15308,220,-4,14,-12,260712062
idle,-15212,-4216,396,-98,-30,62,-14592,3264,-376,34,-35,162,1588,15404,316,26,-26,-30,408349634
idle,-15176,-4200,440,-86,-35,65,-14516,3232,-472,86,-54,148,1544,15396,348,-11,-31,-47,2685456613
idle,-15172,-4292,452,-33,-10,63,-14528,3272,-696,84,-61,96,1580,15268,200,-26,-7,-41,923375416
idle,-15252,-4308,308,-4,8,73,-14504,3212,-608,83,80,104,1708,15228,172,-23,-8,-49,881104552
idle,-15176,-4252,296,-13,1,44,-14492,3308,-500,135,159,117,1616,15272,268,-40,-2,-43,2095631138
idle,-15232,-4240,288,-56,-18,42,-14596,3328,-488,140,115,77,1556,15324,400,-35,17,-38,1658279441
idle,-15132,-4256,336,-55,-38,32,-14540,3428,-496,143,84,21,1584,15248,356,-33,6,-33,4242332381
idle,-15268,-4188,428,-42,-46,35,-14692,3372,-424,193,73,-38,1600,15280,288,34,3,-31,3732606590
idle,-15156,-4164,196,-33,-38,45,-14592,3372,-320,192,32,-35,1556,15380,308,35,-8,-30,628716231
idle,-15096,-4220,360,-12,-9,43,-14516,3348,-368,231,53,-5,1560,15352,228,-10,-19,-29,442697110
idle,-15136,-4140,432,33,-32,47,-14552,3440,-296,262,46,12,1552,15316,236,-32,-30,-19,887768463
idle,-15072,-4172,356,35,25,57,-14444,3484,-324,298,48,34,1516,15332,204,-56,-58,-31,1792749685
idle,-15024,-4108,412,83,1,61,-14476,3472,-436,319,16,11,1568,15300,304,-44,-68,-51,2007345256
idle,-15172,-4060,192,126,14,66,-14512,3416,-484,288,12,52,1596,15308,512,-29,-92,-41,3235894427
idle,-15248,-4128,328,168,30,81,-14504,3436,-440,211,28,69,1492,15240,180,-33,-61,-18,2128473475
idle,-15188,-4180,396,197,-10,94,-14584,3452,-456,291,32,119,1320,15272,280,-74,-46,4,2371737104
idle,-15160,-4152,448,206,19,98,-14680,3548,-364,261,-100,120,1648,15296,280,-54,-89,-25,506147489
idle,-15212,-4140,568,170,19,80,-14508,3536,-332,276,-114,69,1600,15268,512,-53,-107,-48,1719745020
idle,-15096,-4196,460,208,56,61,-14476,3424,-392,197,-85,27,1600,15220,360,-50,-134,-3,2855892659
idle,-15184,-4084,368,188,32,44,-14496,3544,-548,112,-26,42,1592,15308,300,-75,-74,32,2077078158
idle,-15164,-4140,504,100,16,83,-14548,3400,-340,55,-21,9,1636,15280,228,-54,-42,5,696451575
idle,-15092,-4088,492,16,38,109,-14588,3416,-264,80,-37,24,1596,15284,352,-61,-44,-24,3084635885
idle,-15164,-4276,420,1,9,116,-14576,3404,-416,164,-34,8,1712,15216,504,-17,-56,0,738350489
idle,-15152,-4196,504,-31,-3,128,-14444,3404,-324,228,-35,22,1608,15212,264,-53,-84,-15,565056230
idle,-15140,-4260,380,-61,-12,130,-14484,3468,-408,225,14,46,1672,15360,136,-108,-63,-43,1300186000
idle,-15064,-4232,200,-43,-20,126,-14652,3388,-472,244,37,103,1552,15452,216,-163,-30,-70,1839074150
idle,-15264,-4340,212,-49,-7,100,-14560,3392,-480,237,36,102,1700,15508,236,-210,-53,-73,736614465
idle,-15256,-4252,392,15,-11,117,-14604,3524,-464,218,10,58,1516,15284,296,-188,-47,-86,2098560299
idle,-15220,-4304,480,116,-7,127,-14472,3552,-472,161,26,23,1480,15356,356,-139,-17,-115,3130554913
idle,-15316,-4280,464,113,-16,105,-14520,3400,-388,63,90,2,1656,15328,376,-101,-3,-74,2431178616
idle,-15168,-4212,572,86,19,72,-14592,3484,-464,43,110,-70,1652,15392,528,-127,-28,-76,3765841619
idle,-15232,-4228,460,136,5,47,-14420,3484,-388,33,100,-109,1632,15260,456,-111,-3,-102,1178669867
idle,-15076,-4156,596,124,-2,93,-14612,3628,-244,-35,164,-129,1608,15316,476,-92,39,-88,1614894229
idle,-15180,-4024,668,65,9,76,-14508,3716,-200,-114,144,-194,1564,15200,428,-94,90,-74,1303278428
idle,-15228,-4060,580,40,10,88,-14632,3744,-252,-215,118,-217,1552,15184,464,-97,96,-73,3479236648
idle,-15140,-4116,520,50,-3,92,-14480,3628,-316,-288,55,-119,1512,15348,448,-98,70,-71,170725292
idle,-15204,-4056,336,27,-19,66,-14548,3596,-224,-361,42,-122,1588,15252,368,-116,65,-56,1557336961
idle,-15112,-4212,200,47,2,75,-14596,3728,-344,-485,-11,-94,1596,15272,448,-70,39,-16,1848337018
idle,-15168,-4020,292,105,13,60,-14592,3628,-316,-560,0,-59,1560,15208,536,-56,10,-34,3103765659
idle,-15188,-4100,292,138,43,104,-14532,3500,-408,-615,-11,-50,1556,15284,460,-50,33,-27,2798541819
idle,-15196,-4128,292,106,23,133,-14608,3496,-428,-602,-30,-12,1536,15236,380,-22,57,6,3356870985
idle,-15144,-4068,268,79,34,124,-14488,3384,-376,-510,-21,17,1512,15340,324,-48,-12,-36,2038036333
idle,-15028,-4156,328,74,0,146,-14636,3356,-356,-379,-87,5,1512,15340,348,-47,-52,-44,2655760586
idle,-15080,-4208,228,117,54,165,-14512,3328,-348,-250,-137,9,1564,15296,412,-34,-32,-43,3926204996
idle,-15076,-4160,64,110,82,146,-14584,3312,-360,-196,-124,-46,1384,15308,404,4,-26,-52,1481049591
idle,-15108,-4380,436,159,80,170,-14568,3360,-472,-215,-88,-16,1616,15260,492,-21,10,11,3851867128
idle,-15052,-4352,464,204,72,152,-14628,3200,-492,-197,23,-42,1500,15292,448,-15,54,-9,3972752129
idle,-15140,-4276,476,203,93,130,-14544,3280,-356,-195,-26,-56,1584,15324,464,-58,114,9,1435776284
idle,-15256,-4400,564,232,48,87,-14560,3420,-440,-175,-35,-67,1560,15280,368,-68,99,18,988159534
idle,-15296,-4312,600,173,-32,-11,-14564,3424,-364,-138,2,-114,1680,15352,532,-95,128,22,1161078219
idle,-15268,-4276,496,107,-93,-84,-14512,3364,-424,-209,11,-143,1464,15268,576,-97,150,10,3226975003
idle,-15340,-4108,296,105,-104,-65,-14576,3420,-440,-298,83,-152,1572,15316,320,-79,142,-1,2751329435
idle,-15272,-4020,396,141,-81,-103,-14600,3460,-492,-327,58,-137,1488,15272,472,-108,132,-12,339908852
idle,-15312,-3960,400,107,-33,-94,-14556,3584,-448,-319,28,-144,1532,15376,380,-81,96,-5,4067827536
idle,-15148,-3848,352,81,6,-77,-14592,3508,-444,-385,-6,-180,1512,15268,460,-115,26,21,1402566644
idle,-15088,-3908,304,114,53,-55,-14664,3356,-420,-443,0,-191,1592,15404,612,-95,60,21,1707495783
idle,-15164,-3864,256,48,59,6,-14540,3516,-452,-465,-14,-165,1436,15168,468,-112,55,42,2016791332
idle,-15144,-3908,300,-82,51,19,-14656,3468,-424,-395,-46,-175,1480,15120,372,-119,62,18,742670491
idle,-15060,-3856,216,-105,51,97,-14468,3328,-348,-270,-61,-127,1372,15312,500,-126,-31,13,2614405038
idle,-15080,-4024,228,-3,76,96,-14684,3316,-336,-219,-59,-116,1400,15244,628,-155,-47,-6,3852828223
idle,-15100,-4204,380,21,108,98,-14536,3196,-336,-160,36,-86,1512,15252,644,-177,-23,42,3474366912
idle,-15132,-4144,352,26,94,110,-14588,3360,-248,-126,37,-75,1468,15284,632,-156,-35,48,1244910148
idle,-15244,-4088,408,61,131,139,-14652,3416,-320,-113,66,-59,1512,15196,612,-137,13,-8,1454734561
idle,-15080,-4128,352,104,45,126,-14564,3360,-348,-168,-3,-46,1504,15312,464,-85,-5,-25,3675264891
idle,-15248,-4188,328,94,45,100,-14496,3376,-304,-213,-15,-52,1564,15348,660,-156,-2,7,3668782690
idle,-15196,-4152,324,120,12,81,-14596,3368,-356,-218,-3,-29,1452,15356,556,-167,-19,-6,1685278852
idle,-15228,-4200,324,29,26,64,-14688,3396,-472,-240,-8,-16,1580,15436,696,-195,10,-11,2008516745
idle,-15080,-4272,308,52,83,25,-14556,3256,-312,-211,34,-6,1540,15196,604,-135,-19,-18,2061814697
idle,-15172,-4208,328,60,99,35,-14512,3292,-432,-161,30,-45,1536,15208,540,-151,8,28,12977088
idle,-15192,-4216,224,120,68,25,-14640,3144,-288,-100,26,-68,1564,15200,684,-123,15,9,2330807637
idle,-15124,-4164,440,160,70,61,-14528,3260,-208,13,-2,-106,1600,15308,480,-77,13,9,2132463835
idle,-15248,-4136,376,130,55,59,-14568,3264,-300,104,11,-90,1548,15288,424,-100,7,15,1824947031
idle,-15240,-4228,336,114,32,57,-14664,3284,-256,141,26,-34,1620,15212,428,-83,41,24,4230510704
idle,-15208,-4176,324,135,39,60,-14616,3312,-372,94,-3,-74,1604,15308,424,-113,22,15,2736683800
idle,-15148,-4024,472,135,29,28,-14540,3416,-348,66,-2,-85,1652,15256,516,-121,12,-8,2148780238
idle,-15192,-4060,284,115,20,0,-14600,3384,-220,25,12,-73,1480,15268,484,-125,13,-16,2252389771
idle,-15196,-4080,428,81,59,16,-14488,3432,-244,36,-4,-69,1572,15276,612,-139,4,-2,241454821
idle,-15144,-3928,408,-2,65,38,-14464,3448,-260,2,-5,-65,1620,15380,500,-170,22,-12,1254526749
idle,-15080,-4012,400,-48,53,28,-14556,3312,-380,-19,21,-38,1392,15428,544,-180,35,-10,3926915529
idle,-15308,-4160,296,-105,75,53,-14540,3368,-440,-71,48,-29,1632,15324,596,-166,14,-3,2525123516
idle,-15308,-4100,120,-85,39,90,-14652,3260,-292,-39,48,-85,1604,15316,560,-144,-33,-8,2654947346
idle,-15188,-4092,248,-16,58,99,-14520,3412,-252,-101,33,-76,1540,15272,556,-141,-19,-15,1535572120
idle,-15216,-4112,288,48,106,129,-14616,3396,-272,-61,53,-43,1616,15256,620,-133,-3,8,3742613064
idle,-15096,-4208,452,83,80,140,-14592,3348,-156,-40,50,-32,1748,15228,536,-123,28,-3,2345745411
idle,-15128,-4124,436,95,96,144,-14640,3248,-336,48,15,-3,1612,15272,704,-144,26,-11,2184317155
idle,-15220,-4088,220,95,82,122,-14532,3288,-408,57,23,11,1516,15248,672,-142,16,-27,3099200362
idle,-15204,-4208,416,114,78,141,-14564,3336,-316,30,60,11,1516,15256,652,-125,44,-20,4157270753
idle,-15212,-4108,104,127,75,136,-14460,3308,-544,-55,118,31,1560,15256,608,-131,55,-2,3763022824
idle,-15304,-4144,148,114,58,128,-14576,3192,-372,-54,92,-4,1572,15348,684,-125,44,-29,2643632759
idle,-15164,-4116,248,44,40,107,-14640,3236,-416,13,32,-31,1620,15432,604,-144,35,-33,2711176339
idle,-15180,-4180,404,67,61,76,-14608,3244,-280,24,-11,-89,1596,15220,712,-161,48,-2,2333910632
idle,-15184,-4112,464,77,33,20,-14604,3244,-368,-6,37,-97,1480,15124,844,-65,79,8,3100156108
idle,-15300,-4048,212,69,12,-1,-14552,3308,-184,-88,102,-119,1536,15144,816,4,66,34,2017798302
idle,-15180,-3976,364,15,-3,12,-14572,3336,-300,-104,39,-96,1476,15124,752,-13,47,31,2563714001
idle,-15240,-4084,432,6,25,46,-14572,3460,-368,-60,11,-63,1528,15248,692,-19,37,15,2666620373
idle,-15060,-4016,268,-3,42,63,-14520,3444,-368,-59,-9,-5,1532,15364,648,-22,59,-6,2010342287
idle,-15236,-4032,308,-59,22,36,-14544,3292,-352,-81,-31,15,1568,15304,704,-65,63,-14,1299819892
idle,-15232,-4064,344,-91,30,44,-14692,3132,-548,-85,-35,-17,1552,15324,704,-74,76,-12,1956195547
idle,-15264,-4012,100,-50,10,72,-14548,3180,-472,-62,64,8,1668,15276,720,-35,86,-31,80674873
idle,-15300,-4100,248,3,3,55,-14504,3396,-396,-27,88,-1,1660,15256,640,-26,125,-32,2947788512
idle,-15268,-4108,296,11,-7,77,-14504,3336,-400,15,92,-37,1432,15292,764,-32,119,-14,3110729370
idle,-15240,-4096,212,-12,18,60,-14588,3304,-388,33,65,-19,1660,15336,740,-47,107,-39,3301673874
idle,-15072,-4028,352,21,9,60,-14488,3320,-316,-33,23,0,1688,15380,748,-75,116,-17,842935437
idle,-15156,-4048,304,32,31,35,-14560,3404,-272,-137,17,-46,1576,15344,728,-72,131,-14,3399451970
idle,-15072,-3928,380,-67,13,63,-14568,3152,-468,-225,14,-64,1544,15288,704,-89,136,-46,1571774040
idle,-15156,-4088,228,-175,36,74,-14528,3208,-340,-255,39,-95,1528,15360,772,-73,148,-28,1379769962
idle,-15216,-4064,208,-174,58,101,-14688,3260,-440,-237,74,-66,1472,15212,840,-73,179,-24,2137115710
idle,-15324,-4044,184,-127,32,99,-14528,3216,-392,-210,66,-60,1532,15144,720,-54,156,-7,1722600901
idle,-15232,-4172,276,-131,22,80,-14588,3196,-260,-78,96,-52,1600,15228,708,-38,152,-21,3361389077
idle,-15288,-4104,124,-141,23,54,-14592,3304,-408,-41,76,-68,1480,15288,688,-24,154,-16,3537530539
idle,-15248,-4084,192,-102,7,21,-14584,3248,-416,-20,49,-69,1608,15256,720,-18,114,-8,3308910140
idle,-15344,-4104,212,-59,23,38,-14568,3320,-404,-27,83,-49,1528,15300,844,-41,143,1,1178192180
idle,-15116,-3996,244,-64,31,38,-14560,3432,-372,-57,53,-38,1600,15264,684,-7,127,11,2884655001
idle,-15184,-4108,264,-106,5,28,-14548,3368,-312,-101,3,-34,1384,15260,768,-53,106,13,484939235
idle,-15180,-4048,100,-162,14,68,-14540,3220,-300,-150,-3,-29,1624,15160,796,-28,105,6,3050691193
idle,-15192,-4004,328,-184,42,57,-14612,3196,-376,-203,-19,-51,1528,15396,712,-26,108,24,3847518900
idle,-15160,-4136,172,-160,64,64,-14556,3216,-420,-236,-6,-49,1508,15296,776,-28,110,13,3059033528
idle,-15156,-4208,308,-100,33,69,-14540,3208,-360,-222,17,-81,1488,15296,724,-40,107,19,3324425286
idle,-15196,-4132,224,-81,9,55,-14512,3200,-320,-124,29,-32,1492,15268,880,-23,99,25,786114779
idle,-15140,-4144,116,-56,-18,41,-14600,3192,-296,-78,24,-92,1476,15352,700,-27,112,23,4082692602
idle,-15104,-4044,324,-47,11,22,-14592,3216,-284,-53,-2,-133,1660,15336,848,-27,82,50,2064280568
idle,-15248,-3932,248,-65,-31,-4,-14612,3300,-412,-51,-14,-104,1436,15252,856,-2,85,35,1266622908
idle,-15208,-4088,220,-75,-15,35,-14600,3284,-196,-75,6,-61,1500,15268,876,2,98,30,3088549049
idle,-15204,-3972,192,-65,1,21,-14580,3252,-332,-72,22,-18,1504,15452,708,-32,40,18,521098375
idle,-15240,-4180,204,-33,6,29,-14608,3248,-492,-3,0,8,1612,15340,728,-49,6,30,3641648037
idle,-15180,-4080,212,-13,29,30,-14640,3092,-480,12,-22,-15,1600,15288,704,-49,-3,16,1750791241
idle,-15156,-4092,356,43,48,14,-14608,3180,-364,6,-9,-26,1552,15188,612,-18,37,17,4250758668
idle,-15184,-4092,184,47,-17,2,-14516,3248,-324,1,15,-60,1536,15164,828,-30,34,36,2697309494
idle,-15172,-4052,228,25,-28,39,-14552,3244,-332,11,-22,-79,1388,15136,980,-24,41,28,1424399751
idle,-15224,-4080,240,31,25,85,-14552,3208,-312,46,-41,-88,1576,15176,916,17,-8,35,1484580981
idle,-15144,-4108,264,97,35,69,-14448,3140,-332,62,-23,-37,1488,15384,820,20,-16,29,2436369301
idle,-15136,-4112,252,71,26,49,-14580,3300,-380,70,-11,-20,1500,15204,804,41,-30,40,980719673
idle,-15180,-4124,108,57,0,60,-14564,3128,-396,71,-12,11,1592,15272,624,57,-22,38,3187966501
idle,-15272,-4052,232,-4,16,20,-14696,3232,-400,74,-34,14,1592,15336,880,65,-38,53,1277174507
idle,-15244,-4168,332,6,-15,11,-14588,3340,-364,100,-67,19,1508,15200,708,77,-40,14,3224429431
idle,-15224,-4044,192,37,-32,-10,-14588,3252,-272,93,-77,22,1616,15300,688,98,-30,15,1687719390
idle,-15148,-4172,264,19,-29,-10,-14668,3292,-372,66,-92,21,1544,15236,820,54,-49,37,630984664
idle,-15228,-4056,200,37,-28,-19,-14640,3092,-484,66,-63,28,1560,15224,676,82,-61,40,4107922212
idle,-15160,-4116,416,73,-19,-41,-14576,3264,-464,95,-53,46,1604,15228,748,66,-79,33,1089537454
idle,-15076,-4044,304,97,-14,-48,-14672,3128,-408,103,-72,20,1568,15284,808,93,-36,13,3854565165
idle,-15164,-3920,300,15,-37,-6,-14516,3208,-416,89,-37,-20,1532,15240,796,72,-25,35,1374129300
idle,-15200,-4068,192,24,-5,-12,-14456,3188,-348,114,-27,-29,1568,15320,712,56,-21,20,3408204170
idle,-15228,-4084,312,60,12,16,-14428,3104,-316,137,37,17,1468,15236,656,102,-39,30,2719816050
idle,-15220,-4048,160,52,7,37,-14528,3224,-504,180,44,12,1544,15240,696,69,-83,39,2333119144
idle,-15172,-4148,276,35,-7,1,-14588,3276,-516,209,24,18,1492,15168,644,94,-36,43,1981091313
idle,-15224,-4024,244,38,-14,2,-14512,3208,-440,190,22,13,1660,15300,684,92,-44,43,232066160
idle,-15140,-4052,252,-21,-23,-3,-14548,3320,-216,124,-24,67,1512,15300,564,53,-52,12,1998113847
idle,-15164,-3992,132,-9,-34,-1,-14540,3288,-392,85,7,65,1584,15304,752,48,-39,49,946030557
idle,-15128,-3960,156,-15,-13,31,-14580,3196,-368,89,9,74,1596,15388,784,46,-56,41,798873100
idle,-15224,-4108,172,-15,3,56,-14484,3180,-300,82,9,48,1648,15236,700,5,-43,43,1803129586
idle,-15144,-3844,176,-62,-11,96,-14472,3204,-520,79,13,38,1592,15340,692,27,-45,12,4247911713
idle,-15144,-4028,380,-51,6,79,-14724,3148,-396,100,19,20,1584,15196,792,22,-56,-13,4015161271
idle,-15188,-4152,80,-54,46,79,-14444,3192,-504,124,62,28,1600,15328,820,2,-61,6,638514307
idle,-15176,-4068,108,23,10,47,-14620,3120,-440,165,86,45,1392,15120,748,-4,-12,-3,2420791777
idle,-15188,-4128,316,10,0,55,-14464,3188,-420,224,85,83,1672,15284,764,-17,17,4,2088807855
idle,-15208,-4144,232,37,-11,11,-14592,3192,-488,271,88,68,1680,15236,628,-58,-27,-14,2972239214
idle,-15116,-3908,128,-6,3,44,-14616,3256,-400,349,61,54,1624,15372,844,-45,-10,19,3251322046
idle,-15348,-3976,288,-95,27,43,-14500,3200,-408,400,81,74,1536,15252,724,-20,4,14,3347710916
idle,-15152,-3904,236,-70,-9,110,-14528,3340,-440,390,115,86,1676,15344,716,-26,9,-17,596263187
idle,-15244,-3992,164,-133,63,96,-14680,3236,-568,424,90,86,1560,15372,720,-58,-5,-26,2937460313
idle,-15240,-4128,240,-184,49,87,-14748,3264,-376,407,51,86,1612,15240,816,-42,-29,-27,4157660266
idle,-15104,-4208,264,-40,38,90,-14564,3356,-544,379,-8,71,1668,15264,740,-39,-37,5,1110769621
idle,-15144,-4056,292,14,52,41,-14652,3264,-544,304,10,59,1652,15196,900,-14,-4,-12,581508897
idle,-15192,-3956,212,-34,14,29,-14548,3312,-480,293,48,19,1532,15164,684,25,-1,5,2244656281
idle,-15092,-3908,208,-94,12,77,-14532,3172,-404,316,40,12,1608,15084,756,34,33,21,317231984
idle,-15252,-4088,240,-44,-19,112,-14608,3244,-452,351,68,40,1616,15256,848,141,-15,29,54652159
idle,-15152,-4000,204,-18,-56,128,-14696,3252,-448,358,29,32,1580,15220,780,104,-16,28,1380685558
idle,-15192,-4140,292,-177,-20,85,-14676,3364,-252,356,-9,51,1628,15232,832,98,-1,39,2590328318
idle,-15088,-4112,220,-152,-46,122,-14536,3300,-328,321,-68,68,1540,15328,712,122,29,30,2792306417
idle,-15224,-4180,176,-162,-70,44,-14644,3272,-432,239,-38,96,1552,15196,748,151,33,46,3574882771
idle,-15308,-4148,224,-73,-70,-4,-14576,3336,-292,184,-28,133,1540,15124,752,215,46,23,305297798
idle,-15264,-4108,232,-57,-83,-34,-14516,3320,-424,163,-74,98,1508,15312,792,241,54,40,3337473194
idle,-15280,-4268,324,4,-101,-96,-14468,3224,-348,215,-74,119,1496,15308,736,275,30,73,3688533570
idle,-15172,-4208,156,30,-90,-86,-14552,3272,-312,237,-98,111,1660,15312,816,283,11,66,4243061859
idle,-15244,-4088,268,0,-73,-115,-14532,3284,-532,241,-84,93,1608,15216,680,310,10,47,537178517
idle,-15188,-4072,332,-20,-126,-107,-14720,3316,-468,204,-77,81,1556,15264,676,334,8,84,494922862
idle,-15144,-4072,316,-130,-159,-97,-14572,3332,-580,113,-100,81,1564,15364,720,306,37,78,1454346556
idle,-15128,-3948,444,-164,-158,-88,-14540,3304,-408,96,-100,50,1756,15260,684,341,2,62,1215830334
idle,-15232,-4052,220,-130,-141,-99,-14552,3304,-320,82,-124,60,1484,15308,660,359,-12,72,148203046
idle,-15204,-4040,208,-111,-109,-93,-14596,3292,-528,70,-58,107,1536,15272,620,342,0,91,580078032
idle,-15216,-4072,268,-147,-140,-110,-14632,3360,-504,63,-66,119,1512,15312,616,298,-15,68,2352749330
idle,-15212,-4068,300,-161,-115,-111,-14592,3292,-396,73,-78,110,1564,15332,548,276,-21,38,838332875
idle,-15160,-4032,256,-124,-72,-80,-14596,3144,-272,71,-94,115,1572,15260,628,275,-24,54,638625448
idle,-15136,-3980,236,-98,-59,-28,-14688,3336,-608,56,-155,83,1624,15288,560,258,-33,55,2128991346
idle,-15088,-4176,136,-123,-68,-21,-14588,3268,-320,35,-80,104,1712,15336,656,246,-5,60,3770157937
idle,-15172,-4120,172,-151,-75,-19,-14676,3296,-416,28,-32,103,1668,15420,468,206,0,40,4176653592
idle,-15276,-4256,308,-148,-86,-6,-14468,3220,-400,73,-30,116,1592,15312,480,204,6,30,2520373795
idle,-15172,-4208,272,-132,-85,-9,-14596,3260,-448,110,-55,75,1664,15196,624,219,10,34,2716296664
idle,-15232,-4212,304,-120,-66,-19,-14592,3232,-448,159,-71,77,1628,15308,544,168,-16,6,324292285
idle,-15156,-4196,364,-60,-73,4,-14552,3280,-416,145,-56,75,1576,15276,508,146,-2,-4,2157767144
idle,-15204,-4128,336,-43,-103,-19,-14524,3252,-536,107,-31,102,1652,15336,408,90,36,20,287543771
idle,-15136,-4188,396,-38,-75,-13,-14560,3348,-472,125,3,57,1764,15320,408,65,20,8,916297751
idle,-15344,-4076,272,-8,-49,-8,-14612,3240,-448,129,31,50,1600,15404,440,27,53,-21,2834127450
idle,-15232,-4116,276,-7,-57,38,-14592,3260,-420,157,6,45,1616,15356,336,22,85,-21,1241664591
idle,-15232,-4068,300,13,-47,60,-14600,3372,-172,177,42,53,1540,15300,464,27,84,-32,1527338122
idle,-15264,-4092,200,64,-48,88,-14728,3312,-392,202,-24,95,1464,15200,668,62,17,-16,2882670238
idle,-15248,-4056,96,165,-41,100,-14696,3272,-432,223,-28,55,1652,15212,540,56,-35,-22,1036957835
idle,-15152,-4132,440,233,-46,95,-14632,3392,-312,158,-69,13,1636,15320,544,128,-44,-3,903673062
idle,-15156,-4004,268,170,-83,65,-14568,3348,-468,123,-58,13,1684,15268,496,94,-50,22,2424069632
idle,-15092,-4056,332,29,-87,75,-14552,3344,-460,129,-86,52,1516,15232,452,133,-37,-21,1717210871
idle,-15140,-4068,244,-20,-64,65,-14580,3292,-468,150,-67,60,1484,15276,484,107,-15,-25,3444428884
idle,-15108,-4060,428,47,-61,43,-14372,3196,-448,252,-37,91,1612,15192,532,84,-82,-39,1671303573
idle,-15164,-4084,324,22,-62,69,-14456,3208,-392,362,1,126,1708,15236,472,84,-119,-17,2599381611
idle,-15256,-4132,260,-40,-52,72,-14560,3276,-568,445,40,125,1680,15164,620,116,-93,-47,4168128384
idle,-15144,-4196,272,-67,-54,51,-14560,3340,-312,500,33,110,1636,15308,492,79,-74,-40,1002879215
idle,-15284,-4292,284,17,-64,42,-14656,3508,-436,495,-4,177,1540,15260,516,77,-53,-17,3663203389
idle,-15216,-4180,212,110,-82,31,-14548,3460,-460,390,-34,136,1592,15220,412,89,-74,-42,2197289101
idle,-15292,-4108,112,183,-95,22,-14656,3520,-376,406,-34,161,1548,15308,424,89,-66,-26,3106510445
idle,-15032,-4200,280,149,-66,36,-14592,3424,-376,357,-10,150,1592,15308,412,115,-81,-66,2904463925
idle,-15212,-4104,428,116,-43,33,-14464,3412,-304,289,-5,138,1644,15288,356,95,-77,-57,1735734912
idle,-15208,-4076,520,131,-69,39,-14432,3364,-432,275,21,126,1732,15244,556,68,-85,-39,1384754208
idle,-15172,-4104,284,41,-83,36,-14520,3428,-384,187,-33,93,1584,15292,476,52,-84,-48,3727326260
idle,-15228,-4128,436,13,-36,49,-14488,3360,-412,260,-32,80,1400,15204,556,82,-108,-43,886683367
idle,-15136,-4004,452,33,-27,52,-14592,3400,-440,215,6,77,1520,15192,544,129,-145,-25,2413113852
idle,-15228,-4156,464,64,-20,80,-14480,3476,-256,196,11,83,1468,15324,532,93,-127,-49,3826040342
idle,-15092,-4188,392,115,-20,41,-14484,3484,-316,179,-7,91,1496,15360,704,229,-123,31,138519203
idle,-15288,-4220,376,141,-48,30,-14616,3512,-404,206,-65,111,1664,15256,428,151,-106,1,3968774911
idle,-15220,-4140,280,175,-48,33,-14584,3428,-396,266,-121,123,1596,15356,444,119,-153,-36,1995757931
idle,-15196,-4148,252,138,-51,17,-14640,3388,-508,295,-122,156,1608,15356,560,134,-151,0,153970042
idle,-15244,-4172,440,175,-41,52,-14532,3408,-468,294,-81,189,1684,15320,448,99,-141,-14,2304094856
idle,-15172,-3968,344,169,-53,26,-14556,3440,-460,281,-95,160,1636,15316,508,92,-116,-9,1268718766
idle,-15112,-4072,344,99,-46,21,-14556,3436,-440,276,-66,137,1660,15284,348,97,-133,12,1064489368
idle,-15080,-4132,364,24,-49,15,-14636,3420,-368,269,-63,116,1628,15372,432,99,-107,9,993561955
idle,-15104,-4112,332,36,-63,27,-14536,3392,-372,263,-70,93,1612,15176,412,86,-124,-19,2729354064
idle,-15148,-4172,384,55,-70,9,-14512,3512,-332,247,-28,97,1748,15232,324,54,-121,-4,1237032048
idle,-15076,-4100,352,56,-51,11,-14480,3440,-568,232,-39,100,1600,15376,372,89,-104,-12,501531177
idle,-15160,-4176,252,68,-36,21,-14424,3384,-452,256,-39,113,1452,15268,300,72,-70,-2,453593649
idle,-15140,-4020,144,82,-55,13,-14548,3392,-400,319,-68,85,1556,15404,324,106,-74,5,1928858334
idle,-15256,-4100,340,18,-55,6,-14624,3400,-452,313,-37,69,1672,15292,480,121,-54,33,687613036
idle,-15172,-4132,220,-30,-88,15,-14588,3516,-520,292,-23,55,1624,15336,320,52,-24,34,1989584506
idle,-15172,-4104,196,35,-41,35,-14532,3420,-316,344,22,141,1532,15320,328,21,2,11,1452516436
idle,-15208,-4028,244,-79,-77,22,-14716,3548,-476,251,-76,144,1636,15388,360,7,-55,-7,3750344843
idle,-15196,-4168,272,-9,11,-9,-14536,3472,-484,307,-83,89,1688,15388,352,-18,-87,12,3313344158
idle,-15208,-4116,396,18,17,9,-14556,3400,-240,308,-58,73,1624,15316,268,-26,-83,40,2288539520
idle,-15120,-4048,424,39,15,7,-14604,3540,-440,196,-99,41,1640,15276,256,-48,-23,58,1417647312
idle,-15092,-3960,344,-123,39,21,-14572,3564,-388,96,-101,-9,1572,15296,448,-29,21,69,473267847
idle,-15164,-4032,364,-126,47,57,-14368,3444,-420,91,-38,15,1636,15256,432,-47,3,44,1730566862
idle,-15188,-4136,248,-96,43,85,-14560,3428,-368,91,15,-11,1664,15240,384,-44,-43,45,565270297
idle,-15172,-4160,304,-108,48,92,-14504,3396,-316,83,-4,-15,1632,15232,612,-81,-39,-4,2200629880
idle,-15136,-4208,436,-95,33,132,-14556,3440,-396,100,21,-32,1580,15332,360,-55,-35,21,1540563026
idle,-15152,-4268,428,-39,66,68,-14664,3448,-272,65,3,-21,1668,15316,576,-103,0,19,561639621
idle,-15200,-4264,272,26,42,89,-14572,3624,-472,26,-41,-26,1520,15208,448,-99,18,22,954664152
idle,-15248,-4272,312,37,53,66,-14660,3584,-368,5,-71,-49,1672,15320,444,-128,-20,33,4107097765
idle,-15208,-4232,224,70,11,68,-14524,3532,-368,6,-88,-10,1524,15424,540,-86,-33,26,1201218423
idle,-15160,-4288,284,57,49,10,-14644,3480,-380,-5,-55,-16,1636,15364,548,-81,-52,59,1973753943
idle,-15212,-4204,332,73,32,-7,-14636,3524,-472,-88,-57,-47,1716,15344,520,-115,-78,35,3584519185
idle,-15184,-4184,260,151,0,5,-14632,3496,-336,-198,-66,-102,1808,15272,476,-93,-121,44,842900870
idle,-15240,-4032,264,50,30,-27,-14552,3416,-448,-291,-75,-134,1660,15308,268,-52,-60,64,3994519888
idle,-15292,-4076,212,-37,29,-34,-14544,3292,-432,-327,-44,-154,1624,15260,528,9,4,127,4026058201
idle,-15236,-3984,384,-91,25,-34,-14548,3384,-408,-320,-35,-146,1728,15252,484,-20,32,57,2244761032
idle,-15248,-3988,196,-165,7,-20,-14628,3320,-316,-278,-33,-171,1660,15240,552,-3,30,39,484927902
idle,-15312,-4188,424,-260,17,-13,-14492,3324,-328,-234,-31,-194,1628,15320,404,-28,39,45,9384058
idle,-15156,-4128,348,-325,-29,-4,-14556,3372,-436,-202,12,-182,1608,15296,300,-19,18,84,3749233085
idle,-15216,-4356,220,-304,-8,-19,-14536,3492,-420,-233,7,-203,1668,15200,620,22,71,81,1437152692
idle,-15168,-4260,464,-232,-23,-39,-14496,3504,-256,-260,30,-176,1812,15188,464,31,54,46,2026189969
idle,-15216,-4268,344,-161,-9,-41,-14504,3552,-304,-306,23,-202,1728,15264,564,42,80,42,2441210489
idle,-15088,-4216,288,-145,-23,-52,-14464,3616,-252,-338,18,-173,1640,15308,344,56,112,39,4249280180
idle,-15156,-4184,396,-135,-38,-32,-14552,3600,-396,-356,-2,-165,1648,15316,408,29,123,21,174511783
idle,-15260,-4160,148,-130,-25,-29,-14488,3620,-184,-413,-24,-134,1652,15264,580,9,147,2,1970549938
idle,-15152,-4156,440,-142,-56,-7,-14496,3604,-252,-500,-22,-93,1748,15348,528,-25,119,-11,2742745093
idle,-15136,-4276,404,-135,-94,-9,-14512,3568,-268,-539,-42,-65,1572,15244,584,-26,109,1,389223186
idle,-15300,-4220,328,-111,-72,-22,-14512,3468,-212,-556,-19,-37,1728,15268,548,-8,140,1,759801099
idle,-15136,-4156,284,-106,-93,-37,-14608,3400,-284,-522,-20,-7,1760,15128,500,-12,134,-32,3403700944
idle,-15196,-4236,480,-115,-80,-26,-14528,3420,-348,-482,-69,-21,1816,15340,400,-2,137,-36,3083234064
idle,-15252,-4004,364,-134,-82,-34,-14600,3368,-324,-483,-11,8,1736,15380,452,-10,173,-21,2571815017
idle,-15244,-4088,276,-179,-69,-6,-14500,3280,-388,-502,32,-12,1740,15348,384,-52,211,-41,2079954029
idle,-15308,-4136,344,-179,-52,23,-14412,3356,-468,-499,71,1,1620,15360,424,-65,193,-60,3040024291
idle,-15216,-4100,220,-177,-36,39,-14564,3188,-416,-394,102,-8,1664,15340,396,-55,124,-100,1175804097
idle,-15172,-4128,344,-156,-14,54,-14576,3144,-416,-246,72,-51,1656,15312,472,-123,130,-105,218883081
idle,-15052,-4112,300,-99,11,94,-14556,3156,-452,-200,56,-127,1740,15284,552,-92,84,-74,1805664947
idle,-15124,-4128,356,-85,-3,102,-14488,3276,-416,-204,88,-155,1560,15260,512,-94,89,-23,753230636
idle,-15160,-4112,316,-157,34,144,-14472,3328,-332,-215,115,-148,1600,15260,472,-86,114,3,3614555065
idle,-15104,-4240,272,-92,94,229,-14640,3428,-312,-187,114,-145,1544,15220,520,-123,108,-27,247651663
idle,-15088,-4252,352,-77,62,232,-14620,3400,-280,-162,130,-100,1640,15296,620,-98,81,-44,2153241203
idle,-15196,-4408,424,74,47,274,-14584,3352,-384,-111,104,-96,1616,15356,596,-140,85,-74,3665576437
idle,-15256,-4240,284,56,15,240,-14608,3368,-376,-139,78,-53,1620,15320,632,-133,87,-72,2984748258
idle,-15292,-4428,448,-53,18,206,-14596,3428,-436,-178,66,-38,1660,15448,624,-171,107,-72,2668782506
idle,-15236,-4340,388,165,-24,166,-14632,3404,-348,-243,24,-16,1616,15324,640,-120,88,-91,264802763
idle,-15208,-4312,304,238,-25,104,-14540,3416,-452,-287,29,-19,1604,15404,704,-140,58,-85,2652490559
idle,-15188,-4316,340,292,0,86,-14544,3252,-328,-234,42,11,1480,15288,688,-146,62,-54,1380429270
idle,-15144,-4192,256,285,-2,87,-14528,3320,-308,-213,31,-17,1504,15228,556,-174,42,-54,1621781658
idle,-15080,-4136,300,313,5,85,-14660,3292,-252,-167,34,-13,1564,15252,612,-128,-3,-39,1159890037
idle,-15140,-3988,196,300,10,84,-14636,3256,-372,-186,-12,-55,1540,15140,544,-105,-14,-58,793087106
idle,-15156,-4076,372,285,25,147,-14484,3344,-404,-141,-49,-46,1540,15136,628,-43,24,-35,4058154209
idle,-15152,-4048,152,245,40,157,-14728,3300,-360,-122,-65,-57,1528,15212,560,-7,-17,-14,3851149110
idle,-15140,-4176,368,261,45,180,-14632,3288,-276,-113,-49,-66,1676,15236,568,-25,-26,-68,831651975
idle,-15276,-4040,416,263,76,167,-14516,3272,-348,-120,-5,-18,1564,15232,524,-37,-33,-41,3702846187
idle,-15208,-4100,352,216,36,136,-14436,3276,-176,-148,24,2,1676,15320,580,-55,-60,-49,1945910836
idle,-15104,-4136,276,184,27,99,-14464,3232,-240,-108,34,11,1580,15376,560,-80,-61,-48,2106026834
idle,-15196,-4044,296,156,26,100,-14532,3312,-348,-87,-19,-7,1604,15316,588,-90,-29,-57,2196862415
idle,-15204,-4212,376,147,57,98,-14552,3284,-516,-98,-31,-15,1752,15300,644,-104,-29,-35,4035606323
idle,-15176,-4152,380,140,22,97,-14600,3144,-188,-105,-12,-48,1556,15228,652,-84,-48,-23,2307293731
idle,-15260,-4228,192,186,20,134,-14440,3252,-368,-109,27,-76,1556,15176,688,-48,-70,-5,1526302417
idle,-15192,-4144,468,159,35,118,-14640,3208,-356,-55,31,-84,1624,15148,596,46,-73,14,2220330889
idle,-15164,-4304,328,175,17,149,-14672,3264,-324,2,-4,-110,1616,15052,684,125,-54,5,1985127243
idle,-15216,-4216,280,222,-13,84,-14684,3292,-280,63,-43,-77,1592,15104,652,177,-24,-5,2840320222
idle,-15216,-4296,232,259,-60,66,-14612,3388,-212,120,-42,-86,1520,15116,616,231,-26,0,3720043581
idle,-15264,-4196,344,232,-64,5,-14568,3308,-180,137,-30,-40,1596,15284,756,253,-3,21,1228545937
idle,-15100,-4112,344,208,-105,-4,-14556,3388,-232,155,-37,0,1624,15364,656,207,-13,-7,3194677935
idle,-15148,-4092,348,203,-78,-58,-14648,3480,-220,147,-32,19,1576,15352,704,227,-70,24,101839391
idle,-15188,-4156,296,151,-105,-80,-14692,3556,-184,55,-80,23,1616,15292,704,195,-27,-9,3146389084
idle,-15208,-4076,328,121,-86,-63,-14636,3488,-200,-42,-76,-1,1436,15260,524,180,-35,-14,711673250
idle,-15264,-4124,152,133,-62,-63,-14504,3432,-268,-187,-84,80,1472,15368,460,191,-33,11,1104865359
idle,-15248,-3976,204,152,-60,-30,-14660,3516,-408,-297,-112,113,1580,15312,512,200,-32,-20,3862188721
idle,-15144,-4088,428,162,-69,-52,-14528,3352,-344,-363,-139,41,1712,15268,524,234,-20,-1,924035837
idle,-15204,-4092,396,215,-62,-56,-14584,3352,-288,-398,-145,19,1736,15304,528,266,-68,33,3328936324
idle,-15168,-4028,316,196,-92,-46,-14476,3304,-348,-367,-139,3,1648,15160,528,326,-27,44,355753127
idle,-15252,-3972,416,31,-77,-44,-14548,3252,-340,-283,-120,36,1652,15276,468,299,-14,35,1480596747
