jamesbond,-12508,-9884,-640,-12193,-4764,-1956,-13408,16268,4936,-2091,1710,8399,-572,17372,1152,2857,20557,4030,1636447333
jamesbond,-12620,-9604,-240,-10711,-4694,-2566,-13976,17180,4632,-311,1372,10110,1020,19068,2400,1780,19018,4433,200037909
jamesbond,-12492,-9840,1788,-11909,-5086,-3113,-14564,18572,3748,-224,564,10912,3284,16804,2792,1221,17840,4476,1340782332
jamesbond,-13176,-12372,5020,-18814,-4683,-2579,-14772,21224,3416,-2892,-1144,12094,3428,13892,2004,1229,18428,4364,2942698412
jamesbond,-14004,-16768,5612,-21091,-6841,-3453,-14364,21676,2052,-7489,-3123,13063,4188,12468,1756,2031,20122,4050,2203655791
jamesbond,-15140,-17020,2948,-18688,-11140,-6438,-13408,21172,252,-11365,-4794,15097,3468,13260,1676,2485,21396,3537,2978042478
jamesbond,-14372,-15808,108,-11333,-14991,-8328,-12928,20900,596,-14442,-5771,17264,1260,14644,2880,2616,20882,3202,4261912369
jamesbond,-13488,-14060,-2092,-4524,-15339,-5901,-13820,21100,1208,-17793,-6038,19578,-540,15180,4688,2531,18173,3067,2096449257
jamesbond,-11760,-12100,-3904,-2539,-13689,-4064,-15884,21992,744,-21354,-6707,21282,-184,15468,3364,2646,15106,2864,4166594567
jamesbond,-10248,-10792,-3960,-3486,-11433,-2317,-18216,23328,100,-24594,-7874,22216,1152,15152,2168,2665,12791,2349,3120822476
jamesbond,-9432,-10552,-4332,-7377,-8445,-1207,-20328,24624,-1288,-25808,-8851,22993,2940,15668,1848,2761,11209,1781,3534723247
jamesbond,-9992,-12108,-3608,-9689,-5501,-559,-21960,25744,-1636,-24675,-10447,24078,4160,16580,1368,2734,10310,1346,3902110513
jamesbond,-9884,-12968,-2772,-10698,-3454,161,-24284,27628,-1424,-21873,-11822,26232,4780,17856,1180,2145,10077,1268,3109599516
jamesbond,-9480,-13896,-2420,-10721,-1959,453,-25236,28080,-692,-17919,-12434,29756,4912,17820,1096,1438,10326,1597,2224252530
jamesbond,-8764,-14752,-1120,-9939,-1867,-50,-24708,27392,-352,-13020,-12308,32767,4344,17164,844,709,10270,2141,3748737322
jamesbond,-9364,-15388,-520,-7934,-3091,-719,-24276,26068,-100,-9154,-11604,32767,2776,15716,1532,318,9959,2680,199518106
jamesbond,-8992,-14356,-232,-6237,-4512,-902,-24264,25268,-4,-6855,-10723,32767,3064,14900,1712,114,9484,3061,2510890560
jamesbond,-8184,-13640,-240,-7102,-5067,-660,-23216,24332,484,-6373,-10048,32767,3508,14288,1312,86,8945,3151,2334966930
jamesbond,-8200,-13972,576,-8746,-5211,-203,-21052,21824,1672,-6326,-8871,32767,4184,14108,1020,9,8824,2925,318204695
jamesbond,-9088,-14816,1464,-8177,-4421,316,-19012,19488,1836,-6045,-8155,32767,4428,14156,1632,35,8897,2626,1016386738
jamesbond,-9108,-14144,1656,-5913,-3583,856,-18568,18572,1572,-4485,-7662,32767,4716,14628,1596,152,9224,2549,2227336138
jamesbond,-9240,-13848,1308,-4510,-2740,990,-18676,17844,636,-1667,-7119,32767,5304,14888,1248,211,9656,2566,895996493
jamesbond,-9836,-13472,1212,-3811,-2179,1036,-17332,17628,1332,355,-6266,32767,5904,14928,1032,178,10134,2535,345236975
jamesbond,-10024,-13536,1172,-3567,-2258,858,-16064,15596,1976,117,-4933,32767,6140,14820,928,188,10833,2502,898477312
jamesbond,-11824,-14432,1176,-3085,-2576,798,-14496,13324,2712,-605,-3412,32767,5992,14864,776,358,11742,2570,2107234251
jamesbond,-12428,-14240,1380,-2041,-2692,807,-12336,10160,3136,-2135,-2444,32767,5504,15064,956,554,12613,2855,1649759313
jamesbond,-12688,-13456,1592,-936,-2614,624,-9592,6728,3336,-3013,-1315,32767,4968,14740,1328,794,13249,3147,548863121
jamesbond,-12212,-12924,1648,-228,-2611,433,-6912,3868,2428,-1007,183,32767,3672,14180,1588,1092,13490,3357,638245755
jamesbond,-12076,-11716,1684,-1161,-3108,201,-4812,1476,2304,2941,1748,32767,4508,14332,1260,1257,13802,3505,4061479715
jamesbond,-12544,-12076,1064,-3668,-3823,586,-936,-3736,2656,7249,3192,32767,4520,13740,1616,1399,13845,3494,3896718634
jamesbond,-12544,-11788,1308,-5154,-4104,505,4652,-14236,2296,12184,5491,32283,4032,13148,2668,1882,13890,3354,1607920166
jamesbond,-12432,-11580,1740,-5520,-4396,284,11144,-14932,2788,12458,6922,24486,3544,12532,3236,2563,13825,3415,2567249562
jamesbond,-12680,-11436,2044,-5102,-4961,134,7948,-11336,4184,7228,10229,13548,3104,12076,2956,3159,13532,3554,3581468020
jamesbond,-12592,-11720,3152,-4395,-5601,130,4180,-4000,6624,4728,13738,4487,4264,12232,2856,3900,12924,3656,2131973057
jamesbond,-11844,-11392,3016,-3936,-6262,287,1096,6560,7484,6937,16154,1378,5176,12744,1412,4268,12893,3781,3405594566
jamesbond,-11700,-10552,3556,-4991,-6891,494,-3648,16356,8744,8976,13599,5349,6144,13616,1016,4393,13292,3846,152526423
jamesbond,-12048,-10604,3532,-6696,-7413,392,-3180,24448,11668,7620,8959,11810,6328,16108,584,4209,14486,3810,1928085456
jamesbond,-12392,-10100,2784,-8997,-8631,301,-1532,22808,15368,3055,8184,14455,5052,20180,444,3362,16592,2912,1045793565
jamesbond,-14188,-10348,1620,-10951,-8989,-49,2848,15444,15420,4032,6892,14858,384,24792,1244,2039,17598,1796,1039901726
jamesbond,-15996,-10484,400,-13861,-8334,193,6048,10452,15208,7522,5601,14124,-4124,22452,2676,1229,15153,990,3931983902
jamesbond,-17228,-12400,-292,-16446,-7608,1171,8236,6756,15852,11157,4558,12684,-4684,17892,2796,637,10595,352,4221335333
jamesbond,-16928,-14052,-932,-16884,-7197,2456,9280,6988,16648,12474,3400,10713,-3264,15348,3208,309,7446,-47,1565352635
jamesbond,-15376,-14668,-1252,-15557,-6848,2911,10460,7060,16864,11251,2384,8665,-228,14428,3040,570,6474,-136,810577286
jamesbond,-13944,-14196,-884,-14127,-5881,2219,10984,7056,15832,9247,2113,7103,1504,14140,3496,882,6737,69,1487438430
jamesbond,-12168,-14180,340,-11334,-4146,639,10876,6932,14492,7038,2184,6495,2340,14404,3156,946,7643,314,4216625234
jamesbond,-11272,-13516,1748,-7074,-1725,-1349,10788,6600,13092,6910,2715,5948,1880,14756,3124,740,8530,566,2745435313
jamesbond,-10996,-11656,2268,-2272,691,-3228,10232,6740,11868,5919,2932,4464,468,15348,3220,514,8949,741,949853701
jamesbond,-11172,-10432,2844,944,2077,-3398,9284,6300,11012,4979,2750,2797,-920,15240,3784,272,8479,778,1326394228
jamesbond,-11060,-9648,4848,3736,1943,-3021,8572,6488,9940,3705,2204,1003,-1412,14648,4648,358,7522,529,1165901310
jamesbond,-14396,-6240,4116,4966,-745,-1959,7456,6608,9048,2988,1534,-805,-2604,14488,4204,260,6026,304,2623634584
jamesbond,-10752,-8984,4936,5161,482,766,7132,6436,8180,3318,1071,-2141,-2984,14236,4412,174,4520,29,3282254755
jamesbond,-13604,-5932,5388,1543,-1610,401,6556,7052,7456,3991,786,-3241,-2944,14360,4056,7,2572,-397,3176558797
jamesbond,-12824,-8012,4600,-2825,-1123,2369,6144,7484,6656,4290,818,-4685,-2196,14256,4116,-143,1305,-648,1145625185
jamesbond,-13484,-8680,3904,-6581,-2108,2234,5460,7476,5764,4145,1006,-6437,-2412,14332,4696,-1,308,-718,2426520680
jamesbond,-13412,-9800,3124,-9202,-3049,1698,4408,6960,4712,4102,1470,-8475,-2104,14756,3988,-139,-909,-897,2222726697
jamesbond,-13812,-10708,3144,-9378,-3400,1577,3616,6716,2636,3709,1790,-10292,-1756,14636,4588,-45,-1291,-902,489091974
jamesbond,-13192,-10884,2176,-8384,-3449,1107,2820,6684,1508,3568,2107,-11344,-1304,14444,3664,-148,-1968,-827,1783308811
jamesbond,-12544,-11036,2744,-6996,-2774,868,2392,6792,2188,4402,2623,-12591,-784,14316,4548,-71,-1914,-837,3892594529
jamesbond,-11704,-10304,1788,-5759,-2459,411,1732,6188,2380,5408,3597,-14401,-1048,14176,4004,39,-2203,-767,1250310709
jamesbond,-12592,-10272,2384,-3666,-1336,430,1008,5984,2440,6202,4595,-16689,-1440,14408,4164,35,-2460,-675,1177190842
jamesbond,-11488,-10392,2216,-2200,-487,408,192,5944,1644,6920,5289,-19490,-2056,14552,4108,12,-2914,-639,3401824590
jamesbond,-12112,-10436,2296,-74,257,273,-1180,6828,828,7876,5442,-22606,-2476,14748,3764,-245,-3304,-677,1864720009
jamesbond,-12072,-10892,2400,1925,537,158,-2188,8748,768,8771,5280,-25454,-2660,14868,3672,-438,-3970,-761,368709625
jamesbond,-12244,-10792,2372,4231,544,-170,-3980,10344,1848,10267,5316,-27808,-2984,14944,3956,-675,-4881,-904,1207104294
jamesbond,-11820,-10836,2220,5242,824,-234,-5492,12664,2776,10684,5406,-29633,-3084,14796,3648,-755,-5969,-910,2465680257
jamesbond,-12432,-10584,2012,6398,886,-334,-8024,14968,2896,10540,4884,-31438,-2952,14860,3592,-668,-6846,-878,2667300033
jamesbond,-12120,-10832,1744,7056,1534,36,-9184,16552,2064,10171,4051,-32768,-2752,14928,3216,-582,-7734,-920,4235230957
jamesbond,-12628,-10904,1508,7967,2258,220,-9920,17736,1928,8845,3228,-32768,-2328,15548,2852,-619,-8534,-996,2795835214
jamesbond,-12724,-11736,1404,9182,3234,484,-11792,18772,1268,9110,1613,-32768,-1920,16492,2640,-897,-9569,-1182,2130075480
jamesbond,-13112,-11788,1316,10806,4599,521,-12552,21316,2460,8136,1229,-32768,-1132,17304,2796,-1454,-10446,-1390,4155795786
jamesbond,-13212,-11244,1056,11548,5934,53,-15916,21308,5092,8249,1351,-32768,376,17752,2388,-2175,-11253,-1843,4012707069
jamesbond,-13128,-11284,948,11769,7169,-429,-17408,22248,4780,8813,1439,-32768,1848,17428,1964,-2925,-11707,-2394,2770703328
jamesbond,-12836,-11388,880,11639,8151,-509,-17752,22724,4356,10647,423,-32768,2316,16332,2272,-3350,-11820,-2926,4156820045
jamesbond,-12688,-11576,1188,11640,9066,-302,-18348,22076,5160,10942,-828,-32768,2368,15192,2420,-3513,-11911,-3202,3125640752
jamesbond,-12612,-11792,1312,11982,9858,88,-18948,21364,4412,9929,-1216,-32768,2636,15368,2868,-3370,-11695,-3303,54877024
jamesbond,-12400,-11184,912,11896,10383,423,-18020,21716,3620,9708,-1377,-32768,3420,17064,2704,-3482,-11845,-3124,2472918305
jamesbond,-12604,-11272,732,11569,10626,955,-18824,20840,2856,9521,-1082,-32768,5892,17308,2596,-3812,-12337,-3105,764278009
jamesbond,-13144,-11664,1268,11645,10565,1780,-19820,20836,1736,10099,-749,-32768,7520,16808,2932,-3850,-12078,-3407,1728690238
jamesbond,-13380,-12660,1168,12404,10518,3060,-19456,21972,664,11209,685,-32768,7436,15952,2696,-3645,-10799,-3584,585599765
jamesbond,-13304,-13424,1328,13897,10399,4077,-19848,21632,-4,12281,2158,-32768,5696,15692,2680,-3013,-9500,-3226,3075380563
jamesbond,-13088,-13700,1264,15077,9873,4605,-20304,22016,-552,14812,3683,-30774,3948,15548,2760,-2431,-9266,-2557,2788716983
jamesbond,-13132,-13512,1044,15074,9442,4775,-19436,22936,-16,15891,4846,-27852,2608,15408,3804,-2246,-10418,-2234,175666653
jamesbond,-13120,-12796,1152,13819,8845,4533,-19108,23080,628,14888,5890,-24965,2288,15376,3588,-2092,-12067,-2452,123800095
jamesbond,-13080,-12416,928,12115,8105,3991,-18940,23048,1328,12412,6477,-22441,2744,14836,2212,-2106,-13355,-3018,2968619867
jamesbond,-12640,-12384,772,10228,7077,3264,-17552,21416,1796,9826,6603,-20295,3372,14344,1808,-2164,-14133,-3500,1758857746
jamesbond,-12272,-12760,604,8786,6121,2633,-16512,19776,2228,8919,6403,-16824,3420,14044,2460,-2321,-14689,-3498,1463937378
jamesbond,-11400,-12828,604,8368,5455,2372,-15228,17956,2568,9434,5902,-12937,3916,13980,2176,-2318,-14982,-3245,197420060
jamesbond,-10572,-12304,480,8100,5085,1829,-13820,16608,2988,10879,5037,-10037,4248,13636,2088,-2336,-14979,-2882,1683498416
jamesbond,-9884,-12032,284,7942,5197,1325,-12360,14844,2744,12058,4243,-7695,4040,13508,2456,-2314,-14975,-2586,1480179983
jamesbond,-9488,-11592,172,7846,5713,931,-11196,13168,1732,14048,3090,-6247,3800,13328,2816,-2218,-14989,-2384,1820378591
jamesbond,-9508,-11072,40,7794,6238,960,-10776,12556,1368,15901,2379,-5117,3636,13128,2744,-2011,-15077,-2323,2849928630
jamesbond,-9452,-10744,336,7805,6921,1272,-10508,12280,1956,16559,2172,-3769,3600,13084,2768,-1774,-15377,-2372,3981887989
jamesbond,-9928,-10272,668,8009,7743,1793,-10396,12136,1676,16547,2308,-2241,3976,13072,3052,-1463,-15765,-2465,2305395701
jamesbond,-10240,-9764,1180,8446,8256,2296,-10680,11608,1364,16548,2113,-900,4516,12904,3004,-1036,-16187,-2711,814396158
jamesbond,-10184,-9020,1808,8721,8536,2724,-10920,10768,844,17073,1661,259,4548,12892,2804,-704,-16689,-3005,466005288
jamesbond,-10936,-9028,3056,9434,8587,3257,-11188,9460,808,18218,709,992,4316,13192,2588,-482,-17024,-3197,528121921
jamesbond,-11592,-8712,4268,11462,8813,4101,-11420,8660,928,20965,224,2014,4324,13576,2876,-161,-17200,-3402,4118195005
jamesbond,-12348,-8300,5104,13877,8522,5461,-11800,8784,660,22872,-336,2697,3944,14480,2524,131,-17260,-3445,761072124
jamesbond,-13196,-7604,5392,15748,8272,7417,-12632,7924,464,24106,-1133,2963,3124,15436,2452,80,-17479,-3274,555011577
jamesbond,-13936,-6532,4840,15308,8409,10116,-13216,7988,172,25130,-2051,3244,2776,15712,2792,-250,-18055,-3133,4002919817
jamesbond,-14824,-5928,4204,12816,8548,13259,-13620,7504,168,25966,-2937,3493,2496,15648,2768,-524,-18793,-3243,2371902167
jamesbond,-15688,-7856,3076,8988,8953,16013,-14000,6768,-12,26653,-3874,3745,1984,15804,2584,-1018,-19725,-3548,4278665578
jamesbond,-17252,-10100,2548,5047,8604,18298,-14296,6508,292,25870,-4883,3556,1500,16348,2228,-1608,-20986,-3838,3022656079
jamesbond,-19668,-13896,2272,3898,6391,19247,-14892,4868,580,25227,-5467,2471,1060,16736,2084,-2352,-22456,-4129,87437667
jamesbond,-20044,-16488,2200,7494,2351,16992,-15400,5452,972,21745,-6498,1464,1084,16524,1844,-3125,-23984,-4403,3042073065
jamesbond,-18836,-19044,2036,12742,-951,12607,-15132,4856,556,18979,-7266,891,1404,15688,1532,-3623,-24968,-4629,795374028
jamesbond,-18164,-20284,1788,15993,-3679,8984,-15464,5076,796,16158,-8078,619,2180,16064,1936,-3844,-24852,-4718,287743733
jamesbond,-17360,-18704,1316,16764,-5847,6789,-15820,4276,528,12440,-9276,-133,2528,17180,2548,-3779,-23653,-4699,990713934
jamesbond,-17988,-17844,488,15011,-7553,5163,-16108,3736,844,12048,-10586,-230,1172,16232,2972,-3522,-24523,-4237,2101354051
jamesbond,-17336,-18440,-212,12624,-8825,4285,-15408,4176,268,18794,-10678,1251,1696,14508,1356,-3150,-26140,-3663,3745118276
jamesbond,-15808,-18444,-668,11863,-9475,2799,-15056,6756,-140,25537,-10409,1959,3456,13064,628,-2490,-25955,-3264,1835846422
jamesbond,-14944,-17896,-836,11177,-9855,608,-14768,8564,-756,27391,-9925,1331,5680,13260,184,-1880,-23718,-3173,4178022709
jamesbond,-15092,-18752,-340,12089,-9690,-1834,-14892,10008,-1572,25899,-8876,1512,6708,14344,728,-1322,-20316,-3232,2310522547
jamesbond,-15604,-19952,-828,16054,-9370,-4113,-14816,10452,-1948,22773,-8114,1837,4840,15344,728,-719,-17995,-3019,3782824371
jamesbond,-16904,-18772,-3220,19389,-9598,-6056,-13276,10228,-2124,20482,-7675,2054,2552,16328,428,-750,-17115,-2580,3854747956
jamesbond,-17524,-17712,-4880,20390,-10231,-7930,-12600,10512,-1540,18679,-7274,2103,2284,16768,204,-1109,-16673,-2420,1238792980
jamesbond,-18064,-18248,-4940,19988,-9910,-10243,-11864,10340,-896,17166,-6923,1728,2272,17024,-260,-1386,-16660,-2708,1350361855
jamesbond,-18872,-19900,-4432,20591,-8730,-13635,-11316,10032,-572,16074,-6538,977,2324,17044,-568,-1642,-15970,-3146,972348941
jamesbond,-20692,-19976,-6468,17314,-7629,-17833,-11092,9772,-348,15319,-6089,132,2452,17024,-244,-1764,-15377,-3590,3608852146
jamesbond,-21912,-20856,-7220,11057,-6931,-22860,-11232,9876,-380,14644,-5632,-661,2504,16640,132,-2022,-14580,-3942,1680471562
jamesbond,-23676,-23164,-6708,6428,-6152,-27800,-11116,10372,-236,14242,-4997,-1262,2432,16280,-124,-2398,-13934,-4197,188111448
jamesbond,-24084,-24664,-6420,4391,-5224,-32768,-10660,11184,-160,13607,-4373,-1193,1940,15204,536,-2526,-13319,-4351,4122816024
jamesbond,-24948,-25304,-6536,4673,-4445,-32768,-10432,11368,80,12970,-3640,-773,1532,14064,1056,-2406,-13064,-4564,4150080706
jamesbond,-25612,-25120,-8256,5717,-2028,-32768,-10596,11808,528,11968,-2937,-43,456,13700,1320,-2173,-13174,-4773,1704128828
jamesbond,-26284,-24412,-6116,6126,1393,-32768,-10564,11996,928,10074,-2442,730,-2104,13292,1184,-1770,-13599,-4856,3007389468
jamesbond,-27220,-24808,-4820,8701,5358,-32768,-10872,11540,1040,8075,-2183,1209,-324,13356,432,-1468,-14042,-4784,105212351
jamesbond,-28008,-24164,-5744,8699,7145,-32768,-11400,10880,1332,6513,-2030,1596,-424,13224,376,-1176,-14420,-4644,3715209902
jamesbond,-28168,-24464,-6056,6996,8057,-32768,-12044,10504,1064,5364,-2362,1567,-444,13404,288,-943,-14622,-4423,2397264555
jamesbond,-28852,-25980,-5156,4177,9386,-32768,-12420,10184,384,4791,-2901,1346,-568,13980,-212,-756,-14696,-3942,355915603
jamesbond,-29280,-26408,-3772,1835,10766,-32768,-12688,9616,336,5184,-3600,1242,-448,14444,-464,-702,-14667,-3433,3823995461
jamesbond,-31096,-27404,-2892,1892,11024,-32768,-13076,9432,204,6202,-4244,1275,-120,14984,-140,-804,-14428,-3053,1543227097
jamesbond,-32768,-31580,-2612,4843,10868,-32768,-13100,8668,-264,8175,-4512,1708,-64,15520,-224,-1092,-14227,-2838,1568636098
jamesbond,-32768,-32768,-1200,6739,8957,-32768,-13112,8660,56,10356,-4789,2149,-1028,15816,-44,-1338,-14287,-2627,3748793279
jamesbond,-32768,-32220,56,5669,6649,-32768,-12900,8548,220,11772,-4889,2307,-2024,15656,20,-1566,-14693,-2414,1010814943
jamesbond,-32768,-21884,2636,-2762,4958,-32768,-12736,8460,476,12432,-4978,2375,-2152,15316,736,-1349,-15355,-2496,3078483665
jamesbond,-32768,-13716,7844,-5820,4439,-32768,-12772,8340,836,12045,-5425,2122,-1532,14296,1156,-597,-16788,-3015,3955613566
jamesbond,-30028,-4328,7820,424,5559,-32768,-12724,8020,820,11544,-5986,1728,-1512,12940,848,309,-18533,-3617,2097053278
jamesbond,-23544,8260,8636,444,8529,-32768,-12828,7616,552,11488,-6817,1281,-460,11948,812,1108,-19349,-3750,3161893690
jamesbond,-17312,17248,10368,-3571,11442,-32768,-12964,7288,188,12007,-7684,766,2044,12012,2396,2304,-18968,-3336,4139875054
jamesbond,-11644,21004,11464,-6276,11441,-32768,-13544,7544,316,13015,-8177,476,5164,15240,1872,3305,-17743,-2776,4068934204
jamesbond,-7032,18992,12036,-7529,8254,-23930,-14908,7292,156,14403,-8331,-180,7068,20572,636,2999,-15902,-1668,3670797814
jamesbond,-328,13108,11100,-8042,4596,-14851,-16032,7132,-672,16787,-8203,-1269,9608,22472,856,2026,-12558,-368,2798596169
jamesbond,4280,4140,9592,-6289,1634,-7012,-16752,7932,-1456,19523,-7573,-2341,8956,21720,2328,1438,-8952,790,3855122926
jamesbond,7428,-3072,7960,-4613,758,-2073,-16572,9064,-1824,21653,-6317,-3131,7556,18220,1252,1107,-6845,1518,216578013
jamesbond,9576,-8872,5900,-6305,621,401,-15964,10064,-1172,22214,-4774,-3566,5108,16084,2052,463,-5700,1683,635583574
jamesbond,10708,-12704,5436,-6264,1245,546,-15136,10880,312,20047,-3276,-3455,3448,15308,2840,-130,-5715,1519,2098956483
jamesbond,11648,-13740,4244,-7352,1491,-469,-14680,10368,2856,15770,-2025,-2671,2916,15204,2284,-572,-5968,1113,2033114746
jamesbond,12660,-13600,4216,-7568,1536,-577,-14344,8888,4820,10132,-803,-2089,3532,15508,1844,-1163,-6302,497,725168938
jamesbond,12936,-12656,4180,-6037,1548,173,-14704,7596,6836,4202,-279,-1178,4456,16144,2540,-1793,-6853,-5,3858290348
jamesbond,12820,-12624,4320,-3546,1953,850,-15448,3544,8512,-12,-1309,-1728,5204,16372,3288,-2507,-7043,-181,4181789161
jamesbond,12120,-12752,4140,-1109,2252,1440,-14100,956,7868,2725,-2517,-2029,6128,15696,3704,-2844,-6239,-53,4294188940
jamesbond,11856,-12152,3600,-181,2055,1582,-13180,2880,5752,7710,-1752,-952,6604,14256,3988,-2675,-4324,316,2214257739
jamesbond,11256,-11256,2992,4,1903,2399,-13140,5012,3580,11031,-488,37,7044,12584,3936,-2039,-2114,714,252060071
jamesbond,10464,-10320,2364,-622,2155,3603,-13116,7188,2588,11802,156,769,6816,11728,4092,-1297,-450,958,2109359646
jamesbond,9716,-9900,1676,-2285,2809,5319,-12828,7708,1996,9542,-122,1031,6048,11996,3940,-610,708,1213,3507137654
jamesbond,8996,-10000,1240,-4269,3760,7116,-12520,8148,1304,6288,-381,1070,5832,12608,4224,-215,1440,1425,3074685900
jamesbond,7868,-10272,1088,-5731,4711,8723,-12180,7756,824,3253,-290,970,5928,13260,4396,14,1976,1463,1091145990
jamesbond,7056,-10752,816,-6585,5329,10197,-11752,7720,448,1225,-345,922,6436,13688,4100,236,2484,1338,270783647
jamesbond,6052,-10920,1096,-7759,5225,11165,-11464,7444,156,-252,-276,964,6536,13656,3924,434,3096,1127,4161746814
jamesbond,5196,-10720,1132,-7911,5579,12747,-11412,6692,36,-852,125,1212,6272,13344,4140,568,3725,960,2251162959
jamesbond,4924,-11060,1728,-7431,5946,14206,-11728,5200,-660,-425,482,2197,6616,12948,4116,906,4331,808,934523318
jamesbond,4500,-10632,1832,-6895,6480,16031,-11284,5000,416,881,-182,4427,6724,12980,3608,1247,5003,677,3832469895
jamesbond,4340,-10080,1484,-7327,6788,17475,-12012,7152,1276,2102,378,5481,7024,13212,3704,1413,5652,525,2445263668
jamesbond,3172,-9820,860,-9443,6235,19368,-12764,8416,1484,1315,1530,4263,6792,13808,4008,1543,6380,353,2300568864
jamesbond,2452,-10624,460,-12202,5179,21446,-12876,8060,1220,-1021,2310,2429,6308,14176,3712,1600,7141,295,3387726050
jamesbond,1348,-11580,628,-14133,4234,23323,-12824,6916,968,-2231,3016,1407,5872,14428,3848,1474,7745,253,3260609467
jamesbond,444,-13472,652,-14167,3629,24797,-13084,6476,1212,-2971,3906,1212,5248,14948,3972,1279,8094,177,3567768984
jamesbond,-352,-13240,96,-14958,3212,25717,-13512,6708,1712,-4602,4718,1213,4460,15492,3916,1077,8345,103,1457909736
jamesbond,-1884,-13960,-184,-16364,1769,26543,-14072,6896,2216,-6504,5144,951,4000,16008,3568,731,8419,44,3304139206
jamesbond,-2616,-14320,-472,-18624,263,27586,-14524,7072,2392,-8964,5276,688,3796,16308,3124,319,8275,11,2464329934
jamesbond,-3712,-15792,-788,-19172,-2100,28512,-14872,7212,2372,-11343,5215,458,4228,16124,3284,-319,8010,66,3897979515
jamesbond,-5120,-16672,-1612,-16958,-4592,29786,-14900,7456,1488,-13620,4992,297,4084,16112,3184,-831,7686,209,547863726
jamesbond,-7416,-16668,-3924,-15432,-6858,31030,-14916,7276,912,-15278,5161,442,5640,15856,3024,-1095,7995,261,2908468157
jamesbond,-7572,-17116,-3760,-16792,-7265,31082,-14788,6988,240,-16100,5431,599,5140,15572,2656,-1231,8593,339,3735906857
jamesbond,-10024,-17660,-3480,-17854,-7963,31064,-14368,7160,20,-16801,5568,309,4488,15380,2272,-1210,9378,620,4047620247
jamesbond,-10544,-21988,-1616,-15679,-8470,32366,-13688,6660,-792,-16395,5524,172,3596,16552,2108,-899,10012,978,2128927656
jamesbond,-10624,-21936,-1212,-10024,-9332,32568,-13640,6092,-1516,-16132,5746,-280,3492,18124,1160,-998,10378,1300,2910314718
jamesbond,-12548,-21332,-768,-4392,-9111,32767,-13556,4424,-1980,-11606,5595,129,3176,18672,776,-1473,10756,1120,3003949111
jamesbond,-15004,-19900,-1152,769,-9391,32767,-14256,6516,-1556,-5681,4546,172,2544,16944,800,-1849,11344,630,2279660465
jamesbond,-16612,-19088,-2040,2844,-10483,32767,-14572,8668,-1112,-1583,3386,-1124,148,15272,1576,-1724,12001,298,4029214552
jamesbond,-17912,-18396,-3632,2451,-12643,32767,-13704,9620,-668,676,2620,-2482,-736,14100,1372,-1072,11506,391,1655756650
jamesbond,-19736,-16212,-3772,308,-13976,32767,-12852,9744,-628,1783,1954,-3143,-1188,14596,904,-585,10439,676,1088171437
jamesbond,-19504,-16064,-3232,-638,-14877,32767,-13044,10152,-292,1978,1520,-3511,-452,15816,1212,-296,9454,1128,3264897007
jamesbond,-23084,-13044,-2860,-603,-15145,32767,-13444,11128,-16,1179,1618,-3691,1008,16584,1864,-92,9340,1410,699381641
jamesbond,-24764,-15084,-2352,-1168,-17258,32767,-13300,11860,-512,-1812,1715,-4559,2232,16360,2004,-41,10595,1582,4121474520
jamesbond,-24856,-16572,-2088,861,-14234,32767,-13616,11948,-1504,-5217,1951,-5689,2056,15660,1896,93,12023,1803,2693791202
jamesbond,-23616,-16760,-1320,2129,-10547,32031,-12920,11684,-2476,-6831,2580,-5167,1140,13852,1196,324,12700,2381,3734220349
jamesbond,-23128,-15292,-240,1737,-5829,29895,-12276,11676,-2684,-7552,3837,-4119,1500,12264,1060,753,12986,2765,206129119
jamesbond,-21288,-12844,-456,-1285,-1674,25899,-11668,11628,-2436,-7721,5210,-2647,568,12076,1092,1221,13381,2819,3120118906
jamesbond,-20084,-11836,-228,-6466,978,22910,-10884,11328,-2380,-8342,6489,-1426,444,12660,1044,1683,13639,2837,3482230407
jamesbond,-19980,-11612,908,-10742,2462,20256,-10496,11224,-2072,-10429,7513,-885,908,13952,1160,1948,13904,2598,3272966097
jamesbond,-19516,-11172,404,-12614,3655,18065,-10152,10808,-1968,-13754,8220,-867,244,14996,1160,1943,13954,2260,1584997464
jamesbond,-19468,-12088,384,-12581,3371,16073,-9944,10228,-1664,-17363,8705,-1198,180,14916,1408,1809,13751,2052,1311827725
jamesbond,-18532,-12828,328,-11088,2544,13924,-9392,9696,-1276,-20228,9226,-1435,400,14412,1544,1742,13620,1794,486079609
jamesbond,-17272,-14032,620,-7034,1957,12393,-9208,9580,-844,-22808,9683,-1780,128,14164,1348,1842,13495,1809,3140514240
jamesbond,-16940,-12420,504,-4003,1841,9468,-8752,7740,-244,-22977,10349,-2073,660,14004,1228,1898,13424,1787,434552200
jamesbond,-16148,-11264,112,-3764,1706,7365,-8548,6272,232,-20048,10694,-2561,496,14388,1432,2059,13534,1901,278150519
jamesbond,-15704,-9372,92,-5414,2571,5177,-9120,7172,40,-15858,10281,-3591,800,14736,1400,2258,13933,2081,8659861
jamesbond,-16076,-8836,104,-9188,2310,3774,-10276,7812,88,-12865,9339,-5107,560,15084,1292,2314,14336,2005,23799183
jamesbond,-15480,-8352,-20,-13127,2343,2110,-11608,9252,308,-11822,7735,-7196,1080,16236,1092,2222,15037,1844,2188430079
jamesbond,-15464,-8132,-208,-16229,2041,818,-12916,11468,700,-13437,5883,-9091,80,16500,1176,2080,15446,1772,3971177101
jamesbond,-14888,-7740,-572,-19620,1229,-812,-13936,12052,1564,-16582,4325,-10585,344,16232,864,1835,15826,1598,2443173719
jamesbond,-14540,-7380,-980,-22616,263,-2154,-14560,12528,1240,-18992,2926,-11140,456,15904,744,1480,16154,1416,188600875
jamesbond,-14288,-7016,-1164,-25152,-425,-3759,-15288,12908,-76,-20920,1265,-11417,496,15836,572,1273,16691,1302,2755939625
jamesbond,-14884,-7096,-960,-26904,-1139,-4373,-15276,13624,480,-21718,-94,-10491,624,16144,492,969,17777,1412,400567565
jamesbond,-15084,-7560,-1020,-27388,-2119,-4416,-14728,14480,1528,-22215,-904,-9148,612,16172,944,623,19191,1670,690743272
jamesbond,-14716,-7972,-844,-27028,-2884,-4204,-14656,14812,1932,-23145,-1553,-8115,564,15924,1424,415,20711,2016,725207889
jamesbond,-14264,-8636,-176,-25850,-2718,-3766,-14892,15168,1692,-24120,-2348,-7581,132,15192,1956,472,21874,2421,1734969671
jamesbond,-14084,-9040,684,-23896,-1818,-4289,-15824,14424,1196,-26349,-3524,-7526,-624,14588,1864,816,22518,2910,706449578
jamesbond,-14692,-9036,784,-22212,-580,-4900,-16132,14756,2020,-26665,-4272,-5579,-1380,14272,1540,1114,22865,3363,4004153248
jamesbond,-15660,-9236,1088,-20832,175,-6233,-16600,16584,2792,-29320,-5891,-3799,-1708,13772,2384,1484,23133,3732,3968134342
jamesbond,-15872,-9072,1184,-19811,445,-7700,-16900,16884,2008,-31504,-8973,-2046,-1952,13640,2140,1993,22833,4071,3958545643
jamesbond,-16080,-9132,928,-19478,334,-9658,-17288,17456,800,-28195,-11672,-387,-1956,13324,1796,2528,22378,4281,1331114603
jamesbond,-16496,-9192,932,-20056,-576,-11606,-18348,17040,-452,-20096,-13494,1815,-1548,13844,1636,2825,21671,4383,3780614703
jamesbond,-17004,-9928,1904,-19096,-2658,-13088,-19888,18056,-1776,-11690,-14674,4281,-400,15584,2088,3102,20802,4367,1402410408
jamesbond,-17356,-10576,3160,-13975,-6357,-13181,-20624,19340,-1940,-7522,-15427,6823,1328,17132,2504,3286,20340,4318,3574464628
jamesbond,-16828,-10988,4316,-5364,-11196,-11991,-20688,21080,-1468,-7269,-15308,9595,2072,16880,2464,3240,20495,4136,235039052
jamesbond,-15004,-11196,4684,5085,-15683,-10411,-19248,22024,-2896,-10071,-14491,12706,1308,15688,1908,3246,20392,4127,2190181297
jamesbond,-13304,-9724,5468,13128,-19307,-8757,-18636,21484,-4444,-11651,-12438,16429,48,14864,1196,3228,19412,4227,3180570742
jamesbond,-10604,-8812,5544,13809,-21096,-8543,-19872,21664,-4444,-12950,-9735,20124,-772,15552,1084,2849,17584,4430,3842126366
jamesbond,-9552,-8092,3704,7834,-19381,-7880,-21260,21372,-4228,-14832,-7406,22957,-284,16816,1096,2462,15476,4427,3502609694
jamesbond,-9512,-9036,2028,1864,-15234,-6128,-21880,21784,-5068,-16585,-6077,25088,1208,17876,880,1863,13696,4010,436710328
jamesbond,-8968,-8068,928,-3104,-10632,-3924,-22948,21964,-6256,-17652,-5691,26877,2740,18580,948,1096,12306,3514,4134776622
jamesbond,-8884,-9924,1116,-8777,-6888,-1917,-23988,21520,-5896,-16813,-5175,29787,3600,18072,1520,267,11302,3080,1974823812
jamesbond,-9248,-12336,1572,-11373,-4891,-109,-25428,21168,-4808,-15928,-4993,32767,3764,17208,1500,-517,10462,2862,3928098502
jamesbond,-9672,-12868,2172,-11873,-3597,1078,-26264,21228,-3656,-14581,-4588,32767,2840,15996,2020,-1209,9931,3030,2409280553
jamesbond,-10368,-12760,3304,-12313,-2607,1823,-27304,20492,-2912,-12380,-3574,32767,3512,15156,1748,-1660,9436,3357,2270717196
jamesbond,-10880,-11792,4112,-12997,-2629,1712,-27976,20404,-2772,-9747,-2635,32767,4008,14300,1912,-1569,9305,3631,1345254126
jamesbond,-11332,-11092,5640,-14518,-3709,1253,-28776,20600,-1504,-8132,-1979,32767,4596,13324,1532,-1046,9701,3646,3239260537
jamesbond,-11820,-10948,6928,-17050,-5251,1273,-29080,21040,-156,-8406,-1373,32767,5600,12504,1484,-539,10420,3541,342365910
jamesbond,-11592,-11776,6836,-17501,-5837,1198,-29168,19656,-400,-9038,-1159,32767,6068,12808,1472,-55,11090,3427,906683165
jamesbond,-11444,-12404,6500,-14276,-5217,969,-28032,16704,-688,-6543,-861,32767,6424,13284,1464,356,11973,3371,3958591815
jamesbond,-11900,-12360,5672,-9366,-4620,1281,-25076,15224,-592,-2310,173,32767,6704,13944,1456,729,13082,3423,3797675076
jamesbond,-12468,-11036,4740,-7284,-4178,1986,-23124,14252,760,653,1445,32767,6228,14400,1312,924,13909,3466,3515041180
jamesbond,-12720,-9660,4364,-7789,-4017,2812,-21280,14740,1876,224,2785,32767,5548,14640,1164,1132,14517,3477,939927673
jamesbond,-13088,-9100,4180,-10435,-4525,2846,-19572,13664,2052,-604,3885,32767,5336,14812,652,1292,15046,3532,3719352489
jamesbond,-12788,-9164,3104,-13305,-5384,1817,-19048,14860,1876,-2983,3375,32767,4796,14884,460,1431,15631,3475,2740812267
jamesbond,-12776,-10964,2444,-15057,-5795,1572,-18412,14056,2016,-5237,1829,32767,5540,14948,176,1537,16234,3519,718963320
jamesbond,-12248,-11664,2336,-15403,-5920,1812,-17252,13072,3396,-7591,664,32767,5228,15024,456,1457,16866,3500,728603340
jamesbond,-12868,-11888,2412,-14510,-5971,2333,-15848,13468,4728,-11333,-823,32767,4828,15228,948,1394,17453,3643,1481259770
jamesbond,-12624,-12268,2652,-12733,-6211,2509,-13572,7388,7056,-13353,-1358,32767,4672,14968,1000,1412,17964,3786,1698429366
jamesbond,-12796,-11680,2572,-11295,-6513,2797,-9724,-164,7176,-9949,-875,32767,4196,14272,1296,1616,18357,3908,957589326
jamesbond,-12380,-10572,2864,-11078,-6656,3435,-4120,-7600,4576,-2216,-640,32767,3768,13400,2160,2031,18328,3927,2468314939
jamesbond,-12412,-10156,3028,-12074,-6367,3650,-344,-12912,3728,7161,1197,32767,3652,12784,2252,2361,18083,3831,819624454
jamesbond,-12504,-9936,3864,-12889,-6736,3974,1260,-13304,5896,11070,1759,29498,2900,12176,3332,2712,17239,3700,163128586
jamesbond,-12300,-8844,4904,-14436,-8132,4276,2304,-11288,9116,10286,1618,22164,2936,12164,3300,3068,16062,3420,1374063410
jamesbond,-12192,-9120,5408,-17496,-9718,4351,1928,-5592,11408,8560,1199,16340,2632,12620,2992,3338,15164,3122,1816083207
jamesbond,-12080,-10096,5076,-19361,-10909,4370,1752,1244,12924,7857,649,12589,2556,14940,2160,3281,14957,2738,3923310911
jamesbond,-12680,-11068,3580,-19826,-10744,4276,2596,6508,13576,9757,143,10894,1680,18936,2016,2619,15241,2209,1447486611
jamesbond,-14020,-12088,2068,-17906,-9350,4262,4500,9408,13944,12089,131,9430,-680,23048,3020,2061,14720,1743,269643728
jamesbond,-15436,-13016,1352,-15053,-7672,4546,6300,11004,13656,13183,352,7761,-3144,22272,1696,1354,12818,1053,3635963846
jamesbond,-15856,-13536,1296,-11782,-6203,5367,8328,10904,13304,12602,751,6404,-4108,18512,2508,499,10035,369,1117622430
jamesbond,-15408,-13552,656,-9822,-4619,5602,10372,9632,11572,11448,1507,5768,-3992,15436,3708,220,7697,93,1901301457
jamesbond,-13984,-12352,952,-9302,-3184,5142,11836,8224,11008,9957,2367,5236,-3216,14452,3920,439,6449,223,3247637417
jamesbond,-13484,-11608,2300,-8197,-2089,3988,12164,7852,10628,7722,3581,4335,-2092,14140,4204,658,5653,486,2624761805
jamesbond,-13072,-11312,4196,-5042,-1890,3115,12716,6696,10152,6192,4563,3365,-740,15020,4216,615,5012,681,364752040
jamesbond,-12904,-9696,6012,-629,-2143,1446,12368,6788,10400,4129,5276,1843,-252,16300,4424,351,4618,745,1785863542
jamesbond,-12856,-8560,7184,2118,-1362,1277,12064,5776,10328,2331,5522,82,-308,17092,4812,-71,4373,792,4120212956
jamesbond,-12640,-5780,7448,803,-14,1459,11704,4120,9512,1904,5420,-1709,-620,16592,4908,-532,4100,684,1088924247
jamesbond,-13116,-6008,7280,-3899,933,1499,10580,4132,8656,2150,4882,-3540,-1436,15296,5248,-800,3470,409,2522971444
jamesbond,-13644,-6588,6636,-7237,843,1417,9636,4152,7644,3087,4294,-5449,-2148,14128,5372,-548,2611,116,2597210026
jamesbond,-12876,-6856,6076,-9862,746,1035,8392,4692,6564,3996,3877,-7299,-2872,13824,4824,-573,1344,-94,1833538484
jamesbond,-14504,-6952,4516,-12396,298,518,6884,5100,5692,4556,3935,-9340,-2492,13620,4944,-474,277,-281,1011503757
jamesbond,-12188,-8656,3840,-13477,1546,822,5424,4788,4328,5424,4408,-11245,-2048,13168,5172,-414,-612,-270,1461832973
jamesbond,-12544,-8272,3220,-12929,1509,440,3776,4340,3228,6735,5216,-13405,-1740,13932,5284,-189,-492,-543,576268724
jamesbond,-12448,-9792,2780,-10028,142,209,2596,4200,2020,7731,6106,-15903,-1960,14204,4928,-84,-1006,-564,1670124544
jamesbond,-13104,-9632,3628,-4861,-656,-465,1380,3700,928,8618,6788,-18590,-1908,13664,4896,106,-1531,-494,3319278289
jamesbond,-12620,-9160,3196,-734,-1046,-1692,-44,3848,32,10107,6859,-21602,-2476,13296,4380,276,-2363,-346,1597826804
jamesbond,-12592,-8796,2756,1763,-385,-2626,-1424,4860,-728,11503,6640,-24544,-2324,13372,4480,641,-2668,-307,422045388
jamesbond,-12864,-8584,2520,2817,612,-2533,-2980,5468,-1080,13375,6662,-27488,-2544,14000,3964,681,-3049,-326,317167936
jamesbond,-12448,-8220,1856,3356,1992,-1698,-5112,7280,-1476,15433,6402,-30126,-2556,14224,3608,498,-3865,-265,1258492980
jamesbond,-12656,-8620,1684,3411,3372,-723,-6692,8656,-1496,17482,6129,-32550,-2084,14444,3624,336,-4556,-436,2058518470
jamesbond,-13048,-8656,1552,3195,3702,-436,-8448,11056,-1408,18306,5506,-32768,-1944,14556,3232,-52,-5145,-638,1021525173
jamesbond,-13064,-8912,2216,3793,3973,-1051,-10504,11836,-1520,18315,4895,-32768,-2100,14796,3428,-395,-5517,-712,1858077375
jamesbond,-12840,-9348,1604,4513,4472,-1743,-11940,14316,-2204,17423,4039,-32768,-1924,15272,3668,-850,-6071,-743,2528029571
jamesbond,-13060,-9380,2076,6329,5126,-2414,-14492,17232,-3272,16127,3013,-32768,-1876,15936,3780,-1317,-6618,-693,331330043
jamesbond,-13800,-9808,1996,7636,5360,-2255,-16264,20304,-3808,15568,2176,-32768,-1196,16832,3780,-1862,-7059,-760,4167547919
jamesbond,-14316,-9868,1884,9158,5273,-2067,-17244,20864,-2932,15484,2086,-32768,-716,17460,3956,-2365,-7474,-898,3510924611
jamesbond,-14668,-9832,1820,10575,5012,-1286,-18416,20676,-2344,16394,1564,-32768,-244,17608,4280,-2742,-8167,-1021,572625004
jamesbond,-14756,-9408,1868,11612,5050,-743,-20952,21796,-1352,16086,383,-32768,596,17852,4224,-3030,-9068,-1284,456363236
jamesbond,-15000,-9536,2172,11752,5526,-32,-21400,26636,-2428,11932,-148,-32768,2196,16976,3800,-3145,-9602,-1777,2031869718
jamesbond,-15540,-9756,2664,11867,5928,705,-22492,27508,432,1553,910,-32768,3084,15500,3352,-3045,-9700,-2474,1750710356
jamesbond,-15156,-11056,2716,12671,5963,1585,-25260,22180,-1820,8579,-2057,-32768,3004,14652,3128,-2869,-9501,-2904,2249965942
jamesbond,-14028,-11824,2304,13301,7022,1904,-24992,26968,364,7248,-1644,-32768,2960,14608,2864,-2622,-9728,-2928,4223271351
jamesbond,-13860,-11356,1844,12877,8243,1597,-23816,24884,-60,13998,-4175,-32768,4036,14868,3144,-2592,-10198,-2701,953955183
jamesbond,-13828,-10752,1528,11583,8759,684,-24924,23940,2088,12458,-2153,-32768,4708,15396,3040,-2368,-10544,-2475,2626282890
jamesbond,-13788,-11028,1528,10625,8144,-601,-21388,22556,800,13952,-786,-32768,4540,15892,3280,-2434,-10865,-2141,3288963585
jamesbond,-13480,-10828,1136,9998,7023,-1463,-21728,21668,460,14900,2370,-30040,4396,15652,3056,-2494,-11042,-1961,1660878469
jamesbond,-12896,-10568,1160,9634,6513,-1461,-20544,21480,-220,14933,4533,-27099,3732,15324,2984,-2609,-11356,-1969,1601857378
jamesbond,-12604,-10524,1372,9030,6367,-845,-21564,21268,44,13704,6558,-24575,2844,15332,3400,-2779,-12320,-2028,3277873514
jamesbond,-12352,-10464,1304,8562,6684,-21,-20392,20468,868,12126,7436,-21157,2968,14624,3808,-2535,-13410,-2115,2277189268
jamesbond,-12160,-11068,1380,8234,6921,645,-19816,18428,2384,16493,4902,-14240,4240,13776,2220,-2110,-13831,-2459,1153787408
jamesbond,-11680,-11556,1276,8609,7067,973,-19000,18596,3448,17312,2036,-11601,4440,13188,2604,-1881,-13934,-2795,1465084584
jamesbond,-11556,-11604,1436,9317,7029,1023,-16560,16316,2616,13253,2800,-9610,4392,13052,2928,-1722,-14250,-2877,2587507282
jamesbond,-11244,-11420,1664,9867,6840,945,-13548,12524,2640,15871,1858,-7219,4452,13316,2920,-1655,-14593,-2717,2842520990
jamesbond,-11096,-11220,1824,10315,6715,884,-11488,11592,340,22832,3323,-4033,4196,13732,2716,-1435,-14568,-2476,2747636273
jamesbond,-11084,-10760,1788,10610,6670,1015,-12180,12352,-920,23671,3287,-2061,4480,13864,2528,-1311,-14412,-2254,234475108
jamesbond,-11036,-10304,1604,10396,6461,1282,-12128,11732,-1204,19658,2519,-2180,4448,13852,2804,-1290,-14388,-2243,24213644
jamesbond,-11000,-9312,1608,9451,6338,1398,-11164,11140,-1308,14935,966,-2073,4116,13488,3128,-1194,-14683,-2349,3088090848
jamesbond,-10768,-8248,1596,7320,6586,1037,-10388,10688,-1756,11952,115,-1753,3516,13448,3280,-981,-15259,-2477,796843989
jamesbond,-10788,-8480,1528,4709,7029,827,-9992,9056,-1668,11100,-510,-1350,3416,13504,3468,-794,-16187,-2610,3854763394
jamesbond,-10752,-7916,1728,1660,7124,1356,-9800,8408,-1344,11983,-236,-773,3876,13596,2888,-610,-16846,-2823,1338416014
jamesbond,-10976,-7576,1836,-1664,6917,2744,-9992,7096,-1348,14525,-13,-15,3844,13892,2556,-326,-17744,-3226,1292667066
jamesbond,-11712,-7696,1892,-4215,6254,5054,-10780,6488,-1348,17107,19,400,3716,14656,2456,-234,-18346,-3596,606611799
jamesbond,-12260,-7596,1516,-5557,6720,8117,-11912,5328,-1452,19637,-238,667,2660,15652,1948,-182,-19068,-3780,3753623118
jamesbond,-13816,-8188,1692,-5238,6960,11770,-13292,5364,-1012,20813,-1151,760,1508,16624,1532,-503,-20191,-3682,3822914025
jamesbond,-15380,-9292,2064,-3278,7489,15069,-14148,3828,-960,22302,-2108,1082,1488,16760,1020,-1281,-21599,-3532,4290516035
jamesbond,-16496,-10472,1800,936,7114,17572,-15220,4032,-508,24118,-2812,348,2476,15900,1164,-2274,-23142,-3736,4007364576
jamesbond,-17284,-11796,1256,6249,5810,19206,-15080,4892,-780,25231,-3502,632,3184,15236,1608,-2942,-24450,-4207,532495262
jamesbond,-17196,-11544,1024,11282,4017,19840,-15216,4960,-1448,25390,-3987,1762,3468,14924,1756,-3211,-25564,-4570,2887056138
jamesbond,-18096,-12888,1236,15849,2020,19258,-15388,4416,-2116,25419,-4213,3165,3636,14912,1732,-3230,-26488,-4770,2622074556
jamesbond,-18524,-14328,1444,21630,839,17431,-16164,4928,-2104,23811,-4104,4108,3884,15080,1500,-3263,-27246,-4846,324201330
jamesbond,-19232,-13968,1244,26039,-126,15127,-16592,4564,-1660,20973,-4363,4626,4396,14972,1552,-3427,-27668,-4880,1361292897
jamesbond,-19816,-12868,804,27273,-1828,13350,-16752,3528,-1372,18749,-4705,4707,5272,14896,1360,-3405,-27453,-4972,3909167684
jamesbond,-19564,-12432,732,27077,-3596,12177,-16312,3512,-1456,16901,-5284,4668,5708,14932,1324,-3246,-26234,-5132,940502887
jamesbond,-18656,-12564,904,27005,-4837,11007,-15316,2964,-1620,16123,-5797,4411,5240,15264,1528,-3080,-24415,-5076,1544251579
jamesbond,-17892,-12204,588,26175,-6025,9921,-14628,2880,-1980,17040,-6381,4446,4408,15408,1996,-2847,-22927,-4716,2848039788
jamesbond,-17820,-12676,200,24503,-7314,8774,-14240,3164,-1944,20944,-7058,4980,3776,14864,2272,-2180,-22915,-4120,1247142241
jamesbond,-18060,-13668,-280,23231,-8156,7170,-14332,4948,-2152,24774,-7437,5409,4448,13760,1224,-1550,-23248,-3741,3237979839
jamesbond,-18004,-14688,-444,22681,-8704,5046,-14740,6948,-2224,25970,-7264,5379,5500,13344,244,-1098,-22614,-3685,2928199072
jamesbond,-17960,-14912,-432,21627,-9797,2798,-14292,8004,-2636,25474,-7171,4901,5972,13724,252,-1056,-20316,-3893,3071082401
jamesbond,-17976,-16536,-1084,21329,-11591,-1833,-13712,8984,-3180,23581,-6764,4683,5564,15056,340,-1227,-17209,-4028,1649086340
jamesbond,-17120,-18264,-2204,20677,-14294,-8382,-12836,9348,-3652,21567,-6252,4597,3960,16796,932,-1452,-14839,-3841,1869710470
jamesbond,-17876,-20064,-3120,17633,-16962,-13516,-12164,9592,-3584,19977,-5433,4600,2444,17136,1168,-1719,-14184,-3597,1677343561
jamesbond,-17820,-21428,-4624,14470,-17630,-17367,-11820,9908,-2848,18203,-4516,4582,2036,16636,1256,-1930,-14416,-3569,4162477966
jamesbond,-17960,-20796,-5756,10071,-16008,-21490,-11488,9640,-2508,16437,-3682,4284,1484,15776,1040,-1880,-14605,-3781,2103263169
jamesbond,-18588,-20724,-6248,4504,-12575,-25677,-11504,9592,-2220,14958,-3119,3517,1240,15512,868,-1666,-14434,-4041,55312369
jamesbond,-19084,-21592,-6256,651,-8240,-29040,-11500,9872,-2360,13471,-2861,2327,1732,16040,1072,-1462,-14002,-4227,299418612
jamesbond,-21036,-22880,-6660,-368,-4761,-31374,-11916,10036,-2432,12317,-2698,1070,2148,16704,1108,-1378,-13400,-4414,541296937
jamesbond,-22292,-23232,-6396,2021,-2293,-32768,-11732,10352,-2764,11490,-2538,-43,1944,17252,1196,-1361,-12663,-4335,25646979
jamesbond,-23092,-22408,-6092,5760,-927,-32768,-12072,10964,-1904,10586,-2412,-809,1724,16864,936,-1454,-12047,-4027,2963639866
jamesbond,-23848,-21636,-6176,7667,135,-32768,-12272,11156,-1384,10024,-2125,-933,1352,15812,860,-1501,-11597,-3765,2892329458
jamesbond,-23564,-21264,-5112,7693,1482,-32768,-12132,11368,-908,9950,-1673,-253,752,14936,1348,-1498,-11432,-3548,352043773
jamesbond,-23284,-20760,-4920,7234,3085,-32768,-12172,11684,-808,9657,-1336,877,-260,14012,1208,-1465,-11525,-3495,2375876947
jamesbond,-23536,-21368,-5224,7277,4849,-32768,-12640,11620,-520,9250,-1213,1895,-388,13764,912,-1348,-11927,-3456,558660369
jamesbond,-23240,-20668,-5024,6913,6754,-32768,-12652,11260,-80,8239,-1322,2797,-1100,13904,548,-1272,-12309,-3351,1754935337
jamesbond,-23108,-20692,-4444,6942,8801,-32768,-12760,11100,144,6731,-1585,3510,-1456,14048,452,-1215,-12974,-3156,3979227656
jamesbond,-23192,-20716,-3908,8280,10120,-32768,-13012,10412,440,4745,-2019,3728,-1360,14188,144,-1174,-13633,-2993,3471615090
jamesbond,-22192,-20248,-4196,8632,10530,-32768,-13004,9980,968,2351,-2898,3524,-768,14292,-276,-1179,-13996,-2884,2534427536
jamesbond,-21908,-20768,-4208,8587,10070,-32768,-13032,9196,1292,281,-3793,3081,-372,14420,-468,-1279,-14041,-2899,930350970
jamesbond,-20612,-20620,-3740,8998,10356,-32768,-13296,8456,1588,-1159,-4859,2591,-348,14704,4,-1324,-13878,-2822,1186915115
jamesbond,-20672,-22108,-2648,8949,10677,-32768,-13220,7648,1492,-1281,-5791,2103,-124,15220,136,-1519,-13699,-2698,3075608646
jamesbond,-22244,-25464,-3668,10832,9998,-32768,-13404,6936,1444,-42,-6386,1889,660,15788,-36,-1728,-13465,-2555,1817415923
jamesbond,-23280,-26852,-4832,12359,8980,-32768,-13064,6860,1524,2359,-6249,2070,-440,15280,252,-1805,-14059,-2265,1735611159
jamesbond,-22648,-25452,-4348,11212,9163,-32768,-13064,7432,1660,4267,-6046,2078,-956,15048,424,-1570,-14233,-2019,1660157430
jamesbond,-25408,-28852,-4052,11514,8468,-32768,-13300,8088,1684,4175,-6177,1742,-812,15268,52,-1293,-14197,-1930,1318511939
jamesbond,-24632,-22992,-2000,11310,7261,-32768,-13616,8164,1472,3028,-6429,993,-972,15256,-48,-871,-14396,-1870,539976445
jamesbond,-21428,-14248,1052,7906,7125,-32768,-13916,8112,1908,1247,-6705,-133,-696,14616,264,-247,-15113,-1779,1815395941
jamesbond,-18356,-2992,3436,3570,6805,-32768,-13808,7928,1764,-546,-6764,-1172,-176,13860,592,587,-15407,-1420,372500467
jamesbond,-13244,7756,6840,-2697,7261,-32768,-13592,7744,1860,-1581,-6739,-2205,792,13896,44,1391,-14962,-812,1032224015
jamesbond,-9780,16636,8032,-11932,5541,-32768,-13396,7484,1660,-1660,-6586,-3017,2060,13832,104,2005,-13683,-326,2835748590
jamesbond,-6384,18660,8600,-19464,4106,-31376,-13576,7612,1576,-1205,-6580,-3554,3804,15616,852,2591,-12896,148,2595232990
jamesbond,-3856,13312,10220,-21869,2642,-21348,-14160,7316,1144,337,-6390,-4212,5628,18416,808,2692,-11883,572,2555460248
jamesbond,-1372,3828,11264,-17143,1608,-11535,-15440,7464,1800,2120,-6300,-5055,7336,21040,872,2635,-10381,1045,2793721585
jamesbond,1536,-4956,10720,-10523,1662,-4979,-16696,7840,1508,3374,-5986,-5834,9000,22796,52,1865,-8598,1688,2100644996
jamesbond,1916,-13288,8968,-9418,1588,-2217,-17220,8300,888,4451,-5386,-6443,8188,20108,-96,604,-6575,1872,623605627
jamesbond,5196,-19200,8796,-10691,2747,-2732,-16664,8716,1140,4929,-4555,-6341,6116,15904,1080,505,-4170,2102,1008073691
jamesbond,7588,-22388,9632,-10555,4206,-4125,-15108,8204,1672,4560,-3825,-5280,4720,12992,2288,499,-3464,2020,53781028
jamesbond,9184,-20952,9948,-8294,4791,-5107,-13892,6496,2460,3189,-3393,-3700,3432,11996,2380,490,-3738,1563,104886828
jamesbond,10496,-17776,9340,-5575,4444,-5157,-13628,4612,2860,2610,-2498,-2143,3032,12912,3072,403,-4286,1027,2776715184
jamesbond,11872,-15340,8504,-3407,3796,-4664,-12700,3188,3536,2395,-1308,-1080,3524,14528,3556,188,-4864,557,1400239414
jamesbond,12176,-13808,7256,-2002,3146,-4092,-12648,1620,4232,2221,-857,-660,3976,16140,4084,-309,-5255,243,633915685
jamesbond,11844,-14956,6148,365,2716,-3749,-12732,1352,4784,2838,-651,-635,4576,16596,4420,-837,-5114,73,3714134277
jamesbond,11732,-14748,5688,2561,2262,-3698,-13196,1456,5152,5575,-588,-212,4852,15712,4708,-1306,-4680,143,729645625
jamesbond,11336,-13388,5104,3155,2488,-3628,-13540,1980,4732,9146,-487,754,5456,14400,4720,-1405,-3772,324,1739978661
jamesbond,9996,-12320,4112,2150,2377,-3351,-13704,3368,4144,12542,-698,1684,6252,12916,5176,-1026,-2437,381,852683184
jamesbond,9748,-10428,3468,-959,1794,-3705,-14024,4792,3376,13742,-977,2142,6376,12260,4804,-591,-1147,333,1237588846
jamesbond,8920,-10696,3232,-2671,1782,-2053,-13512,5440,2432,14117,-1250,2789,6248,12372,4460,-199,-40,268,1693374941
jamesbond,9500,-10352,2880,-3727,1684,-443,-13180,5916,1836,13914,-1352,3051,5816,12888,4804,137,621,216,1549054308
jamesbond,8680,-11684,3096,-2955,1885,1128,-12560,5836,1344,12788,-1523,3187,5204,13336,4592,296,932,180,216294285
jamesbond,8480,-12212,3064,-1308,2026,2323,-12356,6352,900,9910,-1793,3127,5752,13520,4324,544,1247,45,3269681994
jamesbond,8208,-11336,3236,-91,2228,3031,-12048,6340,932,5485,-1640,3238,5812,13960,3928,789,1804,-122,3790276112
jamesbond,8244,-11084,3268,165,2102,3731,-12256,6112,964,1548,-1037,3350,5720,14040,3540,952,2265,-203,1524952320
jamesbond,7620,-10596,3292,504,1464,4919,-12284,5788,520,-1090,-188,3373,6148,14140,3388,1029,2815,-189,1072228763
jamesbond,7248,-9412,3468,-682,427,6428,-12628,5664,380,-1629,964,3048,6504,14136,3396,1003,3268,-143,4211404395
jamesbond,6744,-8816,3640,-1804,-604,8083,-12892,5748,528,-1529,1996,2532,6944,13920,3204,943,3948,-142,875160103
jamesbond,6140,-9504,4168,-1526,-1202,9944,-12780,5696,568,-1463,2817,2041,7012,13748,2976,936,5015,-71,4149453580
jamesbond,6768,-10512,5084,-328,-1337,11913,-12772,5740,1152,-1558,3383,1974,7060,13424,2560,830,6204,113,1845514453
jamesbond,5644,-9600,3648,-978,-1766,13867,-12532,5332,1816,-1490,3847,2210,7324,13568,2544,639,7873,121,3770613976
jamesbond,5200,-9132,3312,-3164,-2377,15723,-12344,5196,2436,-1305,4237,2435,7320,13968,2176,526,9315,181,1509498227
jamesbond,3928,-10056,3268,-4341,-2609,17593,-12408,5088,2676,-997,4658,2406,7188,14712,1936,325,10735,210,3324064475
jamesbond,3480,-11232,2252,-5443,-3429,19621,-12616,5236,2796,-441,5360,2221,6880,15752,1576,-147,11768,341,1132829375
jamesbond,2868,-11260,1140,-9584,-4151,21270,-13112,5988,2008,-225,6145,1793,6960,17036,1252,-775,12863,457,1251614038
jamesbond,2396,-12008,708,-15609,-3958,22712,-13436,6488,1432,-923,6782,962,6504,18100,1268,-1403,14164,521,3958722455
jamesbond,1540,-11440,620,-21854,-4121,23725,-13400,6824,744,-2227,7408,36,5764,18380,1108,-2049,15141,602,789917955
jamesbond,28,-15192,836,-23458,-5997,24148,-14472,7432,580,-4879,7888,-1169,4292,18448,1480,-2634,15828,694,1999299921
jamesbond,-768,-16768,296,-20490,-8584,25797,-14944,7624,896,-8284,8380,-2359,2480,18832,1936,-2909,15756,999,2209931513
jamesbond,36,-17464,-624,-16633,-10235,26921,-15860,7860,1216,-12103,8631,-3857,1512,17908,1308,-2889,15377,1262,3936415876
jamesbond,-1852,-16260,1396,-11366,-10922,27464,-16216,7720,1452,-15312,8728,-5214,952,16264,484,-2790,15012,1261,1633908554
jamesbond,-2528,-16344,2204,-3267,-10178,28229,-15900,7536,928,-16257,9131,-5587,-336,14412,344,-2553,15192,1031,2075588437
jamesbond,-4112,-17668,1504,4163,-9431,30166,-15244,8472,1056,-15951,9021,-5184,-1288,13508,1016,-2066,15400,748,2276920391
jamesbond,-8216,-17244,-784,6080,-9851,32348,-14768,8900,676,-15397,8330,-4285,-2952,14056,884,-1599,14751,888,3652060007
jamesbond,-8276,-17708,-2792,3203,-12028,32767,-14428,8660,-144,-13407,7409,-3221,-3228,15196,512,-1593,13658,1468,4021221648
jamesbond,-7024,-16336,-4340,-1413,-11842,32310,-14828,8980,-840,-11388,6334,-2780,-1684,16620,1464,-1794,12865,2060,20948272
jamesbond,-9952,-16324,-2824,-9646,-12654,31255,-14680,8936,-1768,-10989,5535,-2935,232,17060,3172,-1496,13127,2608,2398657016
jamesbond,-12276,-19916,-2020,-12860,-11022,31532,-15164,8468,-1792,-10205,5084,-3457,992,16428,3488,-676,14324,3148,3520702497
jamesbond,-15568,-22184,-1936,-12228,-10660,32692,-15032,9220,-1964,-11164,4376,-4300,852,15452,2096,-206,14931,3925,2515800359
jamesbond,-17260,-24424,-2660,-9773,-10004,32767,-14136,9152,-2212,-11071,4191,-4571,-112,13656,2500,508,14887,4515,3364153528
jamesbond,-17536,-23360,-2836,-10295,-8989,31866,-13372,9308,-2080,-10217,4112,-4346,-240,13104,1948,1230,14779,4805,1170577439
jamesbond,-16956,-21836,-3168,-13590,-8146,29970,-13032,9352,-1764,-9891,4101,-3657,-800,13508,2216,1908,14538,4773,2859129538
jamesbond,-18400,-19764,-3912,-16470,-8516,27964,-13048,9180,-1412,-9738,4082,-2608,-68,14188,1948,2292,14004,4396,1423548894
jamesbond,-18424,-20108,-4136,-17664,-9187,26244,-12756,9512,-1188,-9591,4049,-1758,556,14668,1492,2306,13428,3937,2711856281
jamesbond,-18448,-19968,-4144,-18225,-10472,24011,-12620,9492,-1120,-9961,4052,-1409,1632,14348,1752,2366,13361,3562,3832081826
jamesbond,-17240,-20340,-3008,-17013,-10575,22247,-12216,9280,-620,-10677,4062,-1087,1040,13708,1872,2567,13557,3341,1198150503
jamesbond,-15792,-19244,-3296,-14425,-10009,20509,-11824,9064,-540,-11934,4091,-883,772,13236,1628,2826,13950,3325,3161631609
jamesbond,-15464,-17864,-3316,-10806,-9160,19642,-11296,8880,-192,-13235,4141,-575,352,12996,1488,3134,14297,3390,1341107065
jamesbond,-15624,-16712,-4428,-9124,-9365,18983,-10940,8524,120,-14313,4118,-412,304,13560,1216,3321,14381,3374,3966545046
jamesbond,-16120,-16392,-5528,-8828,-10129,18889,-11040,8460,-88,-14698,4009,-664,260,14368,1008,3412,14308,3260,3499455459
jamesbond,-16376,-14788,-6092,-10399,-10981,17806,-11228,8572,-504,-15215,4038,-1184,864,15560,648,3400,14282,3020,363831431
jamesbond,-15820,-14744,-6092,-12747,-10489,15715,-11424,9024,-260,-15615,3981,-1707,1040,16008,600,3250,14416,2722,780451382
jamesbond,-15720,-14444,-6000,-14551,-9729,13514,-11740,9580,-12,-16404,3945,-2261,816,16360,856,3118,14949,2478,2046022299
jamesbond,-15324,-14848,-6016,-14715,-8885,11665,-12084,9952,-68,-17244,4059,-2689,1332,16212,792,3031,15693,2301,4091503211
jamesbond,-15280,-14532,-6456,-13588,-8742,10278,-12664,10240,-160,-17743,4187,-3047,1716,16056,444,2945,16401,2124,3747178971
jamesbond,-14964,-14576,-6360,-11560,-8246,9068,-13388,10676,60,-18887,3929,-3520,1784,15844,348,2930,17415,1933,3319268909
jamesbond,-14976,-13672,-6404,-10444,-7217,8327,-13740,11324,572,-22359,3357,-4235,1372,15524,348,2873,18464,1868,2972683195
jamesbond,-14100,-14660,-6120,-10512,-5456,6462,-13844,11916,2380,-28978,3001,-5033,596,15136,236,2881,19625,2038,3508434626
jamesbond,-13204,-13692,-5420,-12659,-3497,4639,-13468,10920,3872,-32768,3099,-5547,-384,14812,420,2889,20574,2466,3303934705
jamesbond,-13240,-13820,-4344,-14095,-2088,2341,-13072,10116,5288,-32768,3691,-5576,-992,15408,756,2883,21032,2974,2790175917
jamesbond,-13352,-13416,-3760,-14256,-1482,749,-13148,9348,6148,-32768,4059,-5680,-760,17356,1140,2406,20531,3488,3120660856
jamesbond,-14740,-13316,-2004,-14769,-2725,-624,-15376,10232,6256,-31113,3445,-5883,1772,19232,1616,1263,19390,3752,1553966170
jamesbond,-15840,-13212,660,-16218,-7555,-1879,-17120,12544,7432,-27044,1761,-5911,3572,17360,2628,567,19204,3401,947983822
jamesbond,-15904,-13136,3180,-18155,-14128,-3907,-16860,14576,8628,-24210,-1457,-4244,3384,14064,3092,995,20560,3083,4198508585
jamesbond,-15900,-14336,4212,-20118,-20988,-6279,-18080,20428,9928,-24168,-4942,-2167,3100,12476,2132,1966,22017,2906,2743531872
jamesbond,-11476,-11556,1184,-21703,-19856,-4639,-19624,21920,9160,-23148,-8941,1790,1872,13172,2036,2469,22365,2751,830543688
jamesbond,-9172,-11864,-1780,-23729,-11680,-1603,-20892,23668,8320,-20427,-12791,6618,-216,14324,3176,2489,20691,2659,932417464
jamesbond,-10224,-12652,-2952,-22822,-6841,476,-21160,24352,6500,-16604,-16174,11843,-1236,15316,4048,2303,17601,2673,867860441
jamesbond,-11128,-11952,-3288,-18478,-5950,740,-20884,24288,4376,-12192,-18088,16419,-936,15072,3984,2397,14509,2611,1811616369
jamesbond,-12104,-12256,-2448,-14703,-8449,334,-20908,24832,2628,-8505,-19021,20915,208,14704,3024,2818,12418,2424,1278170780
jamesbond,-10596,-11448,-2580,-13780,-8740,-359,-21900,25972,1428,-6528,-18620,24764,1412,15260,2924,3055,11119,2515,442471216
jamesbond,-10276,-11508,-2720,-16075,-6680,-689,-22816,27560,-180,-7112,-17734,28942,2824,16228,2948,2851,9980,2927,2590138505
jamesbond,-10580,-11560,-2020,-18788,-4893,-264,-23760,27356,-1528,-8569,-17003,32767,4112,17272,2824,2177,9290,3242,2729761809
jamesbond,-11152,-11780,-1516,-20069,-3796,586,-23792,26100,-3080,-8148,-15778,32767,4784,17084,2684,1281,8878,3462,2390804607
jamesbond,-11344,-12344,-1716,-19604,-3058,1293,-23404,24804,-3416,-6028,-14246,32767,4864,15580,2600,761,8645,3510,3358285910
jamesbond,-11184,-12960,-2212,-17807,-2346,1546,-23188,24084,-3784,-4377,-12135,32767,4796,13756,2804,609,8493,3408,1999781114
jamesbond,-11528,-13308,-2180,-15976,-1833,1450,-22316,24348,-3468,-4980,-10489,32767,5028,13032,2504,791,8386,3300,3453243182
jamesbond,-11600,-13580,-1764,-14932,-1527,1128,-21684,23412,-3868,-7062,-9218,32767,5992,12880,2312,1097,8703,3145,3831519337
jamesbond,-11900,-13272,-500,-15021,-1368,431,-20864,21580,-3732,-8013,-7876,32767,6508,13500,2420,1250,9326,3044,2624660598
jamesbond,-12384,-13456,796,-14545,-1610,-495,-19404,19136,-3876,-6589,-6048,32767,7352,14044,2156,1415,10243,3013,2910867553
jamesbond,-12596,-13284,1424,-12051,-2392,-1267,-17972,18248,-3168,-4800,-4042,32767,7572,14732,1744,1648,11345,2997,2748915297
jamesbond,-13108,-12128,1476,-9237,-3064,-1697,-17380,17572,-2460,-4156,-2191,32767,7416,14884,1200,1731,12587,3016,137971921
jamesbond,-13508,-11328,880,-7659,-3466,-2065,-15864,17832,-1644,-4220,-872,32767,6868,14788,1028,1863,13459,3017,2166786508
jamesbond,-14156,-10392,660,-7576,-3732,-2075,-15516,18260,-1236,-4466,83,32767,6136,14664,616,2045,14307,3023,469581347
jamesbond,-14788,-9788,20,-8123,-4241,-1799,-15264,19100,-464,-5320,612,32767,5696,14956,420,2127,14912,3076,3519614967
jamesbond,-14836,-9452,-744,-8959,-4822,-1622,-15424,21496,1148,-7208,270,32767,5588,15244,-204,2059,15460,3070,2796364860
jamesbond,-14996,-9232,-1540,-9888,-5434,-1595,-15696,23796,3488,-11419,-240,32767,5584,14928,-660,2059,16101,3036,3190077393
jamesbond,-15048,-9260,-1856,-11238,-6168,-1646,-16708,26280,5876,-18492,-1847,32767,5636,14820,-600,1786,16760,3104,999430556
jamesbond,-15220,-9188,-1792,-11953,-6973,-1588,-17448,24380,6240,-24383,-4037,32767,5336,14988,352,1448,17451,3200,4204122901
jamesbond,-14660,-8804,-1388,-12165,-7470,-1545,-17756,20144,6108,-25444,-7507,32767,5320,14520,456,1407,18108,3328,1491800262
jamesbond,-14220,-8544,-1016,-11876,-8080,-1431,-16076,11360,6696,-20638,-10342,32767,5248,13692,584,1600,18781,3448,3712023977
jamesbond,-13716,-8016,-576,-11331,-8635,-1221,-11896,-460,4596,-7349,-10395,32767,4768,12536,1456,1977,19155,3559,2325248216
jamesbond,-13108,-7384,-420,-10857,-8983,-1057,-8796,-8276,2548,4117,-9167,32767,4220,12096,2760,2464,18929,3671,1118777526
jamesbond,-12592,-7324,232,-10430,-8988,-888,-2384,-15176,872,7484,-8031,32767,3712,12428,3036,3503,18945,3762,319016677
jamesbond,-12572,-6880,72,-10308,-8752,-157,-112,-20148,3752,5490,-5871,30172,2196,14188,2932,4133,18631,3690,3248076474
jamesbond,-13168,-6788,-492,-11561,-7994,720,1552,-20916,5036,3698,-4668,19896,1572,18164,3312,3794,18168,3362,521013386
jamesbond,-14392,-7112,-1032,-14143,-6765,2013,1904,-16176,5480,6506,-3132,11860,-136,22356,2864,3023,17440,2659,2837519266
jamesbond,-16296,-9012,-1240,-16560,-5739,3583,1520,-7900,7116,10951,-1704,5583,-524,21320,1772,2416,16503,1247,1695055683
jamesbond,-17656,-11208,-1196,-16809,-5534,4762,2388,1652,9984,12955,-1433,2486,-1176,18676,1412,1561,14187,92,1772565602
jamesbond,-18244,-12964,-996,-14828,-5836,5339,3508,7384,11816,11968,-1221,1494,-1984,16040,1300,1216,11954,-235,2809981269
jamesbond,-17400,-12856,-580,-11865,-6010,4909,5824,9364,12192,11872,-643,1987,-1412,15044,1704,1086,11108,-54,2097123961
jamesbond,-16188,-12256,272,-8999,-5682,3640,8816,7840,12100,13153,420,2528,-872,14940,2864,1133,10644,262,333120142
jamesbond,-14940,-11528,1788,-5882,-4967,2262,11204,5844,12116,15060,1582,2451,-512,15392,3256,988,9973,390,3939275148
jamesbond,-13852,-10184,2900,-2488,-4118,1107,13164,4692,12548,15183,2385,1614,-1028,15944,3508,596,8794,295,2731298396
jamesbond,-12696,-9020,3396,-138,-3106,659,13268,4924,12544,13155,2760,30,-1636,16316,3804,106,7610,166,220009722
jamesbond,-12096,-7580,3716,-1004,-2164,299,13240,5012,10992,10266,3011,-1718,-2144,16028,4388,-397,6358,7,1365480394
jamesbond,-12084,-7752,3684,-3453,-1311,176,12292,5136,10696,8665,2890,-3151,-2256,14984,4464,-707,5020,-187,1946755013
jamesbond,-11896,-8080,3820,-5806,-549,366,11596,5696,10000,8234,3026,-4353,-2648,14068,4612,-819,3636,-445,2854580122
jamesbond,-11660,-8428,3888,-7291,-183,346,10092,7216,9468,8418,3286,-5654,-2964,13896,4812,-782,2159,-544,3717712272
jamesbond,-11684,-8808,3988,-8389,-24,411,8412,8500,8376,8363,3458,-6782,-2896,13884,4692,-723,663,-515,813237599
jamesbond,-11684,-9416,3872,-9007,150,438,6996,9380,7348,7745,3632,-7661,-2428,14188,4536,-758,-817,-458,3207452970
jamesbond,-12068,-10208,3720,-9068,448,321,6384,9224,6768,7361,3945,-8403,-1520,14712,4756,-750,-1671,-563,3579786426
jamesbond,-12732,-9820,3056,-8651,451,42,5940,8372,6060,7362,4607,-9522,-1864,14912,4652,-708,-2802,-758,2298593350
jamesbond,-12328,-10916,2880,-7696,899,407,5960,7052,5384,8148,5228,-11000,-1932,14432,4740,-625,-3893,-944,871782122
jamesbond,-13220,-10024,2404,-6414,339,-365,5140,5992,4864,9376,5910,-12767,-2212,13920,4944,-443,-4836,-1011,426812206
jamesbond,-12672,-10872,2296,-4316,400,-302,3880,5676,4040,10266,6472,-14917,-2616,13824,4708,-177,-5701,-963,1552493413
jamesbond,-12756,-10252,2284,-2049,402,-1007,3004,5904,3724,10601,6662,-17806,-2512,13588,4272,3,-6574,-941,3523587077
jamesbond,-12460,-10436,2228,397,1093,-1424,1624,7080,3104,10482,6608,-20637,-2432,14072,4132,84,-7452,-1069,374321208
jamesbond,-12484,-10380,1660,3362,2326,-1621,384,8504,2444,10192,6356,-23488,-2152,14612,4224,-16,-8260,-1071,2255859558
jamesbond,-12528,-10060,1592,6125,3585,-1817,-1240,9976,2260,9857,6120,-26263,-2504,15092,4284,-99,-8642,-959,2444901911
jamesbond,-12756,-9716,1132,8490,4315,-2251,-2724,11068,1880,9590,6083,-29046,-1960,15124,3752,-91,-9260,-887,3197883128
jamesbond,-13096,-9248,1096,10274,4947,-2340,-4068,12100,1416,9794,5741,-31441,-1120,14776,2924,-282,-9560,-766,4160978297
jamesbond,-13072,-9072,1052,11461,5600,-2782,-4228,13116,904,10021,5826,-32768,-804,14276,3216,-436,-9826,-786,176986698
jamesbond,-13276,-9424,948,12895,6193,-2754,-5632,14364,380,10716,5586,-32768,-1464,14392,3468,-432,-10445,-747,3562631553
jamesbond,-13080,-9252,888,14607,6407,-3304,-7144,16912,364,10274,5400,-32768,-2124,14844,2740,-355,-11020,-542,3468789749
jamesbond,-13088,-9204,20,15691,6963,-3403,-9108,18408,60,9772,4773,-32768,-2576,15724,2388,-746,-11963,-381,362300024
jamesbond,-13372,-9024,-308,16399,7111,-3275,-11832,18172,2360,7095,4416,-32768,-1672,16856,2092,-1335,-13099,-441,1546523349
jamesbond,-13500,-9204,-804,16538,6953,-2681,-11624,20124,5252,2251,4190,-32768,124,17580,1652,-2203,-14068,-748,2878344550
jamesbond,-13588,-9396,-896,16587,6885,-1946,-12820,21488,7824,-2554,4750,-32768,1800,17916,2100,-3083,-14578,-1144,1139138731
jamesbond,-13772,-9660,-996,16646,7062,-1347,-13096,19876,7644,-1246,6340,-32768,3824,16944,2080,-3566,-14567,-1414,3082104620
jamesbond,-14212,-10212,-784,17400,7376,-696,-14728,18936,5864,4629,7102,-32768,4776,15716,1884,-3908,-13735,-1681,3755885883
jamesbond,-14024,-10868,-872,18752,7914,-194,-17256,19528,4064,9932,5703,-32768,5252,15464,2300,-3809,-12686,-1706,975185194
jamesbond,-14496,-10868,-952,19974,8286,-170,-18876,21304,3580,14436,3011,-32768,5996,16240,2576,-3679,-11747,-1490,3592876254
jamesbond,-14784,-10720,-1208,20649,8552,-287,-20120,22256,4688,17018,1503,-32768,6756,17776,2644,-3699,-11226,-1047,320474526
jamesbond,-15640,-10776,-1484,21140,8153,-27,-19900,22796,6004,17404,1856,-32768,8560,17884,2868,-3876,-10575,-748,1732203605
jamesbond,-15952,-10404,-1580,21027,7203,415,-19676,21932,6900,15934,3781,-32768,7924,16320,2628,-3595,-9517,-931,877179565
jamesbond,-15624,-11064,-1368,21143,6358,957,-19432,22548,6356,12375,5341,-32768,6784,14468,2352,-3089,-8428,-1117,2067246749
jamesbond,-15212,-10732,-1172,21154,5668,1207,-19016,22872,4400,6580,5498,-32768,5368,13736,2772,-2567,-8126,-1352,1305696050
jamesbond,-14932,-10720,-880,20556,5145,1047,-21056,23452,3220,-1133,4765,-32768,4224,13800,3304,-2040,-8538,-1651,1273812244
jamesbond,-14424,-10292,-960,19648,4929,771,-20996,19900,3432,-7033,4497,-32562,4148,14068,2472,-1788,-9417,-1939,693434302
jamesbond,-14272,-9756,-808,18175,4682,224,-20704,20580,11224,-4175,4677,-24855,4936,14516,2176,-1677,-10006,-2165,926240041
jamesbond,-13832,-9396,-784,16323,4502,-52,-20568,12188,16820,14078,-664,-18305,5388,14620,1972,-1644,-10128,-2301,2550583664
jamesbond,-13328,-9516,-184,14829,4348,49,-19324,15756,12932,18741,818,-15569,4948,14220,2200,-1699,-10127,-2259,4258942744
jamesbond,-12528,-9456,-360,13637,4627,183,-14196,14320,9964,21583,485,-12250,4188,13688,2588,-1709,-10195,-2206,2533112105
jamesbond,-12028,-9312,-128,12393,4750,304,-12228,13568,5692,22883,1976,-10612,3356,12932,2776,-1663,-10496,-2129,2704274397
jamesbond,-11496,-8956,-216,10890,5058,447,-10884,13188,3188,16591,3913,-8464,2672,12760,2868,-1609,-11214,-2134,929644851
jamesbond,-11240,-8536,-292,9001,5050,687,-11424,8652,2324,16933,4462,-6408,2440,12700,3272,-1563,-12298,-2245,1417897001
jamesbond,-11012,-8532,-200,7576,5076,1105,-10772,9092,1788,19370,5176,-4298,3012,12848,3388,-1420,-13441,-2465,949123495
jamesbond,-10776,-8440,-72,6897,5117,1733,-10092,9052,1804,19582,4537,-2240,3716,12988,3404,-1276,-14368,-2761,1910172641
jamesbond,-10860,-8388,92,6820,5356,2506,-10532,8588,1076,19996,4311,-1301,4320,13108,3580,-967,-14966,-3061,1174404
jamesbond,-10972,-8008,232,7157,5978,3406,-11448,9120,-272,19083,4197,-1278,4188,13208,2964,-499,-15272,-3323,2804863655
jamesbond,-11432,-8112,1188,8000,7159,4457,-12308,9848,-752,17173,3256,-1987,3792,13384,2360,-213,-15585,-3420,2691024243
jamesbond,-11656,-8520,2816,9189,8893,5721,-13084,9000,-428,14827,1692,-2505,3608,14092,2536,-235,-16500,-3464,1820559417
jamesbond,-12728,-10020,4300,11543,10764,7025,-14796,6672,132,13975,-676,-2325,2968,14968,2472,-602,-17351,-3520,3714532634
jamesbond,-14148,-10504,4788,13437,11862,8661,-14920,3112,1092,16834,-3410,-1514,2500,15860,2568,-1232,-18721,-3595,2285294916
jamesbond,-15252,-10580,4644,14029,11485,10350,-14904,1804,2036,21690,-5425,-1410,2532,15828,2400,-1684,-19720,-3794,594466942
jamesbond,-15832,-9960,3440,13856,9861,11536,-14504,1900,2672,24380,-5638,-1958,2952,15348,2120,-1794,-20519,-4095,1397215108
jamesbond,-15988,-10552,3068,13209,7351,11632,-14624,2956,2588,23408,-5003,-2233,3232,14804,2144,-1839,-21177,-4329,2781189803
jamesbond,-16208,-11196,2836,13085,4966,11350,-14920,3868,1280,20716,-3219,-1567,3244,14840,2272,-1942,-21758,-4305,1474556227
jamesbond,-16468,-11936,3548,14049,3041,10396,-15740,3108,204,17763,-2047,-1230,3140,15140,2256,-2141,-22357,-4157,3426072235
jamesbond,-16612,-11924,3820,15438,1446,9112,-15800,1424,-352,17601,-1848,-927,3152,15444,2064,-2322,-22465,-4021,350758954
jamesbond,-16656,-11656,3792,16574,48,8033,-14836,1196,-428,19814,-1905,-93,2968,15340,2492,-2494,-22263,-3916,558126054
jamesbond,-16320,-11420,3316,16724,-1300,7056,-14268,2456,-192,22437,-1723,1089,2864,15372,2676,-2634,-22497,-3751,1357273192
jamesbond,-16020,-12824,2828,16108,-2143,6077,-14152,4652,-572,23550,-1941,2336,3232,15644,2432,-2470,-23023,-3639,742128307
jamesbond,-17000,-13440,2244,15336,-2876,5514,-14860,6644,-676,22386,-3193,2264,3540,16836,1332,-2112,-22709,-3669,1340257521
jamesbond,-18088,-13112,1488,14162,-3858,4147,-15392,6708,-128,20886,-5221,793,3192,17552,672,-2010,-21219,-3592,482260047
jamesbond,-18564,-15668,124,13490,-4799,1963,-15888,8172,68,21171,-5949,60,2764,16676,112,-1975,-19480,-3499,3024234861
jamesbond,-18632,-18404,-252,15363,-6635,-296,-15748,9584,172,20588,-5627,-74,3008,15340,-48,-2043,-18215,-3595,2579565803
jamesbond,-17260,-19748,-820,18817,-8284,-3111,-14996,10588,-640,19945,-5148,133,2280,14588,188,-1981,-17582,-3474,1745175017
jamesbond,-16608,-20076,-780,21661,-8389,-7854,-14132,10440,-1340,20527,-5221,859,2072,15024,172,-1796,-17487,-3232,385220686
jamesbond,-17440,-19868,-1496,21523,-8325,-13426,-13200,10076,-1616,21502,-5187,1501,1288,15804,-120,-1547,-17550,-2977,1607977789
jamesbond,-18224,-19116,-2180,15438,-8627,-17281,-12256,10460,-1340,20552,-4388,2189,1112,16320,-204,-1453,-17391,-2886,2168170405
jamesbond,-19180,-19784,-2192,9028,-9057,-20911,-11936,10536,-948,17727,-3310,2366,1656,16804,-376,-1455,-16697,-3128,2701820270
jamesbond,-19332,-21276,-2164,4961,-8922,-24414,-11836,10432,-468,15347,-2437,1426,1956,17060,-540,-1546,-16191,-3502,1365314958
jamesbond,-19936,-22524,-1656,2766,-8322,-27284,-11812,10408,20,14543,-1969,107,1708,17212,-516,-1766,-15766,-3735,3033578766
jamesbond,-20648,-23096,-184,2324,-6895,-29990,-12012,10488,660,14338,-1816,-875,1152,16884,-472,-1983,-15534,-3729,628614829
jamesbond,-21724,-22860,460,3933,-5834,-31560,-12116,10548,748,14071,-1559,-630,1164,16264,-452,-2200,-15396,-3559,2707788527
jamesbond,-21712,-20440,-840,4126,-6435,-32395,-12200,11064,1148,13384,-1204,-13,1140,15520,-136,-2311,-15194,-3415,2353380833
jamesbond,-21848,-17872,-2556,1791,-7187,-32768,-12876,11264,1728,12157,-934,329,1260,14880,-288,-2446,-14901,-3309,285568293
jamesbond,-20988,-18604,-2056,-512,-6891,-32768,-13320,11024,2044,11516,-1128,344,1088,14640,-236,-2552,-14605,-3119,761787310
jamesbond,-19820,-19072,-728,-1960,-5306,-32768,-13492,10312,2692,11010,-1850,392,868,14464,-256,-2658,-14295,-3007,781988283
jamesbond,-19260,-19120,-20,-1779,-3320,-32768,-12996,9448,2928,10071,-2610,432,784,14184,-168,-2655,-14196,-3001,1334485308
jamesbond,-18596,-19156,76,-952,-620,-32768,-12640,8324,3128,8906,-3128,646,284,14340,-232,-2538,-14083,-2984,197239539
jamesbond,-18416,-19780,872,447,1681,-32768,-12792,7544,3024,7976,-3531,928,120,14252,-488,-2390,-14214,-2924,1859173448
jamesbond,-19224,-21804,-32,1979,3057,-32768,-12936,6852,2724,8064,-3647,1029,24,14164,-736,-2302,-14333,-2755,3329414771
jamesbond,-17976,-22204,-604,3533,3697,-32768,-12920,6932,2632,8970,-3456,976,368,13900,-740,-2190,-14187,-2525,2893287845
jamesbond,-16632,-21536,264,3562,4748,-32768,-12972,7556,2252,9661,-3373,984,732,13968,-688,-2091,-13990,-2304,591013368
jamesbond,-16036,-23216,696,4172,5607,-32768,-13368,8236,1784,9642,-3619,625,1160,14404,-472,-1907,-13505,-2171,90768177
jamesbond,-16984,-24448,88,5489,5602,-32768,-13716,8552,1460,8705,-4121,-240,816,15112,-324,-1872,-12882,-2021,3908131421
jamesbond,-15664,-25356,132,3534,6339,-32768,-13320,8632,1400,7497,-4733,-1028,616,15216,-148,-1828,-12373,-1850,2144243481
jamesbond,-15768,-26416,1076,-356,7521,-32768,-12828,8388,1536,6785,-5108,-1592,496,15216,-304,-1607,-11956,-1685,2836872728
jamesbond,-15592,-28464,552,-845,7983,-32768,-12520,7844,1440,6414,-5021,-1761,20,14900,-292,-1249,-11644,-1489,1885046998
jamesbond,-14160,-25772,1860,1393,7980,-32768,-12276,7892,1996,6502,-4277,-1289,-288,14548,-168,-755,-11234,-1213,2317595561
jamesbond,-12424,-21688,4568,6132,8685,-32768,-12540,8192,2480,6404,-3556,-1156,272,14196,104,-189,-10901,-1014,3519620998
jamesbond,-11396,-15268,6760,10286,9294,-32768,-12552,7976,2456,6360,-3054,-1462,192,13680,532,400,-10699,-763,4136958802
jamesbond,-10288,-6068,7908,9866,9841,-32768,-12516,8108,2672,6765,-2891,-1751,500,13152,852,1128,-10499,-576,923796629
jamesbond,-11696,1716,9192,6045,7531,-32768,-12496,8144,2652,6927,-3111,-1819,276,13832,1564,1659,-10619,-420,512284275
jamesbond,-7304,9592,8552,-348,6786,-32768,-13108,7544,2648,7702,-3614,-1896,984,17868,1692,1930,-11499,-45,297664491
jamesbond,-3428,11588,7556,-9608,5637,-32768,-14808,7392,2852,8938,-4038,-2187,2880,21728,1724,941,-13201,130,3431871569
jamesbond,-2660,10304,7472,-13743,3941,-24476,-16304,7748,3196,9496,-4378,-2767,5204,21780,1712,-329,-14344,426,1840691277
jamesbond,64,5616,7800,-15150,3267,-16708,-17300,8564,2836,9236,-4747,-3260,8564,18228,1664,-1028,-12828,589,587650727
jamesbond,1820,420,7464,-13019,3278,-10449,-17568,8640,1804,9385,-5270,-3240,9432,15276,1896,-670,-9299,637,1570952336
jamesbond,4856,-3040,7676,-10961,4233,-6661,-17164,8576,1184,9837,-5600,-2285,8772,14620,2880,-295,-6811,844,2267793493
jamesbond,5380,-6652,8500,-9057,4826,-5044,-16960,7832,1444,10281,-5106,-807,7892,15296,2764,58,-5186,953,1012647145
jamesbond,5792,-9708,8804,-5814,4245,-3870,-16224,6972,2508,9338,-4040,496,6484,16088,3212,-278,-4665,1150,1070059148
jamesbond,7576,-10616,8896,-2178,2501,-3103,-15956,6032,3204,5860,-3329,1019,5540,16476,3520,-644,-4667,1413,4242348346
jamesbond,9464,-9868,8516,-921,583,-2317,-15364,4908,3824,1365,-3075,935,5412,15900,2996,-1120,-4737,1532,1151983762
jamesbond,10996,-8528,7512,-2470,-841,-1491,-15056,3804,3688,-1993,-2673,845,5752,14936,3548,-1511,-4593,1437,522144527
jamesbond,12092,-8028,6560,-5213,-1695,-442,-14256,3260,3444,-2723,-1600,2036,5976,13872,3756,-1619,-4296,1304,1824317082
jamesbond,12772,-9100,5660,-7064,-1876,839,-13584,2748,2888,-1050,-230,3498,6112,13024,4244,-1597,-3771,1151,172199259
jamesbond,12928,-10016,5320,-6772,-1649,1966,-13672,2716,2828,483,768,3952,6212,12704,4416,-1483,-3116,1103,2044889037
jamesbond,13156,-10792,4964,-5479,-835,2855,-13484,2912,2804,56,376,3943,6760,12716,4540,-1275,-2392,1078,1698795686
jamesbond,12684,-11196,4732,-3661,173,3332,-12988,2364,2280,616,255,4022,6972,12984,4472,-1118,-1648,994,3092355517
jamesbond,12228,-10964,4264,-2436,907,3884,-12816,2708,1908,1018,-113,3856,6624,13572,4732,-889,-1029,855,3489573501
jamesbond,11800,-11076,4136,-1900,1323,4752,-12624,2268,1656,2216,-365,3725,6432,13924,4696,-646,-533,623,3133017909
jamesbond,11108,-11200,3864,-1471,1461,5511,-12792,2532,1340,2994,-257,3376,5904,13936,4568,-565,-299,335,2064335783
jamesbond,10812,-11172,4076,-1215,1664,6013,-13128,2640,1528,2945,-596,2554,5492,13928,4432,-442,-149,78,2145977325
