mermaid,2496,6080,-12132,-8289,-15251,-4304,-25976,4824,14808,-3344,-9057,20394,1064,8624,872,5573,9545,4985,3841853977
mermaid,3232,4916,-12332,-15785,-9954,872,-28660,6016,9216,-3782,-15924,19066,2008,9408,-636,5078,9812,4518,2417331698
mermaid,3204,3892,-12452,-22646,-8112,3777,-24424,6780,6520,-4154,-24973,16447,1904,9980,-488,4248,10276,4072,4266766922
mermaid,2516,4844,-12068,-23958,-6567,4336,-26228,4636,14812,-3100,-29904,16610,1208,13212,-128,2213,9200,3903,721587774
mermaid,1496,4060,-9752,-21027,-4882,3890,-21412,7576,3288,-2273,-32768,18279,2288,14192,-540,2172,8750,3528,1187794250
mermaid,2276,1960,-8312,-16267,-2810,2898,-27068,7692,4524,138,-30954,15088,1452,15640,-40,1616,8882,2937,713279566
mermaid,1872,-216,-7800,-10069,668,2687,-22656,8312,2144,-2775,-32768,13388,1856,16084,940,1458,8410,2713,1162293053
mermaid,2496,-388,-10408,-3485,-383,4144,-21200,7656,-540,-3473,-32768,13071,1344,17316,864,1159,7384,2347,1280827824
mermaid,5708,796,-10788,4761,-756,3822,-18768,8148,-1048,-8972,-32702,14187,940,16648,88,572,5650,2125,4061260225
mermaid,6500,2480,-7656,7750,5018,5020,-18924,8412,-828,-15301,-32195,12140,1580,15144,-640,38,5128,1873,229617024
mermaid,6520,3376,-7056,6487,13256,7531,-14528,5988,-2984,-19610,-30356,13312,812,14812,-392,-486,4446,1593,1168472870
mermaid,6680,1628,-7316,5647,20857,9476,-11412,4156,-4512,-20132,-25040,9910,-792,14312,748,-1005,2709,1830,3190543142
mermaid,6572,492,-7616,2880,26483,12730,-9572,1932,-3740,-18825,-23246,5849,-772,13440,1888,-580,879,1768,320478121
mermaid,5440,-228,-6892,-2886,32163,15578,-5156,2328,-5660,-18403,-21348,4081,-808,14024,1916,-227,-1137,1727,1940428947
mermaid,4432,68,-3376,-12286,32767,17635,-4076,1704,-4096,-17078,-22455,5969,24,14048,1880,-162,-2419,1722,290838715
mermaid,3276,-2096,1036,-22104,32767,20278,-732,2728,-5592,-18249,-22672,8235,-248,14456,1024,-458,-3355,1598,3283734506
mermaid,944,-6808,2572,-25516,32767,22852,-4616,5180,-4492,-21975,-24657,7548,828,15348,572,-760,-4752,1682,4256830107
mermaid,-2492,-10504,2064,-23485,32767,26287,-108,-2300,-5264,-22055,-23042,7490,2752,15156,1100,-455,-5191,1357,1836668486
mermaid,-5628,-18160,-1888,-19752,32767,32767,172,-4368,-6704,-17964,-23532,4845,2980,15404,76,-911,-5894,762,744184028
mermaid,-12692,-16608,648,-15285,32767,32767,3348,-2792,-9784,-17069,-21021,1890,3216,15408,288,-1414,-6740,154,785973668
mermaid,-18516,-16552,2924,-16342,32767,32767,7584,-4280,-11464,-14237,-19862,1574,2296,15444,532,-1736,-7668,-277,1199083278
mermaid,-24596,-16956,6808,-15325,32767,32767,5216,-3884,-9400,-10673,-18071,-785,1324,15448,888,-2074,-9198,-576,1610201048
mermaid,-32768,-19032,14300,-10156,32767,32767,7076,-6400,-8956,-5500,-16720,-2954,4,15444,256,-2938,-10778,-587,1597321863
mermaid,-32768,-17328,16404,-6296,32767,32767,10348,-4108,-11024,84,-12421,-1372,-28,15996,-104,-4094,-12487,-575,1654924452
mermaid,-32768,-15140,16264,-6251,32767,32767,8340,-3680,-10944,3475,-8323,460,112,13636,-100,-5224,-14480,-766,2758373746
mermaid,-32768,-14104,18080,-9565,32767,32767,6392,-644,-11308,6085,-5966,-635,708,11836,232,-6062,-16258,-1533,231366507
mermaid,-32768,-15608,23004,-14354,31447,32767,3908,1396,-10212,8519,-4305,-2217,2160,10780,728,-6515,-17101,-2730,2198345889
mermaid,-32768,-23616,20820,-10918,23337,31433,-1380,4544,-7408,11206,-7627,-2614,2252,9568,620,-5981,-17383,-4042,1608246063
mermaid,-29428,-29112,21916,384,18501,30035,-2784,3752,-5432,5401,-10600,-3221,4280,9524,596,-5110,-17634,-5104,458191005
mermaid,-29408,-25528,27416,12189,11938,22415,-3152,540,-3736,-1018,-10212,-3449,4560,10428,1476,-4176,-16532,-5351,2130350288
mermaid,-27476,-30612,27740,25932,2586,22074,-5236,-1232,-2376,-881,-11818,-4792,5944,11004,720,-2997,-14679,-4990,1505232066
mermaid,-22880,-20604,27792,32767,-1503,18663,-932,888,-4952,6621,-6408,-5687,6612,12376,616,-3145,-13299,-4138,2433263319
mermaid,-27656,-13464,32767,32767,-10901,17429,-2244,-464,-1280,15335,-1830,-6351,8304,14092,1868,-3239,-11076,-3716,3909785201
mermaid,-26152,-7872,32767,31625,-20707,14099,1616,2216,4336,19999,5680,-9326,8364,15028,3568,-2439,-9102,-3416,180427560
mermaid,-31772,-4356,32767,17605,-28195,8252,4664,2564,6528,18662,21012,-13574,7304,15520,1464,-1307,-6709,-3067,178564598
mermaid,-32768,-7620,32767,10056,-32763,547,5092,4128,8784,15695,32767,-16764,7792,15124,-116,-1238,-5052,-3268,2071227390
mermaid,-32768,-6480,32767,10172,-29886,-5309,5344,5484,12224,16620,32767,-20357,6916,15528,236,-1506,-2777,-3757,3576472399
mermaid,-31784,-4140,32767,9415,-29651,-5953,5928,9828,17272,21974,32767,-24555,3992,15976,2516,-1270,-589,-3104,3662218685
mermaid,-32768,-2936,32767,11037,-32120,-4810,3932,11220,29364,29065,32767,-27847,3828,17448,4104,-716,1244,-2503,841780111
mermaid,-32768,-288,26992,9310,-32768,-4200,3928,13176,32767,32767,32767,-32624,6008,17624,2004,203,2874,-2180,985726097
mermaid,-32768,2472,22632,3266,-32768,-5748,1520,19224,32767,32650,32767,-32768,5264,18644,-280,210,3303,-2407,1810601367
mermaid,-32768,3604,19528,-7639,-32768,-8701,-7120,29940,32767,30111,32767,-32768,2992,20196,244,-153,3754,-2550,601409051
mermaid,-31640,5464,17552,-22646,-31101,-13212,4056,16804,-5116,29896,32767,-32768,992,19812,1844,62,4820,-1413,4241539562
mermaid,-32768,2900,12592,-32768,-29330,-17284,-21900,32767,2392,-555,32767,-32768,-900,18632,1392,357,5290,186,313023394
mermaid,-32768,2616,8076,-32768,-27957,-22176,-32768,10884,21852,-11402,32767,-18174,5960,19420,1612,1144,6969,202,1862698235
mermaid,-32768,-4472,2852,-32768,-32768,-24595,-32768,17080,27636,3993,32767,-13060,7532,21876,348,1085,8397,-409,3367114733
mermaid,-23024,-12212,-1464,-32768,-29267,-24617,-31964,17536,17840,19864,19201,-16347,6596,23448,-852,214,9151,-527,4133026598
mermaid,-22960,-10564,-928,-23625,-28100,-25129,-28756,32767,16680,25082,11461,-20857,4632,23568,780,-201,10367,153,2188835690
mermaid,-19812,-8428,-1388,-16961,-31651,-24668,-30004,29348,21788,18806,7922,-17297,4292,22088,2880,-10,12203,302,1910315715
mermaid,-13672,-7228,-2268,-12900,-31004,-25788,-32768,29424,23860,10281,3102,-17307,2776,19988,2992,481,13026,161,78058417
mermaid,-13004,-9268,-2808,-3022,-28760,-26342,-29188,32767,19924,-4768,3372,-10789,-648,19508,4460,1191,12291,697,581298044
mermaid,-12384,-6656,-3260,5154,-29468,-27619,-29176,28980,20796,-15135,3271,-5044,-1728,19612,3900,2213,11855,1998,3268817727
mermaid,-9124,-5556,-5036,11864,-30271,-29189,-30400,20972,25396,-15747,814,-307,-1408,19632,2864,2719,11163,2879,821307864
mermaid,-9208,-4712,-3796,18232,-30915,-29141,-27592,19572,19404,-14122,-768,2867,-184,18688,2984,2843,9443,2950,2610774212
mermaid,-7696,100,-3672,17856,-32768,-29244,-27144,18792,20484,-16639,-610,7301,-896,17344,3332,3181,7984,3009,2536979605
mermaid,-4612,1972,-3656,15743,-32152,-27833,-29780,16220,23656,-17154,-6904,10368,-1292,15680,2884,3676,7395,3599,2841821793
mermaid,-1900,5640,-5288,14708,-30798,-24507,-29072,12812,24308,-15747,-13369,11424,-664,14200,2400,4311,7495,4370,4140137885
mermaid,3444,9084,-8744,10517,-29859,-20782,-26448,11900,20696,-14767,-18590,11906,224,12916,2368,4873,7367,4642,3483634470
mermaid,5416,5396,-11944,11122,-29709,-16388,-24380,10376,18600,-16969,-21712,12127,800,11712,1380,5138,7336,4513,2480951179
mermaid,6108,4416,-13916,13975,-28157,-12044,-24520,11320,15092,-23256,-26089,10546,1992,10932,492,5170,7433,4196,1080852826
mermaid,7456,6392,-16472,13605,-26985,-8298,-24768,9508,14892,-28792,-28708,9371,2256,10148,44,4694,7332,3749,4184255297
mermaid,10152,5800,-16612,12582,-26088,-4791,-23836,6160,12652,-31713,-30549,9818,1904,9564,292,4405,7731,3555,798875859
mermaid,9964,3864,-12916,11606,-18950,-940,-22104,3224,9844,-32420,-32414,8475,1756,9480,616,4006,7735,3312,3380751396
mermaid,9728,3700,-9788,9852,-9202,1653,-20388,1668,7720,-30580,-32058,6471,1236,10384,-460,3740,7644,2986,362348671
mermaid,8620,1948,-9484,10313,4280,3844,-20956,224,7436,-24142,-28882,4153,1048,11224,-812,3107,7640,2713,2628339001
mermaid,7240,2420,-9980,7376,15737,5132,-19196,1768,5804,-16475,-29729,3049,548,12100,-1388,2197,6652,2327,1291300473
mermaid,5264,-764,-9592,1962,23748,6680,-18892,-428,5012,-8049,-30241,4844,800,13576,-724,1300,5266,1900,2984182022
mermaid,3392,-1008,-7936,-3423,29190,7654,-16632,524,2064,-526,-30780,6939,940,14176,-556,775,4208,1619,2111750313
mermaid,2324,-536,-5028,-7727,32767,8102,-14984,1340,152,5403,-29194,7943,1364,14784,-132,359,3653,1332,141153619
mermaid,280,-1092,-1552,-10769,32767,9380,-12280,2980,-1864,7465,-27535,8934,1664,15304,-268,-200,3618,1157,761999717
mermaid,488,-2364,632,-12583,32767,11549,-11960,2156,-1848,7041,-27039,9887,212,15300,-96,-1031,3061,1088,1764178277
mermaid,-108,-4024,1996,-14312,32767,14743,-8856,3108,-3192,4388,-27639,8732,244,14460,64,-1455,1830,1198,1002491352
mermaid,-1596,-6252,3516,-15192,32767,17895,-5520,7164,-3716,-1328,-26332,7442,180,14368,164,-1852,251,1324,3020442644
mermaid,-4252,-6744,7772,-17140,32767,20639,-4560,8972,-3288,-10015,-25097,6157,468,13844,680,-2357,-1439,907,1137775932
mermaid,-6344,-8912,10652,-20496,32767,23985,-5996,7992,-2684,-19966,-25201,4257,436,14336,244,-2918,-2961,523,3026874537
mermaid,-9332,-9956,11080,-24844,32767,26194,-5224,5040,-3696,-27364,-25332,2625,-532,14784,-848,-3562,-4089,475,327798172
mermaid,-10672,-8608,9112,-32768,32767,27745,-3100,2684,-4104,-32465,-22952,329,16,14752,-860,-4234,-5101,658,1325099511
mermaid,-11808,-4140,7356,-32768,32767,29533,-3080,528,-3304,-31818,-21058,-2147,1644,13540,828,-4684,-6189,606,174466902
mermaid,-18156,-17148,3844,-32768,32767,32387,-8736,3520,-2868,-25865,-30277,-6130,3548,12428,1980,-4834,-6890,288,2362396447
mermaid,-19960,-25268,144,-27588,32767,31754,-1136,-5952,-7408,-15142,-24294,1862,3912,11816,2356,-4643,-7364,77,3243796522
mermaid,-22376,-22688,4164,-14631,32767,31307,-1676,-4312,-4748,-6887,-19867,3264,2640,11124,1808,-4544,-7262,2,4083602216
mermaid,-26760,-20848,13180,-8831,32767,29491,1956,-4808,-6220,-1930,-17486,2528,1584,10856,1684,-4530,-7406,50,62843796
mermaid,-27724,-17668,17188,-7986,32767,28203,2532,-5452,-7288,5838,-16714,4451,1100,11204,1532,-4366,-7744,-136,2486770794
mermaid,-27412,-16132,14900,-12377,29073,27890,1304,-1692,-8152,9330,-15255,3795,840,11952,1452,-4561,-8810,-432,1825267743
mermaid,-27676,-16000,9960,-18558,22694,28241,2588,-2732,-10796,11688,-14993,3502,2964,12260,1372,-4847,-9820,-793,3235518935
mermaid,-26796,-28052,12952,-12260,22624,26405,6408,-3320,-13140,12560,-12846,1217,4752,11864,1932,-4844,-9697,-1759,1444089492
mermaid,-31108,-28268,21088,-8509,14709,25932,8808,-1932,-14668,13252,-8995,-1848,3732,11836,2804,-4423,-9794,-2617,2552454390
mermaid,-29132,-32768,18560,1156,5807,22115,9464,-836,-14048,14320,-3044,-4019,2816,12340,1912,-3721,-10299,-2801,1563218337
mermaid,-24960,-32768,19728,13315,3617,20015,7444,1364,-11128,17134,4683,-5542,3204,12340,1580,-3114,-10356,-2867,2221794525
mermaid,-25768,-29924,24268,20176,-1522,18438,2396,3404,-8228,16652,8562,-6033,5288,12200,1440,-2780,-9344,-3277,1433144942
mermaid,-26372,-26600,27484,28279,-1086,10149,-4552,4568,-3584,9647,1105,-7750,5820,12360,2208,-2540,-8612,-4105,2925978462
mermaid,-30708,-21356,30004,26764,-7548,6508,-1304,3640,-4476,1344,-3662,-10993,6676,14016,3368,-2670,-7990,-4192,57273010
mermaid,-29920,-17580,27332,19505,-16848,724,1792,2752,-3028,-3217,-2973,-12567,6840,14384,3784,-2114,-7102,-4047,74553469
mermaid,-30896,-15964,24788,13780,-23178,-4061,2140,-1696,2340,-2494,-1224,-11687,7404,14468,3232,-1840,-5918,-4242,1502275919
mermaid,-32768,-13876,23028,8822,-32073,-6717,4768,-2972,7300,16671,6094,-12520,6576,14732,3280,-620,-3628,-4325,949830735
mermaid,-32756,-12732,21432,5073,-32768,-10687,3076,5276,7644,31373,12174,-16409,6896,15512,1396,-194,-2197,-4672,2885376388
mermaid,-32768,-15116,27780,9085,-32768,-12620,8080,17972,12256,32767,24415,-23324,5096,17608,2040,-471,-1397,-5102,1498687371
mermaid,-32768,-12616,26804,14634,-32768,-14418,11764,19652,21268,23379,32767,-26289,3116,18612,4624,-508,-623,-4654,2869333596
mermaid,-32768,-12532,25424,19126,-32768,-15043,8060,18984,28084,16955,32767,-25874,3116,19668,2848,-212,158,-3852,2302510416
mermaid,-32768,-9400,25188,21270,-32768,-13704,3236,19052,30200,11802,32767,-25307,3532,21320,1684,-145,466,-3417,3974065619
mermaid,-32768,-6800,23796,17619,-32768,-11788,-752,22536,30548,3508,32767,-25163,4180,22588,2324,-378,479,-3317,3747025805
mermaid,-31960,-7952,22252,15666,-32768,-10010,-952,21020,32767,128,32767,-25875,992,24280,4732,-402,770,-1889,846995664
mermaid,-30668,-7196,20216,12416,-32768,-8616,2088,29444,32767,-7692,32767,-29079,6540,24868,4408,30,2824,-1073,3764906172
mermaid,-29712,-3528,19704,4068,-32768,-9249,-10384,18872,32767,240,32767,-20478,5800,24320,2708,1317,4718,-1337,3065603748
mermaid,-24876,-11000,17808,452,-32768,-7180,-12448,8020,30452,29075,32767,-18215,3284,26396,2616,1341,5381,-1165,1531665751
mermaid,-21580,-9872,13472,3704,-32768,-8122,-25204,11892,23104,32767,32767,-17354,2412,24540,3632,1715,5416,10,3782799541
mermaid,-20272,-6904,10492,953,-32768,-9418,-32768,29028,21072,30722,32767,-19250,3692,23224,2928,2154,5818,555,1835749345
mermaid,-17660,-8616,7908,-853,-32768,-10340,-32768,32767,26628,3161,26725,-19534,4888,21740,2360,2626,6756,370,3209736286
mermaid,-16108,-7604,6308,1191,-32768,-12107,-30148,29864,26664,-12842,21182,-16380,3040,21284,1696,2789,7537,390,3499976165
mermaid,-13388,-6584,4956,2602,-32768,-14445,-28824,27660,27568,-20418,16107,-12362,1188,20132,1696,2950,8158,1092,614214465
mermaid,-11160,-5640,3808,1675,-32768,-16685,-27516,19988,27128,-21904,11852,-6919,-176,18100,2588,3002,8639,1974,1418010570
mermaid,-9248,-3976,2472,-534,-32768,-18602,-24968,15636,27968,-17348,8490,-444,-420,15824,2484,3129,8839,2909,3999354811
mermaid,-8660,-212,732,-4386,-32768,-21555,-22900,12100,28108,-10041,3469,6092,-488,13692,2420,3213,8789,3604,1037843372
mermaid,-8020,424,-1208,-4595,-32582,-23674,-20724,12240,25344,-7368,-1181,9895,-636,11916,2032,3473,8630,4133,578020267
mermaid,-7204,-356,-4280,-2209,-32768,-23231,-18980,11312,23708,-7131,-5264,12505,-732,10680,1900,3603,8303,4455,626289379
mermaid,-4876,1240,-8220,3002,-32768,-21657,-18824,11848,22440,-5790,-8923,13512,-828,8996,1328,3570,7800,4565,614878980
mermaid,-2148,4344,-11884,6762,-32768,-18432,-19124,13672,20340,-6968,-13706,13723,-1100,7852,984,3518,6753,4639,2848463183
mermaid,1028,3676,-13280,6983,-32379,-13474,-16776,13356,16660,-10487,-16950,11738,-484,7256,700,3231,5878,4590,4140758645
mermaid,4124,5428,-13432,4164,-29476,-8321,-18492,12844,16288,-15170,-20001,9050,296,7220,484,2980,5308,4462,3570836246
mermaid,3992,6852,-15148,-1308,-22177,-2209,-19844,11040,15752,-20844,-24322,5234,1700,7772,132,2413,4945,4093,1895508538
mermaid,6640,7040,-16876,-7273,-14496,2626,-22148,7688,14156,-23157,-27160,2753,2252,9828,292,2082,4792,3632,1294601927
mermaid,5964,6064,-17132,-12214,-6503,6577,-22388,5632,9552,-22050,-29187,1839,1476,11648,1076,1598,4428,3454,3344332432
mermaid,5008,5148,-14944,-14672,1032,9298,-22116,2612,9400,-19845,-30855,3085,3388,13028,1088,1353,4709,3262,615438518
mermaid,4156,5124,-13108,-14610,7812,10849,-21268,2184,7424,-16553,-28832,702,3396,14664,1740,1501,5435,2809,4249350325
mermaid,3396,3408,-11728,-12084,12935,11842,-20500,1364,7308,-11615,-28643,288,3084,15548,984,1289,5575,2588,3956809993
mermaid,3252,2404,-10372,-8977,17077,12998,-18608,1380,3004,-5073,-29399,2144,2552,15792,932,1049,5615,2330,2363228777
mermaid,2416,1860,-9212,-6662,21378,14525,-17916,2092,2004,-1133,-29547,3359,1416,15448,1028,1088,5221,1928,2550465089
mermaid,1364,-352,-8800,-5784,24469,16899,-15020,3480,284,1330,-30003,4012,736,14956,644,1015,3850,1753,4028005839
mermaid,604,-1492,-8668,-6541,27859,18771,-12360,5752,-112,318,-29317,4303,828,14292,1128,1101,1905,1666,2293341403
mermaid,-248,-3004,-6824,-7315,31543,20519,-12040,6588,-896,-4402,-28509,4309,412,14208,400,1231,405,1628,1669414529
mermaid,-780,-3228,-2708,-9167,32767,22108,-10244,6764,-1668,-10194,-28501,3397,-136,14496,220,1217,-740,1588,4102579527
mermaid,-2812,-5716,88,-9999,32767,24947,-6880,6120,-2384,-15451,-26367,3043,188,15152,24,1106,-2026,1761,2150894506
mermaid,-3432,-7644,2752,-12658,32767,28376,-5572,4244,-2336,-18488,-24854,3760,1220,14780,-152,874,-3086,1739,2038867719
mermaid,-5124,-10172,6764,-19113,32767,32004,-4524,2804,-2716,-19904,-24889,3707,1404,14788,-184,410,-4127,1664,2698459195
mermaid,-7904,-13496,11024,-24573,32767,32767,-1548,792,-4556,-18506,-25627,4170,1900,15024,72,-101,-5535,1503,2078254023
mermaid,-11284,-15740,11188,-24619,32767,32767,1740,-924,-5372,-16577,-23698,4227,2732,14752,368,-704,-6607,964,1091629515
mermaid,-15200,-13844,10160,-22740,32767,32767,2144,-2328,-3860,-13968,-20306,3912,2616,14756,-472,-1472,-7512,440,785633697
mermaid,-20620,-10544,5952,-25601,32767,32767,248,-2272,-2044,-10595,-18783,4202,1888,14832,-1080,-2236,-8185,114,41699561
mermaid,-25840,-15244,2212,-21286,32767,32767,-1512,-1496,-1644,-6008,-20082,6088,2472,14836,-568,-2777,-8742,-213,1187219526
mermaid,-29664,-13376,4268,-13956,32767,32767,-2424,200,-2304,-2609,-25213,4110,2904,14672,-204,-3373,-9383,-592,4089836436
mermaid,-32768,-10608,8484,-11860,32767,32767,3400,-2044,-1548,2257,-20189,8015,2676,14212,-16,-3933,-9990,-691,1514841503
mermaid,-32768,-13488,10768,-16417,32767,32767,-1560,192,-1016,3845,-21520,7528,1800,13912,-476,-4562,-10441,-587,3870906512
mermaid,-32768,-16168,8960,-23508,32767,32767,1956,-1740,-1952,4813,-20103,7282,1416,13644,-388,-4939,-10952,-740,4261837425
mermaid,-32768,-24848,9128,-23074,26257,32767,1948,-2064,-2096,8857,-17846,7237,1784,13204,-1968,-5662,-12040,-917,3174648905
mermaid,-32768,-32768,9944,-11494,18039,31671,2072,-568,-2076,12142,-13683,6634,2844,11896,-1600,-6675,-13644,-1626,3459765930
mermaid,-27640,-29068,13080,2364,13959,27005,440,3740,-3288,9292,-13632,3253,3572,10996,-156,-6463,-14302,-2491,1462532271
mermaid,-21960,-28904,17212,16051,11800,22709,3392,3672,-4468,7683,-9391,1282,4020,10352,788,-6051,-14304,-2882,3356739055
mermaid,-21852,-24184,17868,25034,13767,18264,1740,3092,-3348,7028,-7272,-1291,5824,11220,956,-6063,-13426,-2860,3933600200
mermaid,-25744,-20212,20184,26924,12748,12970,4640,1452,-3176,7047,-5089,-3044,7460,12336,2176,-5284,-11570,-2506,2309833033
mermaid,-27352,-16976,20576,23667,9271,7022,6348,1816,-3576,6281,-609,-5135,7836,13496,2776,-4378,-10363,-2319,1477618256
mermaid,-27772,-17328,21000,19869,1989,2176,7312,780,-4316,4485,4302,-7640,7956,13532,2004,-3440,-8306,-2214,1181840787
mermaid,-27544,-18508,25584,20278,-3710,-578,8124,120,-6592,5716,10646,-8303,7876,12456,1888,-2746,-6205,-2370,2603021202
mermaid,-29808,-15016,29348,20350,-9732,-3297,9400,448,-8148,6515,15583,-6794,7592,12936,2616,-2939,-4945,-2957,4056343140
mermaid,-30900,-12960,29500,18402,-18108,-5471,10928,856,-6904,9152,17978,-7300,6124,14144,4232,-3207,-4122,-3168,2631838681
mermaid,-30512,-10064,26196,16940,-27498,-5822,8132,1376,-3196,17872,17937,-10000,4928,14628,4092,-2783,-2813,-3283,3032378994
mermaid,-32768,-9020,27256,15253,-32768,-6741,4176,5124,1280,23713,21653,-14698,4348,14888,3256,-1964,-1765,-3384,3650924212
mermaid,-32768,-7600,25248,14321,-32768,-7350,5024,9668,8112,22946,32767,-21182,4188,14344,676,-1921,-1613,-3624,2701432021
mermaid,-32768,-3288,26728,15899,-32768,-12359,6752,13556,21004,16507,32767,-22630,6496,15808,1020,-2223,86,-3572,3950330645
mermaid,-32768,-856,32196,7143,-32768,-13306,2396,15456,32767,16244,32767,-24129,6488,18604,3156,-2592,2235,-3229,3104607817
mermaid,-29656,-6200,32767,4090,-32768,-13257,-948,20416,32767,10586,32767,-25948,6076,19644,4000,-1989,4020,-2355,3552198517
mermaid,-32768,-11792,29708,5384,-32768,-13189,-2728,24148,32767,4589,32767,-27855,7184,20984,2292,-1757,5308,-1865,3172931903
mermaid,-32768,-11220,28256,3829,-32768,-12318,-2120,29216,32767,3524,32767,-28338,5508,21288,3076,-1287,6131,-1860,2999565904
mermaid,-32768,-9168,25312,-1035,-32768,-10864,-10400,3652,32767,25528,32767,-20008,4648,20572,3356,-626,6700,-1969,631339527
mermaid,-29468,-5176,21404,-10543,-32768,-10533,-11692,8000,22000,32767,32767,-22916,3080,20396,4584,-390,6459,-1874,2035494902
mermaid,-25500,-11268,18888,-17039,-32768,-10325,-23212,3100,11632,32767,32767,-23143,4304,21116,5472,989,7932,-1763,1384429571
mermaid,-24476,-10996,15240,-20219,-27197,-10510,-32768,21872,17844,32767,32767,-25488,4352,23564,2692,1266,8512,-1234,2714582423
mermaid,-23644,-10204,9932,-19408,-20231,-11695,-32768,32767,24084,21517,23193,-21499,3816,25380,2140,1184,8805,-191,780692170
mermaid,-21856,-8392,7032,-16800,-16606,-14161,-32768,32767,18320,1326,7390,-17906,3812,24304,3416,1775,9419,663,3546011455
mermaid,-18772,-5652,4952,-14839,-15561,-17093,-31852,30492,16068,-15160,-1599,-14357,1700,21344,5028,2446,9495,825,387502050
mermaid,-14976,-6232,2668,-10684,-15003,-18912,-29976,23104,24872,-23008,-5034,-9851,512,19844,4076,3277,9515,561,2874201128
mermaid,-12984,-8324,360,-1245,-16042,-20277,-29116,17236,32436,-24992,-3482,-4071,-1400,18896,2724,3460,8694,550,3503157979
mermaid,-12784,-6748,-2376,8019,-20521,-21963,-29792,9592,32767,-19309,-7344,954,-1392,17368,3340,3302,7328,1022,338393726
mermaid,-8232,-4312,-3552,12374,-22573,-24070,-25028,6076,30796,-8973,-9331,5870,-308,15624,3656,3259,6451,1450,632562410
mermaid,-9072,-4556,-4868,15793,-26733,-23986,-23500,7884,25880,-654,-7219,9825,328,14544,3252,3222,6325,1915,3176044199
mermaid,-7608,-1224,-7452,19819,-31283,-24521,-24440,11472,24400,1566,-7306,10893,1172,13108,3136,3283,6240,2396,4270813593
mermaid,-7608,1288,-9872,21489,-32768,-22605,-24276,13696,22708,-2646,-12363,10584,728,11536,2916,3119,5748,2493,2445564041
mermaid,-4620,7404,-13104,19715,-32768,-20386,-23356,13184,18592,-9299,-17942,10253,300,9416,2380,2984,5052,2535,314680621
mermaid,976,5532,-14788,15418,-32768,-15248,-23172,8576,15224,-12504,-21897,9049,324,8316,2176,3213,4760,2269,467595651
mermaid,1684,3596,-13208,12928,-32768,-10527,-25428,5476,13096,-12180,-26712,7052,52,7472,1892,3358,4305,2261,757775518
mermaid,3808,2160,-14252,5465,-32768,-5128,-21004,4400,11444,-11912,-30536,6615,1784,8480,2548,3384,4393,2623,3699528956
mermaid,4736,2476,-12268,-3756,-20712,-175,-22044,2564,11632,-7529,-31386,8149,2836,9744,1988,3732,4994,2835,1031876332
mermaid,6560,2876,-11276,-12031,-4454,3776,-21436,2328,9488,-727,-29019,6274,3656,11196,660,3752,5610,2648,960700180
mermaid,5424,4436,-11728,-21372,7470,7466,-22944,4052,9336,2104,-31551,6043,3556,12644,408,3461,5404,2120,77051511
mermaid,4260,4224,-11804,-30271,15562,10920,-20204,6928,6680,2845,-32768,6967,1924,13980,-312,2882,5025,1565,674440502
mermaid,4300,4728,-13084,-32768,20228,12880,-17096,8120,4304,1238,-31718,9259,116,14920,-740,2319,4834,1217,3834949596
mermaid,4816,4632,-12608,-32367,23231,14178,-18336,8552,2584,-2231,-28984,8160,-456,15088,-740,1659,4194,1399,1840141287
mermaid,5004,3580,-11156,-28079,25937,16311,-17692,6892,532,-5626,-29338,7199,328,14904,-152,1004,3282,1486,4063025401
mermaid,4612,1868,-8132,-21064,29403,19227,-14612,5360,-1272,-8653,-30175,7039,-480,14564,1408,677,2182,1626,2921897901
mermaid,2756,68,-4468,-11878,32767,21947,-11792,4616,-2924,-11263,-29836,4931,36,14228,1020,514,1457,1741,77331990
mermaid,1020,-1164,-2348,-4546,32767,24766,-7792,3988,-4200,-12602,-26682,4248,-360,14624,832,333,657,1940,345262259
mermaid,-1584,-3932,-140,-1101,32767,28076,-7848,1724,-3968,-10847,-26930,5943,-424,15252,584,-251,-65,2437,1209926242
mermaid,-5060,-5740,1544,-785,32767,31675,-5688,2504,-4640,-11361,-28608,6690,192,15152,240,-844,-798,2560,4267646053
mermaid,-8572,-7092,4848,-1047,32767,32767,-3588,1916,-5300,-13606,-29694,7785,1204,15168,20,-1623,-1519,2417,163022653
mermaid,-12548,-7932,9956,-3600,32767,32767,252,-1184,-5136,-14227,-24915,8578,2188,15088,592,-2397,-2733,2053,1365253747
mermaid,-17980,-8236,10612,-10070,32767,32767,-4460,-2344,-1588,-13418,-24557,11256,1880,14860,1852,-2789,-3753,1828,3501964622
mermaid,-22108,-10700,7480,-13676,32767,32767,-4108,2332,-6224,-14723,-29356,7691,2296,14620,1552,-3036,-4514,1542,1193008673
mermaid,-27604,-11216,4932,-14743,32767,32767,-120,-1920,-5888,-10993,-29798,8200,2480,14128,676,-3529,-5146,1238,1206977927
mermaid,-32768,-13368,7600,-8734,32767,32767,2600,308,-6692,-5457,-27367,10879,2888,13432,336,-3862,-5526,907,369012857
mermaid,-32768,-12232,14524,-7002,32767,32767,2524,-120,-6788,-1238,-26298,12187,2748,13352,-136,-4091,-5864,524,861277948
mermaid,-32768,-13540,13984,-8884,32767,32767,-976,-692,-3908,2165,-26548,12861,2444,13724,-108,-4596,-6434,271,87255270
mermaid,-32768,-17180,11936,-10282,32577,32767,-3632,-1052,-4736,3855,-26557,12321,2932,13588,1192,-4947,-6838,-49,2601917407
mermaid,-31904,-18296,13456,-9469,29099,32767,-56,-936,-6432,2700,-21929,11178,3620,13504,1252,-5127,-7264,-549,447096799
mermaid,-29876,-20480,15544,-8242,25749,30550,2444,-608,-9520,991,-19073,10545,4340,12836,1932,-5138,-7685,-1123,3304321880
mermaid,-24232,-20540,11968,-2760,24937,25508,3776,-588,-8584,2434,-15850,10671,3052,12112,968,-5248,-8486,-1377,3094290950
mermaid,-24868,-21976,15900,1129,23649,15736,2404,632,-4884,4940,-13709,9873,2036,11512,2064,-5146,-7949,-1468,1946260999
mermaid,-25620,-22392,18160,699,19840,16354,2412,904,-3356,4592,-10294,6995,2784,11816,1768,-5429,-8133,-1569,792462132
mermaid,-22684,-22628,15188,4399,18045,10846,3644,1716,-5428,2625,-4315,3079,4264,12376,2372,-5624,-8508,-1732,232055482
mermaid,-23968,-23468,17580,10219,14834,6057,4888,1224,-7380,1135,252,-222,5592,11964,3064,-5385,-8633,-1911,1422228302
mermaid,-21804,-22364,19256,11066,8922,1948,6420,-200,-9168,1999,3834,-2527,5884,10748,1832,-5065,-7956,-2005,2013681452
mermaid,-20804,-21724,22672,15972,9472,-3501,6524,-1916,-6888,7486,9198,-3640,5844,9432,2664,-4699,-6673,-2553,2628237567
mermaid,-25764,-20280,23820,19254,5356,-4615,7376,-940,-3908,11282,13656,-6172,5772,10508,4372,-3948,-5202,-2746,3137704554
mermaid,-27960,-16328,22544,16979,-94,-7807,8840,2224,-4296,10059,18724,-11326,7104,11172,5208,-3412,-4294,-2985,1178656484
mermaid,-29744,-13912,23600,11141,-8076,-9581,9560,2640,-6296,11231,23951,-16140,7624,12664,4600,-2615,-3134,-3669,3552593482
mermaid,-30060,-16120,21344,8856,-13540,-10601,9128,412,-1688,17515,32361,-20275,5196,12460,5988,-1137,-2107,-4120,2372126382
mermaid,-32768,-12848,20952,6960,-17894,-11873,8944,2664,4680,22983,32767,-24493,3356,12208,6940,706,-1465,-4135,4043471654
mermaid,-32768,-12280,22312,3145,-24328,-13129,5440,7744,11712,26039,32767,-29623,5472,12876,3040,1764,-331,-4262,1553692004
mermaid,-32768,-11520,24444,-1040,-32074,-13254,1764,14196,23696,24702,32767,-32768,5856,15256,3016,1737,594,-4996,268808566
mermaid,-32768,-12684,22916,531,-32768,-15628,-1256,18500,32767,14221,32767,-32768,3880,18836,4548,1816,1673,-4901,3533052027
mermaid,-32768,-13288,20572,3087,-32768,-15689,-6224,26580,32767,-16104,32767,-32768,3964,20656,4412,2115,2631,-4275,1997963241
mermaid,-32768,-8948,15408,1043,-32768,-18115,-15880,26104,32767,-18568,32767,-29480,4564,21440,3484,2343,3551,-4033,1188671091
mermaid,-32768,-11696,14092,-2615,-32768,-17628,-8588,5556,-8804,-17443,32767,-23192,6380,22572,2912,2324,4130,-4064,4001331931
mermaid,-32768,-10188,12112,-5997,-32768,-17510,-23352,-3692,18820,-7674,32767,-3860,2508,22844,2520,2897,4315,-3247,1721485320
mermaid,-32768,-11748,9992,-4262,-32768,-18635,-28460,-6016,23208,20637,32767,3514,2856,24820,2208,3290,6096,-2491,204357460
mermaid,-32768,-14720,6464,-2758,-32768,-17867,-32768,5968,26880,32767,32767,1290,2480,26756,844,3140,7396,-1428,1336714352
mermaid,-31544,-15432,2800,3222,-32768,-17235,-32768,20252,29000,32767,28057,-2912,2132,27596,984,1986,7524,-280,842196604
mermaid,-28988,-14520,2488,11245,-32768,-18128,-32768,32767,28992,21154,18577,-9043,1076,25404,2324,1220,6829,621,2657822171
mermaid,-19972,-7664,4516,13833,-32768,-19961,-32768,32767,32767,-437,11823,-13737,968,21928,3712,1516,6624,1313,1988876706
mermaid,-17344,-1412,7796,1940,-32768,-21589,-32768,24484,32767,-16299,4806,-13612,1392,20116,2900,2292,7078,1537,1169394234
mermaid,-15180,-4564,6180,-10556,-32768,-25486,-28160,15032,32767,-21217,3615,-9308,264,19548,2216,2186,7969,1414,3353284817
mermaid,-13424,-7664,3136,-11249,-32768,-28866,-25012,6208,32767,-17216,4856,-3796,-52,18692,1900,2130,7702,1556,305937776
mermaid,-10124,-6996,1896,-6981,-28376,-29979,-25156,1328,31156,-6139,2635,1436,-244,17208,2928,1788,6839,2137,1071205611
mermaid,-10444,-4712,1744,-3962,-20566,-30014,-23928,2064,29316,5453,-1876,6611,836,14848,4172,1868,6493,2866,2409475904
mermaid,-10124,-3660,-1692,2274,-15572,-27740,-24948,6772,27932,14650,-7133,8099,1148,12460,4184,2434,7101,3477,3071765640
mermaid,-6528,1704,-8920,11161,-12279,-24740,-23780,10528,25192,15327,-13340,7569,432,11072,3688,3225,7853,3903,3186660138
mermaid,-1572,7164,-13808,14874,-13126,-23437,-22736,13880,20940,11331,-16687,5153,-480,9992,3812,4012,7950,4285,538869886
mermaid,3280,7112,-11440,13059,-13760,-20789,-22504,15184,18936,3412,-18078,2330,-552,9308,2980,4642,7870,4224,840813084
mermaid,4188,5008,-9276,11600,-10033,-17049,-23700,14840,17404,-4996,-20575,948,-656,9468,2396,4960,7416,3968,2131531555
mermaid,2224,2244,-7700,8810,-7065,-11014,-25048,11488,16428,-10505,-22735,725,300,9624,980,4926,6674,3599,1237169627
mermaid,1892,132,-6832,5523,-2143,-3884,-26848,10048,16316,-14116,-25713,237,1220,10536,-612,4356,5697,3030,2697839150
mermaid,2072,-260,-7112,7,3421,1456,-29352,8808,12376,-15607,-26805,-1441,1172,10644,-1004,3380,4726,2572,1524054891
mermaid,1932,-2412,-7164,-3251,6974,3355,-27484,5952,8056,-13535,-29548,-1005,1536,11756,-632,2897,4298,2259,80760067
mermaid,1544,-3296,-6852,-1082,6083,3274,-25648,7068,8016,-12347,-28520,-4089,1652,12228,912,2725,3983,2400,3659560835
mermaid,4392,-452,-7460,3883,9765,809,-27944,7356,8884,-13788,-32768,-411,2112,13676,368,2684,4245,2660,2970670705
mermaid,2340,-904,-7860,5461,14795,-2004,-28144,8428,5288,-14914,-32768,2525,2284,14988,256,2095,4795,2821,3375593355
mermaid,3728,-1076,-8968,1595,17693,-3325,-24048,5620,932,-14790,-32768,4886,2192,15912,1064,1892,5205,2790,2226878984
mermaid,5628,-568,-9176,-5165,21482,-2576,-19048,3796,-2476,-9940,-32768,5715,1444,15712,1172,1892,5685,2575,1165126992
mermaid,6756,1260,-9492,-9843,24270,-213,-18048,1892,-3776,-4662,-32768,6945,1308,14796,1160,1770,5302,2339,2463768452
mermaid,8024,2652,-8220,-12447,27472,1771,-14384,596,-7376,-3770,-32768,8364,168,14384,120,1321,4308,2354,1964179690
mermaid,8504,3440,-5860,-15386,31872,3469,-9248,172,-8168,-4163,-32692,9043,-280,14144,-436,485,3222,2436,3820250574
mermaid,6300,2868,-3236,-18942,32767,6680,-7380,-528,-5660,-3118,-26991,9762,-620,13912,-452,-592,1629,2287,3062984714
mermaid,2740,1428,-216,-23102,32767,10835,-8736,2676,-3728,-3096,-25095,9474,-340,13992,-64,-1703,-501,2020,783173823
mermaid,-680,-2004,2184,-26508,32767,15676,-8512,5624,-3568,-7033,-26640,8532,-96,14400,808,-2404,-2707,1908,305628523
mermaid,-5884,-8388,5400,-25561,32767,21348,-6508,4236,-5160,-10014,-27706,7766,-32,14992,1480,-2947,-4869,1632,1077834232
mermaid,-9648,-14080,7060,-18809,32767,26498,-4256,1132,-7144,-11815,-28259,6171,344,15504,876,-3678,-6579,1531,3206975085
mermaid,-11216,-14672,6108,-11046,32767,29931,-2048,-1632,-8124,-11903,-28690,5917,332,15248,1456,-4138,-7919,1288,1848873048
mermaid,-14168,-11480,5336,-7461,32767,31737,452,-2472,-9604,-9900,-29369,6572,1228,14940,1464,-4400,-8936,794,1902024982
mermaid,-21944,-10656,9192,-6238,32166,32063,2632,-464,-8532,-9371,-28834,4278,1576,14020,2308,-4275,-10557,-10,440731668
mermaid,-30432,-10656,17920,-6201,27763,32512,3576,-3236,-7584,-6876,-27631,4775,2912,13864,1440,-4463,-12027,-959,3707286434
mermaid,-32768,-13768,24764,-1714,26165,31567,6884,-4940,-14708,-1117,-28386,6991,2724,13992,708,-5152,-12932,-1706,151602779
mermaid,-32672,-11576,29964,-1570,27437,32020,4276,-5824,-9424,5869,-25590,7498,2008,13684,-88,-6153,-13464,-2167,1980958972
mermaid,-32768,-12840,30560,-3439,26367,32511,4096,-1292,-6584,8623,-19662,7509,2608,13148,668,-6296,-14374,-2661,2924474472
mermaid,-29704,-13988,32296,-8131,25099,30526,972,-412,-4748,9256,-19538,9008,4468,11728,468,-6210,-15012,-3430,3656405007
mermaid,-26620,-13412,32767,-18794,21931,27197,2260,-2356,-8284,7395,-18465,8221,4344,10636,1236,-6403,-14519,-4409,3219111781
mermaid,-21928,-19644,32767,-24811,19343,22336,7792,-3048,-13268,6057,-14698,6220,5524,9848,1800,-6057,-14085,-5224,3291787827
mermaid,-20188,-21728,30328,-25732,12504,15481,10176,-3352,-11240,7263,-10155,5058,4592,8964,2064,-5220,-13350,-5677,1651955411
mermaid,-20616,-28380,28888,-7837,9905,9955,7096,-1108,-11628,7144,-7831,3761,3828,9136,1272,-4715,-13112,-5571,4119984989
mermaid,-21112,-27884,27892,9002,10361,4972,-364,-44,-3320,5394,-13201,1993,5424,8804,1824,-4670,-12386,-5160,1560090632
mermaid,-22580,-25888,25408,17707,8421,1251,3516,1236,-5032,6911,-9107,-1061,5592,9884,3616,-3776,-10308,-5098,1055270004
mermaid,-26000,-21404,25072,23895,1415,-1906,4072,-872,-1264,5554,2289,-2907,6084,11320,3404,-3132,-7961,-4890,2556724242
mermaid,-28464,-16448,23124,29149,-8516,-4554,6284,420,236,1842,11850,-6125,5616,15396,2704,-3151,-5140,-3995,412876084
mermaid,-29904,-12336,24604,28831,-13584,-6755,6400,760,-2848,-1061,19805,-10446,5456,17524,3204,-2914,-3144,-3139,1797253773
mermaid,-29336,-9900,25792,20714,-17998,-9166,3880,-276,-5736,2415,25627,-13189,6996,16408,4376,-1767,-1438,-2982,491981667
mermaid,-32072,-9608,26284,13645,-18565,-10619,1588,-508,-2004,12642,29875,-14551,6988,14856,2796,-1122,-198,-3482,3339808439
mermaid,-32768,-8696,28512,8129,-20595,-12583,2928,5136,3876,16792,32670,-17148,6056,15972,1316,-1659,765,-3829,810846259
mermaid,-32768,-7196,27016,1024,-25606,-14383,2616,10460,10360,16376,32767,-22641,4168,17080,2036,-2061,1944,-4014,3954765821
mermaid,-32768,-7532,22436,-6200,-29899,-15596,-132,18356,11328,13483,32767,-25944,2472,17908,4828,-1321,3106,-3696,3658179562
mermaid,-32768,-9568,17572,-8549,-32768,-16575,-16,25136,25472,10340,32767,-24825,3672,18932,5428,-234,3021,-3079,3705580970
mermaid,-32768,-11364,12716,-6281,-32768,-17276,-2464,23968,32767,13464,32767,-24841,4556,17684,2596,544,2997,-3445,1575111028
mermaid,-32768,-11656,10252,-1414,-32768,-16630,-7000,20556,32767,18089,32767,-22108,5116,19352,3168,1549,4490,-4078,1713850590
mermaid,-32572,-10284,6204,724,-32768,-14623,-1888,15848,32767,32767,32767,-17020,2088,21224,5420,2456,4724,-4424,3430728946
mermaid,-24872,-8688,128,7568,-32768,-12347,-1376,20440,32767,32767,32767,-16769,992,23624,4216,2693,4388,-4088,2124091309
mermaid,-30612,-7436,8316,14957,-32768,-9922,-2044,26860,32767,24560,32767,-17961,1340,24444,1768,2047,4137,-3926,363651192
mermaid,-27580,-2868,7420,19255,-32768,-11551,-3644,32767,32767,8106,32767,-21725,-1232,26260,2832,1718,4104,-3351,903613236
mermaid,-9228,3328,6896,3778,-32768,-11090,-10544,20060,32767,-5101,32767,-19146,372,24868,4376,1934,4988,-2068,784207904
mermaid,-15632,-5156,5864,-8778,-32768,-11873,-19020,24020,32767,-11879,32767,-19382,1880,23240,4120,2377,6561,-981,3399978088
mermaid,-11484,-7796,2668,-13207,-32768,-15028,-24084,14848,32767,-11028,32767,-12486,2244,22996,2972,2663,8333,13,240675336
mermaid,-10780,-5868,-424,-17433,-32768,-18633,-28284,18008,32767,-2321,32767,-8748,688,22856,2780,2959,10036,1630,362383893
mermaid,-10616,-3764,-3008,-18946,-32768,-20860,-28872,21496,32767,-3051,27950,-4489,-888,21964,2860,3054,11392,3368,3239417376
mermaid,-8268,-760,-4964,-15893,-31323,-22009,-24412,18736,32767,-5356,15519,-4212,-1240,19932,3236,2733,11423,4577,291252451
mermaid,-4948,660,-6388,-9708,-28259,-22115,-19900,14600,30696,-5029,9611,-3314,-2020,17660,3200,2617,10819,5319,2223335900
mermaid,-3252,3664,-8988,-4223,-24576,-20533,-21392,11392,29772,-3437,5784,-2735,-2048,15064,3632,3060,10207,5628,2028894358
mermaid,1276,6236,-13356,-2446,-19732,-16962,-22352,11372,29508,-3916,4289,-342,-2508,12940,4388,3910,9639,5789,2096272133
mermaid,3800,8948,-16564,-2056,-14796,-13288,-25332,11128,29172,-4793,-1938,420,-1752,12132,3604,4324,9060,5987,1551423353
mermaid,7160,8636,-17896,-2099,-9031,-8706,-25664,11512,23896,-4865,-9016,-1380,-1296,11408,2528,4354,8021,6318,596142115
mermaid,8736,9460,-18568,-5615,-2046,-2140,-21792,12940,19764,-4819,-12640,-3344,528,10600,920,4058,7304,6360,309738535
mermaid,9104,9588,-18632,-10275,5592,4717,-23180,13896,20120,-5797,-11970,-4409,676,10756,464,3823,7327,6273,4035399393
mermaid,8248,8548,-14512,-14216,14150,10085,-25800,11764,18144,-6495,-16246,-4748,1040,9860,720,3674,7406,6190,990837245
mermaid,5440,5952,-10484,-12731,21032,14107,-23556,12236,13808,-8583,-21161,-3690,832,8568,1572,3570,7353,6008,2191506610
mermaid,3988,3676,-7852,-7638,25369,17098,-24584,14044,12340,-14877,-25064,-2136,1772,8744,1172,3817,8026,5424,242091818
mermaid,2044,1452,-5740,-4015,27502,19103,-27092,14928,10928,-22639,-29763,-1290,960,10164,-272,3742,8187,4652,3083770523
mermaid,2468,-1272,-6336,-293,31421,21010,-24648,11800,4220,-27470,-32768,-690,376,11880,-1392,2735,6708,3949,2738680233
mermaid,224,-1748,-6168,673,32767,20963,-24940,5244,1756,-26213,-32768,1341,404,12884,-696,1510,4925,3497,1854227860
mermaid,-2164,-944,-5584,-1426,32767,20136,-20340,3224,-928,-20774,-32768,43,196,12956,-88,588,3085,3029,11749095
mermaid,-4056,-3284,-4440,-3026,32767,19214,-20476,1860,-4040,-16765,-32768,1096,888,13724,-1208,-169,2333,2574,45408920
mermaid,-6092,-5760,-3436,-2547,32767,18736,-18544,612,-5196,-12908,-32768,3274,164,14300,-1040,-963,1378,2265,3851851066
mermaid,-7772,-8408,-2104,-756,32767,19317,-15168,-372,-6096,-8873,-32768,5295,12,14176,168,-1310,303,2144,1183047741
mermaid,-9552,-6408,3588,-2487,32767,20231,-11760,-56,-5536,-5247,-32768,6850,84,14448,588,-1601,-1250,2072,1949335571
mermaid,-11696,-6532,9484,-7552,32767,21471,-9612,-588,-4896,-2060,-32263,8220,256,14448,320,-2064,-2681,2083,2511202760
mermaid,-13376,-8948,7828,-10518,32767,23813,-8588,1228,-5096,-1966,-29901,8518,128,15144,8,-2774,-4203,2154,1864214316
mermaid,-15480,-13408,5240,-8869,32767,25478,-6560,388,-5032,-2966,-28757,8591,1140,15124,112,-3744,-5601,2059,3313792985
mermaid,-17544,-13328,4768,-9108,32767,26674,-6016,740,-4036,-4041,-28404,7423,1412,15132,824,-4579,-6562,1737,776945230
mermaid,-21340,-11960,9212,-11553,32767,27741,-5756,2364,-4008,-6429,-28995,6538,2080,14780,1900,-5093,-7417,1110,1955602675
mermaid,-26704,-11424,13056,-15489,32767,29082,-5052,2448,-5864,-6475,-32768,7320,1888,14912,2100,-5623,-8563,614,2863337949
mermaid,-28024,-12500,12348,-18215,32767,30028,-2776,-856,-7488,-3120,-32070,5184,2120,14092,1696,-5910,-9762,111,1930328568
mermaid,-32500,-9808,13192,-24369,32767,31248,428,480,-11236,-3441,-32565,6051,1496,13388,-156,-6755,-10571,-243,393559376
mermaid,-32768,-12280,14944,-30939,32113,32005,1328,1280,-13012,-6126,-31298,5233,1044,11884,1480,-7463,-11752,-755,2933953642
mermaid,-32768,-23152,16572,-27282,21739,32767,824,700,-10224,-7709,-29345,5034,1820,10664,2300,-7297,-12595,-1529,3507102333
mermaid,-32768,-31312,21024,-12928,13798,32767,1108,-3064,-10080,-6305,-30585,2234,2776,9636,3028,-6453,-13835,-2535,1073613239
mermaid,-32768,-30404,26872,5569,7664,29437,3336,-3968,-9676,-606,-29461,3631,4876,9672,2060,-6134,-15359,-3449,4011207
mermaid,-23872,-23980,20532,24287,14267,20113,3276,-2752,-8352,6204,-28300,3081,7000,9832,3032,-5385,-14545,-4467,2273203372
mermaid,-26536,-24968,22240,31021,12227,16213,400,-352,-10716,9512,-28033,2993,6308,9864,4628,-4003,-13680,-5091,2043045797
mermaid,-22488,-15488,20012,32204,8644,6405,476,2108,-12288,7081,-26349,3791,5740,11972,4400,-2940,-14277,-5339,3143458068
mermaid,-24880,-10548,18376,28902,4000,830,1744,1284,-4256,5266,-32768,2163,5248,13784,4584,-2486,-14118,-5749,1514535209
mermaid,-25044,-8360,18716,21619,-2924,-4988,1648,-6976,-2164,19835,-32062,580,4528,14872,4652,-1960,-13143,-6404,2513596182
mermaid,-25916,-8224,19340,16060,-7343,-10451,6808,-2452,-3292,24901,-15420,-714,5240,14484,3208,-1216,-12280,-7176,3658458810
mermaid,-27640,-11116,21800,9571,-13843,-12591,8444,1716,-3544,16804,8528,-3153,5628,13728,1908,-615,-11298,-7833,2229722621
mermaid,-28976,-13460,22672,7862,-21527,-11780,7728,2188,-2852,8931,20533,-8528,6208,12908,628,-223,-9887,-8449,3942662076
mermaid,-25272,-13592,26504,10159,-26451,-8878,10780,1416,-6520,5088,26847,-14375,6064,13600,0,-572,-8284,-8106,2797483269
mermaid,-22796,-10884,26640,10018,-30228,-7237,10436,88,-7188,7554,31889,-17382,5556,14296,776,-485,-6261,-7364,4062524793
mermaid,-21300,-8868,24568,12700,-28685,-6195,11344,-2208,-3668,13888,32767,-18104,5184,16556,1788,-194,-2720,-5794,1697350901
mermaid,-24116,-6552,24376,14324,-31869,-5277,13164,-936,-716,16656,32767,-20379,3320,16024,2308,-447,-1617,-4239,1893241088
mermaid,-23568,-8376,25276,13931,-32768,-4563,13148,1620,4332,14186,32767,-24170,3712,14508,3948,-355,-1084,-3526,3975271513
mermaid,-25836,-8980,24920,16360,-32768,-4371,13112,3988,12028,13659,32767,-27913,3412,13688,3280,433,-594,-3532,2533980688
mermaid,-26856,-8912,24532,19441,-32768,-4045,12368,10468,20640,17719,32767,-32144,2916,15236,1632,192,-316,-3711,2786488640
mermaid,-26256,-7412,25044,18287,-32768,-2863,5668,16000,26016,21208,32767,-32768,2064,17864,2124,-519,307,-3519,3339301402
mermaid,-30536,-5796,22548,13266,-32768,-493,1000,18260,30412,20904,32767,-32768,1400,20524,3164,-467,1501,-2739,3271732100
mermaid,-32044,-3876,18944,5631,-32768,-514,-3972,17508,27696,14381,32767,-32768,3244,20380,4156,-413,1920,-1925,1211460657
mermaid,-30592,-5160,17208,-1867,-32768,-888,-3968,22760,28040,7032,32767,-32228,4084,20688,3256,66,2072,-1591,2933836322
mermaid,-26804,-5416,17740,-11498,-32768,-1800,-13380,23356,32767,-4778,32767,-26688,832,22604,1784,686,1921,-255,3911105689
mermaid,-25432,-5936,17240,-21616,-32768,-3464,-15592,26856,30756,-5866,32767,-27089,2960,23332,2648,1581,6375,-144,2131694324
mermaid,-23104,-2440,13112,-32102,-32768,-6716,-20012,18732,20296,7356,32767,-23275,3912,22896,2656,2195,8024,-86,982146672
mermaid,-18768,-11800,9428,-32062,-30539,-8219,-22164,8948,16348,11898,32767,-18399,2852,23748,1816,1596,8556,747,2131326279
mermaid,-14880,-8120,8068,-28018,-24015,-12748,-32768,22488,28088,1218,32767,-13008,3024,23500,3156,1608,9719,1936,1038354437
mermaid,-15364,-7952,5344,-21093,-18557,-16417,-32724,22580,32760,-4529,26608,-10503,2984,23604,3000,1966,10415,2872,3591640678
mermaid,-12752,-5336,2824,-14826,-17199,-20552,-30652,22448,30348,-7009,17170,-10290,3172,24112,904,2171,11988,3590,3364317738
mermaid,-9468,-3840,3432,-8784,-17037,-23862,-30504,18868,32112,-7100,11829,-10257,504,22792,2708,1787,12300,4030,2310293310
mermaid,-8284,-1464,3880,-2713,-18513,-26372,-27812,13392,32767,-4894,9784,-7348,288,20348,3412,2281,12917,4368,156350538
mermaid,-5152,464,1000,3119,-19369,-27970,-26060,9580,32767,2763,6784,-1888,-1136,19304,2504,2552,12681,4852,4139341676
mermaid,-4000,2288,580,7668,-19942,-27420,-24840,11148,32144,8558,2243,2027,-1976,18096,1392,2056,11112,5410,1137664889
mermaid,-1360,2080,348,9579,-20243,-25650,-24548,12568,30260,11111,-2912,4549,144,16444,1940,1881,9555,5196,1817525304
mermaid,-864,1492,1680,7424,-18770,-21785,-21620,13232,26108,10738,-5448,6580,400,14892,2068,1689,7801,4653,3579182900
mermaid,-720,572,1220,6485,-15614,-17582,-21180,16040,25664,3763,-8804,6955,412,12504,2280,1803,6900,4360,2434031057
mermaid,-56,1132,312,6972,-11292,-13372,-21784,15404,24340,-4591,-13822,6543,764,10572,1664,2250,6653,4077,1927265523
mermaid,-896,2632,-1584,5367,-10877,-10476,-22096,15404,22212,-12657,-17016,6825,1156,8964,848,2302,6515,3592,4266016512
mermaid,2396,5824,-6492,1472,-11304,-8668,-21836,12916,18264,-18928,-19672,7364,1340,8192,148,2010,6711,3217,1990674547
mermaid,9204,11200,-12460,-5113,-8574,-6692,-21044,10552,16832,-22131,-22175,7631,1220,7872,780,1520,6997,3226,209552749
mermaid,11820,9632,-14328,-10723,-7689,-3854,-20200,9256,14672,-22257,-23499,7893,1760,7968,848,1203,7420,3361,2592087097
mermaid,12332,6804,-14316,-6955,-3174,-1410,-23576,8024,12072,-20532,-24605,6584,2076,7764,960,1015,7803,3332,688708046
mermaid,11676,8328,-15548,-4039,2733,2508,-27264,6412,7680,-20408,-28984,8609,1416,8504,596,1026,8414,3038,424350881
mermaid,10788,5812,-14132,-3761,9631,8353,-26508,9340,5316,-21401,-32368,4245,20,10008,1424,732,7745,2832,4113620883
mermaid,8100,4060,-12920,-2619,16594,14066,-23816,8192,3448,-24521,-32768,4540,-1600,11664,1464,420,6288,2368,3560385125
mermaid,4856,2416,-10896,-1379,21965,17646,-19416,6608,-180,-25014,-32768,5684,-1108,14264,1196,-152,5043,1846,3724912565
mermaid,1744,1792,-9044,-2230,26142,19215,-20064,4000,-1236,-24024,-32768,5873,-1448,16772,876,-445,3549,1663,837000901
mermaid,-900,784,-6884,-4085,30251,20711,-19768,2412,-1996,-20921,-32768,5455,-1184,18260,688,-1006,2260,1840,2205827429
mermaid,-4024,8,-3720,-8174,32767,22098,-16096,756,-3220,-16518,-32768,5521,-1304,17896,948,-1685,302,2235,2427216332
mermaid,-7788,-2412,-1108,-13699,32767,23769,-13752,272,-3308,-14737,-32768,4526,232,16404,1688,-2133,-1088,2419,2454523519
mermaid,-8860,-6596,888,-18884,32767,26401,-7944,500,-5252,-12003,-32768,3627,1532,15056,1484,-2665,-2159,2123,2341987410
mermaid,-10680,-8300,3824,-27183,32767,29636,-2968,-696,-6876,-6043,-32421,5752,1808,13956,1932,-3145,-3153,1784,1527168141
mermaid,-13680,-9448,6528,-32768,32767,32767,-2976,1760,-6672,-3284,-31756,6692,2156,13524,1716,-3544,-3720,1597,3439355655
mermaid,-17748,-14592,5652,-32768,32767,32767,-1804,2060,-6468,-4266,-32666,6137,2256,13688,1476,-3967,-4036,1518,184074544
mermaid,-21476,-19860,3656,-32768,32767,32767,-280,1060,-5760,-4120,-31113,5253,2672,13772,1328,-4590,-4285,1480,2711350460
mermaid,-23304,-20516,3020,-21658,32767,32767,-976,1224,-4164,-3372,-28357,4360,3496,13760,2384,-4853,-4650,1128,4066413786
mermaid,-26352,-20372,7000,-10995,32767,32767,-1892,340,-4968,-2344,-27377,3125,3112,13596,3512,-5122,-5400,558,1171122426
mermaid,-29904,-17608,14548,-3373,32767,32767,-408,-448,-8336,-1715,-29581,4134,1944,13080,4392,-5259,-6013,221,1466431978
mermaid,-32768,-14796,17008,-200,32767,32767,3360,-440,-9556,4530,-27107,4828,684,12516,3672,-5361,-6610,98,1328424576
mermaid,-32768,-15652,16708,-1194,32767,32767,2672,-1748,-6964,12735,-21820,7129,484,11920,2044,-5588,-7538,-232,1396167242
mermaid,-32768,-20112,20824,-2265,31560,32767,1592,-1716,-7460,18671,-17142,7034,1192,10716,2196,-5612,-9273,-904,1794044652
mermaid,-32768,-25216,25792,2457,26925,31849,1000,-2692,-8716,19835,-15637,6199,2280,10424,1980,-5850,-11114,-1683,1724432083
mermaid,-30444,-25120,26352,7312,21807,24715,3692,1680,-10452,14481,-12695,3525,4868,8964,3308,-6050,-11434,-2449,3154526275
mermaid,-30060,-26732,32767,12451,14234,18318,2900,2984,-12504,6626,-9113,911,4932,7944,3852,-5562,-10938,-2740,3098884518
mermaid,-27784,-26240,32767,17723,13684,9943,564,2948,-8036,1328,-8180,-441,8192,7888,5788,-4259,-9037,-2943,2865666005
mermaid,-29256,-16968,27008,11620,5094,-1626,1620,192,-5188,1167,-5611,-1947,6892,8720,5744,-1985,-6915,-3689,1109997046
mermaid,-32240,-19128,24636,11413,-3192,-5306,1588,-1048,-4436,3340,642,-3944,7132,11260,3988,-488,-5739,-3711,2892269484
mermaid,-29300,-16096,24520,4445,-11293,-8534,2436,120,-2756,4034,3275,-5996,5812,12484,4580,673,-4249,-3306,3834402675
mermaid,-31380,-16996,23828,-207,-20792,-10045,2892,-924,-3948,9743,7837,-6887,5024,13856,4604,1403,-2719,-2914,2806214024
mermaid,-30112,-14704,23988,1737,-22929,-14147,4356,-140,-2888,14570,13570,-6907,5288,14320,4016,1433,-1759,-2948,117526860
mermaid,-32768,-15028,25504,791,-31101,-14173,6096,-268,-1192,14299,18559,-9316,5548,13384,4316,1081,-1670,-3376,183755446
mermaid,-32768,-15316,21760,2760,-32768,-17140,6584,2548,228,10089,23634,-13142,6268,12676,3628,1715,-710,-4131,1027475328
mermaid,-32768,-17304,21512,12880,-32768,-13780,6720,3996,4828,8261,30725,-17818,4164,13476,2292,2131,383,-4570,2296289589
mermaid,-32768,-15164,22756,24093,-32768,-12161,6676,5896,10448,14030,32767,-22020,2592,14928,3140,2142,614,-4423,1558003099
mermaid,-32768,-8900,20520,28974,-32768,-9630,4156,9760,18352,20973,32767,-25570,2696,16672,3736,2341,880,-4270,4291174222
mermaid,-32768,-4024,20024,25976,-32768,-8244,-260,14168,23672,24046,32767,-29022,2600,18912,2544,2217,837,-4154,592566014
mermaid,-32768,-2588,19772,15927,-32768,-9501,-4728,17260,26416,27109,32767,-31105,4088,19216,2996,2252,915,-4342,1826538148
mermaid,-32768,-5164,18780,6220,-32768,-10858,-7992,20380,32388,28218,32767,-30414,4492,19524,2792,2773,1314,-4408,3530198004
mermaid,-29328,-6096,15884,-3227,-32768,-11628,-13108,19948,31268,32767,32767,-29722,5492,20372,2120,3354,2854,-4252,3798241003
mermaid,-26528,-8584,9340,-7348,-32768,-11896,-17860,17352,28088,32767,32767,-29462,2860,23560,1172,3423,3839,-3550,3107605927
mermaid,-23608,-12548,8908,-2051,-32768,-11119,-21852,25400,19528,32767,32767,-32102,2676,25756,1732,3425,4843,-2657,3016748436
mermaid,-19540,-10200,8484,4302,-32768,-11006,-29724,32767,4604,30381,32767,-30662,2348,25168,1648,3359,5132,-2097,487377001
mermaid,-15384,-8776,7216,7670,-32768,-10243,-28996,32767,10332,-1741,32767,-21706,2264,25268,1348,2406,5562,-1276,1157480622
mermaid,-11916,-7136,5172,6605,-32768,-10673,-25180,32767,13860,-19567,26124,-19889,1444,25136,3232,1996,6129,-153,3534730932
mermaid,-9452,-6516,3668,1989,-32768,-12346,-23288,25144,22212,-27095,20563,-17431,2104,23644,3604,1827,6587,728,3985880706
mermaid,-8360,-5288,3272,-2623,-30277,-14070,-24020,16072,23804,-22886,14257,-16197,2844,22468,4256,1917,7205,953,2994777757
mermaid,-7656,-4804,-456,-4755,-27739,-15663,-23876,17364,28672,-13393,14548,-15881,2660,20880,3028,2035,7480,792,3695412659
mermaid,-7056,-4024,-2912,-7571,-27228,-17074,-32768,20184,32428,-3825,9607,-14613,1680,19704,2512,2070,7761,912,3792467730
mermaid,-6284,-3500,-2352,-7067,-27858,-17620,-32476,23136,31440,-247,4456,-11543,16,17676,2936,2439,7945,1377,475530662
mermaid,-4700,-360,-3984,-3622,-28190,-17085,-31520,23636,28200,45,-1937,-3824,-772,15928,3108,3063,8273,1987,3521554978
mermaid,-1372,3776,-8344,-2041,-27063,-15528,-26196,22740,23872,-1970,-4219,5024,-964,14508,2880,3507,8459,2691,2402888247
mermaid,3556,4044,-9752,10,-23781,-13376,-26940,22196,22820,-6332,-7833,10361,-916,13300,2612,3747,8305,3358,1163760481
mermaid,5996,3464,-7348,3108,-18208,-10282,-25872,20488,21560,-12006,-11658,10797,-580,12388,2900,3955,7569,3905,2370246076
mermaid,4952,3540,-5420,2474,-12846,-6700,-24712,18352,21716,-13246,-16442,8847,168,10592,3296,4375,7037,4141,2340365045
mermaid,3912,3992,-6008,-538,-5731,-1923,-23396,14024,19444,-10852,-19650,9987,476,9752,2960,4680,6518,3864,559923748
mermaid,4396,6364,-8204,-6122,-558,3272,-21164,12632,16436,-10360,-20357,12956,60,9668,1804,4602,5659,3415,1045053626
mermaid,5836,8116,-11880,-12443,2780,7092,-22116,11168,15972,-10740,-23631,13279,364,9880,56,4066,5039,2565,2898220247
mermaid,7100,8016,-12072,-19312,7116,9694,-22696,10876,15572,-14451,-28699,10840,364,10084,-476,3150,3682,1549,209774160
mermaid,5992,5636,-10412,-23278,11796,11372,-23960,9396,13564,-17837,-32768,8440,564,9640,236,2500,2724,1034,48612672
mermaid,5128,1280,-8764,-18633,15336,12697,-23748,7416,10160,-17039,-32768,7735,96,11472,-232,1934,2119,1089,3998404976
mermaid,5208,-408,-8388,-11400,18397,14539,-19616,10736,4752,-15395,-32768,8444,-332,12392,-488,900,1837,1766,2146793523
mermaid,4668,-1176,-7884,-5689,21674,16639,-18528,3156,-1628,-12826,-32768,12290,1128,13088,-992,166,1983,2205,1911332885
mermaid,2576,-2280,-7500,-1607,24535,18607,-21964,7100,1284,-15877,-31998,10548,1788,13976,-564,-526,1788,2288,2748059774
mermaid,1380,-2912,-6360,-790,27466,19617,-21552,3208,-2536,-17420,-32768,11060,1968,15256,352,-836,1746,2304,1478660897
mermaid,376,-4308,-4456,-2778,32275,20873,-14052,2412,-5108,-18272,-32768,13036,800,15816,1244,-1118,1165,2520,2541628764
mermaid,-1668,-6156,-2288,-4579,32767,22316,-11920,1168,-5588,-18307,-32768,8632,1232,15364,828,-1160,965,2541,307190631
mermaid,-4348,-6760,1320,-8348,32767,23545,-6404,4636,-9204,-22542,-32768,5909,1100,14952,-92,-2008,480,2454,583050004
mermaid,-8500,-7380,7260,-17435,32767,25550,-5100,-1360,-7100,-24896,-32346,3983,140,15196,304,-2945,-981,2215,2617999497
mermaid,-12548,-13004,9220,-22671,32767,29334,-4932,448,-4768,-27293,-32555,3113,52,14444,1272,-3315,-2379,2064,616247931
mermaid,-16192,-14228,6788,-22533,32767,32767,-1712,1904,-3428,-30959,-30121,-532,1252,14960,1468,-2829,-3493,1670,978239136
mermaid,-21364,-15304,7504,-16668,32767,32767,-3388,536,-3636,-29069,-30574,1286,1416,14812,1776,-2658,-4222,1273,3112697737
mermaid,-25000,-15248,10908,-10970,32767,32767,-5236,-3076,2556,-19657,-28477,1465,1764,14592,1364,-2889,-4925,1059,4095819571
mermaid,-27628,-10576,12924,-12169,32767,32767,-3088,-668,1768,-11581,-28331,3352,1096,15188,748,-3434,-5235,1010,4109290552
mermaid,-31472,-7952,9784,-17479,32767,32767,-1928,-2932,1156,339,-19202,4846,-100,15336,432,-4138,-6302,982,1758154460
mermaid,-32768,-9832,10132,-22923,32767,31282,-2492,-760,144,6061,-13869,5319,-476,14888,-4,-4574,-7961,902,2008243483
mermaid,-32768,-16900,12240,-23085,32767,29566,-2548,616,-2328,9048,-10273,4199,1052,14192,392,-5272,-9750,380,3792969642
mermaid,-32768,-24776,16532,-17159,27921,28059,-2800,1656,-3100,11064,-10844,4980,1632,13004,2388,-5399,-11556,-518,803588297
mermaid,-31620,-32628,18996,-4872,22258,26669,-2288,1360,-4552,10512,-13387,3350,2496,12524,2576,-5778,-13221,-1029,491298900
mermaid,-28436,-32768,19080,9725,18444,22688,-220,-1820,-6648,7475,-12291,2663,4404,11352,2836,-6021,-13036,-1808,1118491283
mermaid,-28184,-28840,22456,19033,15904,17708,4576,-3724,-5848,7186,-9026,2262,6484,10328,2544,-5612,-11629,-2908,3185215889
mermaid,-27628,-25632,24888,25230,12532,13046,3916,-2536,-7312,12018,-2007,2643,6496,9484,3068,-5420,-10335,-3592,3680490613
mermaid,-26652,-19272,27308,23600,6604,8257,3996,868,-8404,12238,35,279,7248,9040,3916,-5063,-9315,-3323,3406178452
mermaid,-26984,-19424,28716,18401,651,4307,4216,2048,-7864,11328,3004,-2391,7372,8336,4828,-4478,-7830,-2928,1144002132
mermaid,-28460,-17472,27472,12981,-6524,-217,4200,2804,-8216,10526,4029,-5373,7660,7628,5832,-2097,-5389,-2776,2715400604
mermaid,-29180,-16872,24232,7104,-13979,-4488,5928,2824,-7560,9566,7148,-7379,7064,9000,4312,347,-3088,-3154,4027113933
mermaid,-29096,-17160,21312,5486,-21831,-7927,6224,3928,-6788,8060,9975,-9336,4612,10352,4540,2285,-784,-3215,2730429379
mermaid,-27840,-16980,20188,6873,-29060,-10519,7892,4728,-6520,5199,11536,-12307,2128,13972,5064,2729,-1819,-3132,1217562959
mermaid,-31476,-14640,20148,8206,-32768,-12168,8712,3428,-6400,3060,13868,-14495,3524,18112,3112,2494,-2112,-2679,1712473834
mermaid,-32768,-10748,18412,5655,-32768,-14452,5828,3236,-7048,3353,17614,-15744,4000,19668,492,1415,-250,-3058,645591194
mermaid,-32768,-12468,19576,7268,-32768,-14994,-476,5424,-1068,4626,19615,-14859,3984,17080,2128,1094,-113,-3870,545426850
mermaid,-32768,-14796,24384,15078,-32768,-13421,4840,7096,7936,16269,29183,-15412,5136,14356,2844,1292,-88,-4654,3086154376
mermaid,-30488,-13496,25304,22914,-32768,-11768,1640,12836,18528,24926,32767,-19056,4012,13056,1308,1276,66,-5337,3212371272
mermaid,-27784,-10508,22636,25678,-32768,-10128,296,18084,23816,22802,32767,-23165,2104,15220,1024,861,748,-5064,4162462564
mermaid,-27768,-7380,22016,23512,-32768,-8958,-3104,20584,25688,17565,32767,-23255,1216,18316,1880,335,1500,-4236,3320604142
mermaid,-31420,-5400,20136,19098,-32768,-8303,-7272,18588,29368,14359,32767,-21603,2992,19288,940,327,2306,-3921,2917875831
mermaid,-31012,-5888,18636,12878,-32768,-8232,-9388,21328,29692,3896,32767,-21036,2428,20224,-748,-97,1437,-3779,4239281725
mermaid,-28932,-6452,16376,5266,-32768,-8227,-10780,21112,31788,-6701,32767,-20981,2896,19652,1708,-520,1935,-3887,1132728936
mermaid,-27560,-8732,10332,1896,-32768,-8920,-11804,14808,30436,-11582,32767,-18348,2716,19352,2876,41,2317,-3878,2273679012
mermaid,-24260,-11876,10624,5071,-32768,-8546,-19316,11592,32767,-8692,32767,-15977,1756,20792,2996,644,2951,-3619,389972978
mermaid,-20408,-7896,8696,7187,-32768,-10098,-25208,8452,32767,-1129,32039,-10173,2672,23416,1912,434,4313,-3252,619326181
mermaid,-17844,-5036,7488,3252,-32768,-11531,-28116,16664,32767,-1198,24822,-8144,1476,25364,2368,17,4485,-2343,3432711347
mermaid,-15536,-5732,4440,-2328,-32768,-13252,-28396,19416,32767,-5387,18628,-6814,2516,26508,992,-943,5201,-1553,389276169
mermaid,-9696,-6884,3664,-4386,-32768,-14185,-26200,20148,32767,-2950,16792,-4759,1072,24448,2784,-1387,6148,-588,1603756298
mermaid,-7264,-2896,1916,-11360,-28026,-15479,-22744,14068,32767,6590,14642,1423,-96,22588,3756,-1285,7171,966,4069951258
mermaid,-5840,-1204,-1648,-18415,-24202,-15433,-17328,14108,32767,15587,12811,6280,-984,19936,5692,-603,7737,2821,2042260417
mermaid,-1660,1640,-5876,-22669,-20899,-15282,-14836,13052,32767,17704,11602,8811,-2012,18816,5756,280,8174,4455,3801677944
mermaid,3232,3140,-8432,-21906,-16705,-14456,-15400,18756,32767,11939,9908,6919,-2140,16804,5620,1190,7990,5274,3818547230
mermaid,6948,4712,-9024,-14579,-11425,-12429,-16176,20108,32767,4761,8650,4037,-1516,15848,5068,2035,7035,5312,2335047524
mermaid,7976,6000,-9572,-4632,-7177,-8978,-20364,18708,30884,4214,8782,3553,-1020,15324,4840,2629,6149,5134,3517600016
mermaid,8592,6128,-9164,2888,-2880,-4613,-25656,17600,24400,89,5581,4011,-248,15300,4076,3016,5386,4977,1795467306
mermaid,8636,4704,-9476,4423,826,-41,-27744,20016,20436,-9768,-3288,7457,168,15356,3896,3165,4665,5006,2969345072
mermaid,10028,7892,-12300,-628,5213,3345,-23364,16424,18392,-17256,-8183,8946,1508,14348,2956,3331,4256,5174,3121569138
mermaid,10352,9580,-12800,-10662,8890,6815,-22816,12564,17544,-16749,-10805,10251,1780,13004,2536,3642,4523,5228,716203041
mermaid,8172,9200,-10536,-19841,13783,9211,-22276,11156,16484,-14082,-15652,9850,2396,10528,1292,4159,4936,4950,270678305
mermaid,5804,6760,-7696,-24248,18083,11088,-21304,9932,13380,-11497,-20319,8380,1424,10584,712,4248,4938,4543,3015010277
mermaid,2624,4228,-5644,-24505,20529,12903,-20344,10120,13472,-9730,-22953,6938,1856,9844,708,4361,5238,3946,3563568407
mermaid,96,644,-4796,-21419,19123,14842,-21492,13000,12876,-11493,-25282,6636,1016,9872,-20,4026,4708,2995,2476159041
mermaid,-864,-1340,-4812,-16249,18833,16450,-19504,11768,6648,-14980,-26172,7246,660,10476,-1356,3137,3974,1991,1325603647
mermaid,-1816,-1932,-4092,-11737,18391,18413,-21908,11116,4816,-17963,-28335,5529,-240,10600,-592,2379,2043,1426,2458146086
mermaid,-3564,-1736,-3224,-7881,17557,19578,-20648,8028,3436,-20479,-32188,4662,416,10928,-1420,1417,989,1081,685063431
mermaid,-5160,-4320,-3120,-5784,12976,20961,-16140,5856,648,-20854,-32310,5126,624,11252,-1280,155,238,896,1926408311
mermaid,-5944,-6660,-3292,-2407,9293,21509,-15336,5256,240,-22681,-30298,4161,1128,12420,-1020,-1106,-118,822,1757606132
mermaid,-6560,-9376,-1404,3552,8806,20766,-15164,3252,396,-24888,-29668,3470,964,13808,-540,-1586,187,879,855453333
mermaid,-7092,-8240,2788,6428,14639,20106,-14600,1636,32,-23387,-25390,1067,424,15056,-244,-1967,449,1440,219046180
mermaid,-9340,-8356,6624,3540,21835,20662,-14276,1488,-2272,-21468,-25867,-1658,744,15104,64,-2422,181,2158,2213728714
mermaid,-10664,-10100,7260,-1546,28533,21677,-10260,4936,-1000,-22402,-23366,-4688,900,16172,-1640,-2704,15,2736,3628219649
mermaid,-12024,-11548,5948,-7236,32767,23467,-8960,4060,-608,-20279,-24728,-1005,2340,16776,-1156,-4012,10,2910,4010510935
mermaid,-13732,-14044,6368,-10561,32767,25399,-4928,1772,-892,-17133,-25549,1749,3404,14836,2088,-4371,-844,2276,2028260762
mermaid,-16568,-16504,8044,-13992,32767,26574,-4196,-496,-2508,-14551,-28002,4040,3100,13200,3204,-4060,-1234,1356,2386056906
mermaid,-18908,-18536,8436,-13885,32767,26246,-1580,-480,-4248,-13586,-26713,4374,1864,13308,1788,-3913,-1469,754,2615938267
mermaid,-21792,-20348,9300,-8546,32767,25446,-2796,-1096,-2372,-12034,-27175,3239,388,13708,2072,-3997,-1813,795,2096803010
mermaid,-24036,-19532,10108,-2241,32767,23887,-2644,1272,-4656,-10417,-30700,31,-360,14408,2196,-4206,-3329,1002,722202657
mermaid,-26248,-18760,13684,473,32767,22446,2952,-1568,-7952,-7593,-30496,2729,804,14636,3792,-4295,-5438,765,4088008408
mermaid,-27188,-18652,16656,940,32767,21290,1164,-2704,-7952,-4292,-28935,1502,2856,14420,4032,-3687,-7094,208,3067088881
mermaid,-28740,-19648,18888,1546,29379,21503,2120,-2504,-11876,-3145,-28495,-1023,2512,13776,2340,-3855,-8104,-631,4227807824
mermaid,-30000,-16880,19428,-13,21635,21265,5020,-3496,-16584,1643,-25141,-2042,2372,12872,2452,-3792,-8986,-1263,1906740830
mermaid,-31956,-16928,21616,394,14009,19474,7024,-4176,-18960,7663,-20756,-3359,1700,12540,2720,-3825,-10061,-1454,1679642582
mermaid,-24408,-24812,27084,7598,11873,18312,10120,-3688,-19560,12351,-15977,-4649,3184,11892,4272,-4314,-10826,-1612,2604250905
mermaid,-19244,-18360,32704,-736,6401,15115,7812,-3084,-19972,14545,-11131,-2854,4988,11872,5064,-4469,-11284,-2109,2267084389
mermaid,-15992,-20272,32767,5128,8988,13544,3108,2556,-13104,17778,-9723,-4540,5180,11508,4100,-4412,-10481,-2465,1608109221
mermaid,-16412,-22308,32767,8417,9944,9699,-4592,-1352,-3800,19002,-13054,-4825,5632,10180,2180,-4173,-9981,-2628,450293291
mermaid,-17924,-24976,32012,7530,4617,6488,-2504,444,-620,22811,-11391,-5054,7684,8812,1576,-3808,-8826,-3504,3279632490
mermaid,-17000,-24208,32767,13070,-1810,709,-1028,4392,-3720,24039,-8692,-7094,6580,7528,2304,-2959,-7524,-4242,558538487
mermaid,-18064,-21124,32767,13654,-9212,-1866,1908,7216,-3804,18624,1950,-11047,5544,8476,2380,-3334,-6714,-4463,503631385
mermaid,-18988,-14892,32664,8560,-15391,-5036,2668,4796,-3956,14141,10093,-12983,5264,10744,4780,-3025,-4760,-4296,3294921537
mermaid,-22980,-13892,28352,4033,-19215,-8865,1936,5092,-2804,9549,17463,-15044,5784,12316,5552,-1071,-2830,-4125,3729207256
mermaid,-25660,-13948,24616,963,-20998,-14135,2644,4436,-3876,5327,22496,-17922,4724,13672,3548,842,-2593,-4030,539178926
mermaid,-29064,-18364,25072,5941,-21779,-13191,3184,4928,-4044,5313,26992,-19514,4612,15252,664,1027,-2504,-3900,2529287464
mermaid,-27580,-14276,26096,14692,-27132,-15103,2652,6824,1888,6079,32211,-20535,3844,16520,2744,-134,-1293,-3918,386310486
mermaid,-25236,-11256,28528,21015,-31470,-14864,2448,9432,12436,6049,32767,-21658,4472,17504,4076,-814,195,-4239,949449936
mermaid,-28120,-7844,26484,23998,-32768,-12802,3512,13000,23540,5999,32767,-23845,4784,18704,3376,-1649,926,-4579,1748034950
mermaid,-31012,-4284,26880,21405,-32768,-12419,1700,16700,26148,11064,32767,-26386,3752,17784,3940,-1357,837,-4852,1314021188
mermaid,-30480,-7452,23336,17565,-32768,-11191,-4184,21488,32767,14772,32767,-27507,2656,16672,5012,-410,-19,-4566,483698305
mermaid,-28752,-9060,23244,17076,-32768,-9650,-5944,27468,32767,6357,32767,-27527,2604,15328,1508,1,-716,-3463,3282673676
mermaid,-28480,-8228,23428,12591,-32375,-7989,-8404,20208,32767,5529,32767,-24753,3872,17604,3568,1130,1643,-3266,2912342962
mermaid,-24024,-7064,22400,2363,-26091,-8618,-9248,17348,31472,11522,32767,-18659,2532,21624,3444,1366,3369,-2933,172365717
mermaid,-26668,-9328,21508,3340,-18048,-8922,-10536,22516,32767,12790,32767,-13004,2500,23548,5164,1459,3456,-1934,712107067
mermaid,-30048,-6888,16992,-2600,-14963,-7104,-15760,21276,32767,12991,32767,-9855,2300,24076,4808,1863,3587,-1185,3971800541
mermaid,-27184,-7728,8564,-9252,-16228,-6012,-21100,26296,32767,10011,32767,-11052,2668,23272,3020,2463,3878,-695,1332624483
mermaid,-23648,-10272,4232,-7776,-12798,-6079,-29092,23652,32767,3765,26916,-9971,2048,23704,3052,2607,4307,-491,2356881464
mermaid,-21284,-7412,3144,-5714,-14858,-13661,-25276,30268,30900,-8240,16305,-10297,1932,24076,3880,2744,4888,-92,3556634601
mermaid,-17652,-9072,840,-4809,-18803,-15056,-22596,26732,32767,-17034,11286,-7284,2352,23460,4536,2833,5679,240,2427618349
mermaid,-12372,-8608,-1852,-907,-21749,-15691,-19832,21992,32767,-18382,9236,-2901,2648,22276,4084,2998,6211,633,4270172768
mermaid,-6988,-8628,-4196,3461,-17863,-14683,-21696,18152,32767,-16535,7192,1188,1984,20556,4216,2914,6164,1101,1740976262
mermaid,-6312,-5272,-600,6767,-17390,-13953,-20456,15020,32767,-12143,2177,2889,1428,18592,4096,3084,6287,1795,2548058672
mermaid,-3740,-284,-508,4157,-20861,-14426,-19224,12328,32767,-5399,562,4840,1380,16760,3804,3461,7452,2603,183612879
mermaid,572,2484,-4872,597,-21776,-13526,-20432,13856,31900,-1774,-1070,5605,160,15364,3464,3932,8726,3429,2585243581
mermaid,2216,1248,-5788,2042,-21265,-11376,-22376,18328,28316,-9345,-5157,5135,-412,14448,3096,4448,9725,4425,3897839106
mermaid,4452,1228,-5892,4125,-21396,-8896,-23424,17312,26916,-19417,-10519,5276,-516,13028,2872,4617,9957,5342,2212713609
mermaid,4876,1620,-9228,4312,-21169,-6490,-22692,13980,25104,-27701,-13946,5906,460,11200,2076,4896,10086,5964,2809131967
mermaid,4872,1160,-9860,4405,-20238,-4027,-22464,8308,22112,-30693,-17451,6246,1016,10360,1192,5126,10062,5989,2979312199
mermaid,4828,-340,-9604,4939,-19112,-2426,-22016,4100,17924,-28918,-20868,4992,864,9592,252,5021,9788,5662,2719208495
mermaid,3308,288,-8884,5791,-19443,-2046,-21680,1500,15632,-23449,-23993,3180,-120,9896,568,4618,9161,5474,2802534989
mermaid,3244,-1408,-8752,7457,-23945,-421,-21096,1476,12332,-16590,-27100,1631,460,9996,984,4289,8727,5449,2602278811
mermaid,2132,-2636,-6416,11386,-30014,-583,-18032,3520,8868,-13048,-29957,151,372,10232,1108,4061,8669,5232,111462711
mermaid,4744,544,-7228,14170,-32768,-2021,-20224,5108,9200,-13361,-30366,-1122,84,10844,204,3610,8105,4776,3874835660
mermaid,5188,2652,2320,8318,-22797,-2549,-21296,5448,8372,-15666,-32282,-1614,1520,11688,-272,2466,7620,4162,1628831291
mermaid,940,1012,-2240,4974,-19916,-3455,-20420,5072,7264,-17148,-32768,-912,1736,12784,-612,1541,7062,3178,3897122100
mermaid,3396,-3776,-5128,4527,-15492,-1901,-18708,4000,2976,-15504,-32768,-501,664,13492,-384,740,5669,2292,2031820279
mermaid,5060,-1900,-8184,5428,-8177,-525,-14736,3096,-748,-12603,-32768,715,216,13880,8,-8,3583,1880,3752428789
mermaid,4388,-3532,-9472,2179,-2175,1539,-12088,1804,-1840,-9089,-31813,1616,-32,14492,776,-320,2037,1906,2030618307
mermaid,4696,-2024,-6600,-3204,4966,3161,-11052,-336,-2372,-4510,-29623,2113,156,14708,1772,-543,755,2049,3172299177
mermaid,4612,-3612,-4820,-4956,12938,5112,-9712,-568,-3148,-208,-29166,3028,1084,14656,1084,-1146,160,1993,483308472
mermaid,4296,-4420,-4412,-1531,20152,6869,-6188,2440,-4996,340,-29312,4313,668,14468,1488,-1875,-815,1789,3181586201
mermaid,3672,-4588,-4528,-2031,25838,8086,-4408,3548,-5656,86,-27815,5615,756,13864,1832,-2381,-1742,1328,2707575422
mermaid,2812,-5060,-128,-6579,31669,9891,-4548,4860,-5488,-2288,-28020,4657,940,13332,3048,-2240,-2665,899,1640927832
mermaid,184,-6800,5800,-10012,32767,11734,-4244,3568,-7276,-5057,-28297,3953,872,13116,2520,-2277,-3989,513,397507572
mermaid,-348,-6876,8796,-11847,32767,14006,1488,2960,-9760,-6624,-28644,-1329,720,12712,396,-2511,-4735,160,430475951
mermaid,-2356,-8968,12652,-17415,32767,17573,2652,-2776,-9820,-4891,-29625,1260,-776,13800,48,-3844,-5879,72,2216942076
mermaid,-5740,-11900,16640,-27658,32767,21990,836,-2304,-5788,-2190,-27890,823,-528,13056,2476,-4273,-7547,76,1130637568
mermaid,-8516,-15664,21408,-32768,32767,26879,-476,-2544,-7280,-894,-27749,2282,1036,12712,3164,-3880,-9490,-199,830646660
mermaid,-11904,-17216,25240,-32768,32767,31011,3096,-4592,-11748,3186,-26078,3537,1512,12056,1580,-3861,-10379,-644,157303198
mermaid,-13020,-22468,25720,-32768,32767,32744,5780,-4820,-14480,7892,-23733,2688,2764,11436,1032,-3970,-11232,-1324,3190437453
mermaid,-19100,-21168,14552,-9468,32767,30455,7616,-2248,-13708,13011,-20967,1905,2300,12012,1768,-4027,-11695,-1942,673059014
mermaid,-31104,-10132,11008,-8432,32767,27194,5616,92,-10184,18222,-19703,1742,2768,12956,2668,-3599,-12593,-2255,55575633
mermaid,-32296,-11444,16512,-7070,32767,22346,2532,492,-8560,18466,-16233,1568,3400,13100,3032,-2985,-13326,-2427,1475290807
mermaid,-32768,-14884,19080,-911,32767,16004,1272,2788,-8956,8327,-14738,-203,3296,13996,2600,-2528,-13712,-2662,1641452431
mermaid,-32768,-18748,17588,3626,32767,13042,1884,-1044,-11660,-1188,-13315,-3123,3376,14692,1456,-1802,-13403,-2837,1282669953
mermaid,-30432,-18620,21280,2278,25181,12446,1552,-7008,-3432,2667,-15686,-4314,3752,15400,592,-1192,-13145,-3120,4109284402
mermaid,-28040,-18492,23024,-2305,16000,10692,2100,-6092,-5596,14643,-8994,-6988,5052,15072,436,-1329,-12874,-3508,460585684
mermaid,-30576,-23604,28164,2072,8985,13569,3336,-540,-5836,13965,-3565,-11106,6676,15120,948,-1650,-12504,-3857,1043444186
mermaid,-27624,-23652,30716,9315,1315,9904,4604,-48,-5464,9189,11228,-14992,7348,14660,1688,-1926,-11059,-4019,1734333987
mermaid,-30612,-18440,32767,11877,-5623,7899,5096,248,-3160,4469,27531,-18663,6744,13892,1772,-1498,-9577,-4039,2250921072
mermaid,-29984,-15524,32767,12580,-9820,2245,4200,876,-764,1293,32767,-22312,6092,14144,1088,-1381,-7745,-3741,2966455563
mermaid,-31900,-13488,31656,8493,-17836,-644,2492,2708,116,19,32767,-25034,6880,14216,684,-1716,-6698,-3516,1787105703
mermaid,-26752,-13828,28560,8277,-21530,-5657,1956,1952,4156,4657,32767,-26007,6988,13912,1324,-2283,-5365,-3868,4063301953
mermaid,-29340,-14104,27404,6559,-27945,-6355,84,5272,13864,8793,32767,-26653,6152,13732,3988,-2120,-3928,-4336,1339519506
mermaid,-29568,-9808,25232,7084,-29893,-8926,-1612,11784,24824,8263,32767,-27625,5188,15160,3140,-1572,-2009,-4447,1433265520
mermaid,-32768,-11820,25500,6636,-32457,-8740,-3404,17260,32767,4174,32767,-29849,5908,16676,636,-1148,-28,-4442,968998709
mermaid,-32768,-12308,25924,5515,-32768,-9091,-5256,21648,32767,-4608,32767,-29003,6256,18332,1296,-1057,608,-4607,2156205694
mermaid,-32768,-15200,21416,3830,-32768,-8823,-13920,19312,32767,603,32767,-25269,4220,18868,3564,-1013,543,-4265,3892240465
mermaid,-32768,-17312,20700,6979,-32768,-7969,-14108,7640,25116,20017,32767,-18860,3944,18816,2876,-462,1664,-3638,1774571124
mermaid,-32768,-15900,21012,11584,-32768,-7357,-19512,10216,28396,32767,32767,-10250,3076,20752,1396,-10,3323,-3072,3074341888
mermaid,-32768,-11892,19504,10725,-32768,-8840,-23800,28772,28484,32767,32767,-8288,3220,22592,1800,-161,3915,-2589,1102219641
mermaid,-31488,-10324,15836,6421,-32768,-11593,-26824,32767,32767,18450,32767,-17024,2916,22920,3584,-236,2558,-1836,3745726239
mermaid,-27120,-6820,13728,-2487,-32768,-14142,-24452,32767,31248,-7235,24826,-15069,4400,23036,3356,657,4026,-1745,3208116966
mermaid,-24824,-8624,9520,-10750,-32768,-16128,-27376,30420,32767,-18574,20486,-13348,3340,23628,1192,959,5081,-1742,2916745655
mermaid,-23020,-15432,7648,-5819,-32768,-15294,-29036,23744,32767,-18793,16873,-7117,2688,25164,1304,611,6172,-1353,2119047091
mermaid,-18272,-14180,4656,2672,-32768,-16904,-22804,19196,32767,-11805,14166,-2273,2400,24096,2444,608,6628,-711,3451418101
mermaid,-13740,-10784,4800,5585,-32768,-17070,-17656,16544,30404,-5115,13938,6049,3276,22760,3476,920,7421,-110,2551435186
mermaid,-13500,-6972,3848,7148,-32768,-18431,-21844,15920,32216,2574,14318,8429,2732,20608,2864,1389,8364,436,3127198233
