raffles,4684,-9048,13260,-687,-190,1982,3420,8728,12896,1611,154,1790,3000,14944,-1432,-186,3070,-78,3164250781
raffles,5144,-8896,14272,-1561,-363,2495,2892,9492,13688,2922,225,2253,2576,15152,-1632,-389,3014,-273,2838226374
raffles,5584,-8980,14980,-2108,-703,3095,2364,9972,13940,3631,109,2724,2516,15468,-1460,-534,2708,-468,294097164
raffles,6136,-8524,15568,-2242,-1141,3639,2528,9944,14220,4062,526,2809,2288,15944,-1352,-546,2294,-684,1911887859
raffles,6540,-8380,16000,-1824,-1757,4014,2308,9936,14844,4453,927,2936,1964,16336,-1608,-527,1874,-898,3510475342
raffles,6628,-8976,15984,-789,-2167,4041,1664,10892,15060,4450,1524,2955,1252,16172,-1832,-708,1487,-1013,1421749217
raffles,6680,-9468,15992,538,-2378,3576,1528,11960,14660,3261,1911,2935,940,15500,-1620,-982,1034,-828,1510316095
raffles,6936,-9196,15260,1373,-2393,2976,1332,11448,13624,1417,2242,2628,1280,14756,-1300,-1093,732,-393,1159574185
raffles,6932,-8584,14308,1546,-2223,2461,1284,10420,13620,-127,2431,2097,2352,14228,-768,-863,969,-50,1599638806
raffles,6688,-8340,13780,1365,-1812,2065,1076,9512,14072,-717,2223,1618,3060,14064,-904,-360,1517,113,1542087494
raffles,6436,-8672,13848,1280,-1303,1700,748,9608,14852,-699,1952,1424,3116,14120,-1192,196,2061,321,2948092352
raffles,6384,-8664,14384,1044,-717,1329,820,9752,15052,-684,1527,1343,3344,14160,-1428,517,2486,463,320175665
raffles,6172,-8612,14380,591,-281,1150,1120,9928,14504,-683,1026,1580,3528,14456,-1516,737,2921,558,2080378228
raffles,6012,-8448,14292,164,2,1167,1756,10024,14092,-755,743,1651,3892,14564,-1496,903,3347,590,1587673962
raffles,5808,-8532,14376,4,27,1351,2436,10320,13300,-883,710,1733,4300,14336,-1316,1065,3949,602,3251525602
raffles,5680,-8464,14300,31,-178,1636,2912,10220,12760,-1147,1017,2004,4212,13892,-1416,1151,4853,546,4220040423
raffles,5456,-8108,14248,396,-506,2058,3160,9868,12484,-1368,1346,2446,3904,13616,-1016,1326,5720,532,886685549
raffles,5260,-7776,14008,1058,-961,2596,3148,9432,12420,-1021,2048,2900,3520,13636,-868,1565,6222,558,2188657544
raffles,5076,-7736,14348,1786,-1406,3157,3624,9772,12560,-523,2843,3334,3480,13620,-1128,1680,6440,510,947406633
raffles,4964,-8056,14560,2496,-1887,3647,3260,10216,12688,-558,3289,3997,3444,14128,-972,1868,6778,367,1293968897
raffles,5240,-8380,14796,2692,-2343,4267,3656,10476,13288,-719,3854,4473,3852,15112,-1076,2077,7381,11,1411885788
raffles,5192,-8800,15260,2646,-2609,4973,3780,10880,13740,-619,4399,4724,3760,16632,-772,2284,8074,-682,3186718813
raffles,5272,-10084,16084,2856,-2885,5627,3632,11784,15300,-67,4491,5217,2204,17580,-628,2310,7892,-1306,1346027228
raffles,4856,-11344,16448,3761,-3100,6042,3752,12440,16032,552,4340,5479,76,17812,-948,1952,6599,-1844,851397573
raffles,4496,-11372,16540,4394,-3092,6260,3504,12144,15852,615,3860,5843,-428,16996,-1320,1561,4844,-2066,3900538434
raffles,4372,-10988,15896,4509,-2786,6162,3924,11552,15048,385,3557,5818,240,15592,-1660,1442,3181,-1894,1551296874
raffles,4348,-10728,15164,4330,-2311,5811,3576,11360,14232,-490,3272,5685,1464,14764,-1508,1572,2818,-1609,1113321531
raffles,4680,-10424,14088,4354,-1709,5299,3072,10752,13816,-1607,2915,5434,2372,14556,-1060,1647,3353,-1325,3483965100
raffles,5084,-9244,13448,4528,-1131,4701,2228,9328,13356,-2210,2533,4772,2560,14956,-1012,1520,3917,-1139,1580250409
raffles,5740,-8224,12996,4680,-741,4319,1284,8116,13584,-1987,1602,4481,1764,15844,-1100,1254,3960,-960,1646200382
raffles,6228,-7908,13228,4457,-701,4264,824,8236,14108,-1083,1584,4361,1400,16404,-2012,818,3385,-939,3674643908
raffles,6972,-8276,13696,3868,-813,4274,20,9280,13016,-667,1018,4242,920,16584,-2476,251,2508,-909,3968366815
raffles,7524,-8900,14080,2740,-1027,4286,48,10372,12168,-272,917,3792,888,15724,-2464,-103,1775,-912,2534926968
raffles,7780,-9564,14060,1741,-1263,3920,164,10568,12780,-100,1176,3231,1248,14388,-2496,-112,1528,-924,4191843700
raffles,7644,-9368,13944,821,-1208,3239,16,9908,12444,177,1174,2867,1424,13524,-2444,-63,1530,-836,2656957069
raffles,7412,-8404,13448,-55,-855,2584,128,9096,12700,904,1545,2286,1784,13660,-1872,234,1926,-739,977405392
raffles,7056,-7872,13296,-576,-510,2197,416,8712,13084,1496,1464,2063,1792,14284,-1120,609,2385,-511,924968026
raffles,6568,-7648,13888,-765,-217,1849,580,9064,14352,1705,1386,1786,2048,14524,-1076,882,2489,-188,3289030776
raffles,5976,-7796,14524,-684,92,1429,1212,9716,15252,712,831,1423,2268,14364,-1244,982,2476,90,3527176046
raffles,5800,-7720,15284,-703,358,1038,1896,9384,15532,-428,364,975,2140,14416,-1264,1121,2339,198,313042923
raffles,5496,-7756,15736,-492,348,790,2580,8456,15512,-808,95,866,1828,14756,-1280,1318,1954,449,2846772016
raffles,5640,-7944,16076,220,135,482,2928,8500,15416,-553,258,852,1520,14616,-1584,1509,1287,878,1145980576
raffles,5868,-8240,15944,1435,-341,198,2492,9152,14876,-471,447,535,1700,14496,-1876,1581,849,1164,362035028
raffles,6292,-8016,15688,2059,-773,-34,2320,9712,13692,-822,941,209,2324,14948,-2512,1468,863,1299,2673677257
raffles,6436,-8096,15024,2325,-1280,-145,1948,10104,12552,-1381,1776,-213,2700,15520,-2692,1217,1035,1267,426225734
raffles,6756,-8248,14272,2515,-1654,-293,1480,10312,12276,-1616,1919,-232,2728,15660,-2756,998,1347,1189,854406430
raffles,6704,-8184,13956,2434,-1783,-332,1180,10016,12388,-1695,2216,-288,2712,15404,-2440,917,1612,1038,136653001
raffles,6620,-7668,13740,1892,-1717,-164,1256,9172,13372,-1136,2290,-221,2592,15084,-2236,977,1679,960,4196109719
raffles,6504,-7732,14188,1118,-1537,108,1120,8568,14236,-5,2227,-142,2592,15120,-2324,997,1519,949,3058901199
raffles,6236,-8124,15036,494,-1358,240,1352,8988,15320,1098,1798,21,2816,15556,-2088,874,1207,964,3272891746
raffles,5968,-8648,15816,61,-1216,187,1792,9828,15556,1593,1480,86,3244,15988,-2080,857,1019,928,664836531
raffles,5760,-9168,15916,-141,-1161,40,2484,10464,15156,1580,1132,-43,3496,16160,-2288,885,1376,569,249646630
raffles,5724,-9256,15824,-60,-997,-134,2604,11112,15104,1056,984,-285,2816,16172,-2140,827,1984,-36,547820919
raffles,5516,-8700,15528,-45,-658,-224,2668,10936,15220,520,743,-324,1600,16692,-1904,633,2045,-556,3007829716
raffles,5396,-8356,14980,218,-161,-269,2340,10732,15388,145,389,-221,548,16676,-2024,268,1186,-912,3891031331
raffles,5088,-8336,14812,749,383,-264,2144,10464,15004,-268,-202,-36,4,16688,-2372,-337,-377,-956,3644440173
raffles,4964,-8460,14416,1027,603,-223,2224,9968,14288,-526,-906,139,336,16064,-2440,-900,-2078,-777,1561532157
raffles,4996,-8752,14128,977,715,-324,2712,9560,13600,-459,-1171,176,992,15572,-2196,-1368,-3371,-402,1974957047
raffles,5424,-8828,13872,406,760,-500,2620,9340,12296,-250,-1327,-12,1868,15008,-2384,-1746,-3666,-44,205255766
raffles,5828,-8648,13544,-794,712,-579,2352,9388,11964,-62,-1330,-298,3068,14668,-2292,-1869,-2771,172,1294852030
raffles,6392,-8684,13424,-2281,799,-678,1968,9372,12208,452,-1254,-647,3888,14636,-2172,-1687,-1365,261,4177260943
raffles,6432,-8536,13820,-3521,972,-713,1164,9552,13016,953,-1470,-962,3520,14828,-1708,-1423,-390,327,270720449
raffles,6456,-8304,14260,-4286,1010,-684,924,9820,13836,1711,-1389,-1013,2544,14892,-1524,-1169,-173,518,3840573113
raffles,6640,-8140,14828,-4339,943,-614,740,9816,14580,2383,-1580,-847,2308,14704,-1584,-1123,-603,764,2123368431
raffles,6560,-7956,15460,-3637,664,-524,1236,10004,14628,2790,-1449,-637,2820,14488,-1336,-1110,-932,741,3322708332
raffles,6616,-7924,15536,-2570,188,-423,1880,10224,13884,2395,-1144,-460,2880,14172,-1252,-1040,-1075,624,3828980039
raffles,6556,-8012,15304,-1458,-419,-428,2332,10460,12948,1667,-478,-572,2608,14136,-1080,-832,-1047,617,3556141809
raffles,6368,-7920,14644,-634,-909,-506,2508,10352,12488,775,195,-752,2556,13468,-804,-555,-838,836,2177467806
raffles,6368,-7860,14216,78,-1284,-670,2208,9872,12600,15,988,-1047,2852,12924,-864,-255,-635,976,3615892336
raffles,6352,-7448,13968,728,-1382,-856,1680,9468,13216,-494,1216,-1168,2776,12724,-1092,-76,-439,925,456180166
raffles,6388,-6988,14004,952,-1315,-851,1368,8844,14068,-698,1147,-1200,2784,13368,-1400,175,-405,707,1608709100
raffles,6308,-7160,14260,1073,-1075,-785,896,8820,14744,-465,877,-1139,2568,14584,-1420,403,-803,411,185692698
raffles,6424,-7496,14820,1150,-744,-670,800,9324,15708,-251,542,-1086,2360,15608,-2028,520,-1299,-7,2343976613
raffles,6480,-8316,15220,849,-308,-736,908,9904,15760,31,51,-1133,2120,16276,-2316,579,-1795,-342,3550880339
raffles,6464,-8836,15600,287,237,-1029,1268,10616,15608,142,-594,-1140,2332,16796,-2856,550,-2215,-490,1852099705
raffles,6400,-9552,15880,-293,740,-1320,1508,11112,15644,114,-1238,-1179,2772,17196,-2856,478,-2575,-413,3706005379
raffles,6268,-9764,15768,-549,1130,-1689,1988,11380,15400,-44,-1619,-1282,3328,16948,-2692,299,-2364,-223,3179472094
raffles,6088,-9668,15512,-543,1520,-2007,2032,11436,14900,-455,-1900,-1463,3404,16360,-2624,61,-1757,-260,4216121649
raffles,5840,-9024,15044,-665,1770,-2167,2152,11112,14152,-949,-2116,-1730,2724,16292,-2228,-143,-1324,-399,3479206223
raffles,5744,-8692,14684,-908,1906,-2153,2432,10516,13668,-1415,-2346,-1749,2080,16236,-2456,-560,-1572,-331,1691185343
raffles,5608,-8432,14768,-1033,1876,-2076,2572,9772,13216,-1355,-2181,-1658,2092,15908,-2408,-810,-1963,-255,3379754951
raffles,5468,-8188,14608,-1223,1650,-1946,2584,9212,13084,-765,-2131,-1426,2324,15688,-2324,-1072,-2135,-165,2651422216
raffles,5656,-8184,14464,-1559,1277,-1596,2612,9132,13052,305,-1702,-1228,2672,15480,-1956,-1306,-2183,-28,2753982128
raffles,5860,-8440,14340,-1953,916,-1200,2680,9588,12672,1275,-1331,-1014,3340,15104,-1780,-1412,-1917,-20,520472347
raffles,5744,-8500,14448,-2343,591,-771,2640,10392,12716,1815,-1146,-790,3552,14668,-1648,-1412,-1430,-38,1484799682
raffles,5784,-8692,14204,-2544,354,-389,2536,10988,12656,1638,-1150,-609,3404,14128,-1132,-1181,-927,-39,2051375406
raffles,5712,-8432,14292,-2557,134,-72,2728,10596,12832,1415,-873,-530,3392,13884,-1168,-976,-491,-237,3234992872
raffles,5640,-8200,14376,-2146,-12,227,2632,9608,13452,1423,-589,-319,2848,14296,-1336,-952,-337,-408,382254112
raffles,5512,-7956,14596,-1542,-157,458,2480,9176,13764,1923,-376,0,2380,14664,-1520,-996,-500,-395,736806922
raffles,5640,-7956,14780,-972,-283,558,2456,9452,14140,2368,-67,195,2076,14692,-1636,-1121,-845,-304,2522202403
raffles,5804,-8268,14624,-552,-433,499,2308,9872,13840,2197,-40,337,2172,14564,-1456,-1160,-1012,-189,2919136935
raffles,6040,-8400,14172,-379,-576,413,2080,10468,12976,1364,-218,125,2688,14424,-1204,-1115,-1152,-69,2121043630
raffles,6372,-8604,13852,-488,-635,290,1848,10252,12956,710,-158,-193,2872,14804,-1188,-977,-1340,67,3590033739
raffles,6736,-8676,13972,-834,-607,232,1552,10116,13320,527,-223,-350,2744,15136,-1400,-859,-1027,111,1837404918
raffles,6892,-9036,14260,-1028,-475,76,1152,10472,14096,806,-125,-485,2588,15088,-1344,-689,-763,233,1084765984
raffles,7176,-9168,14748,-1074,-219,-166,836,10880,14416,953,-318,-516,2676,14868,-1372,-554,-588,279,3088359022
raffles,7132,-9144,14980,-1181,86,-520,496,11056,14300,685,-518,-668,2896,14448,-1512,-273,-550,316,3961153345
raffles,7032,-8560,14896,-1207,364,-807,760,10764,14304,269,-580,-820,3004,14148,-1232,94,-479,425,1293559348
raffles,6756,-8368,14648,-1145,514,-956,1228,10592,14248,-211,-675,-906,3192,14460,-1396,437,-303,544,1516284045
raffles,6548,-8296,14736,-663,491,-1012,1732,10688,14012,-520,-542,-752,3520,14568,-1536,530,118,564,3940439179
raffles,6268,-8456,14816,86,410,-1021,2356,10612,13476,-880,-299,-609,3500,14908,-1604,497,684,542,798759453
raffles,6040,-8308,14948,445,276,-895,2632,10420,13484,-1197,43,-530,3184,14488,-1208,627,978,750,925429966
raffles,5920,-8228,14756,820,98,-678,2736,10400,13544,-1547,361,-295,3676,13892,-1084,925,1110,986,2344891209
raffles,5780,-7848,14864,1218,-131,-320,2756,10144,13524,-1982,529,-46,4032,14064,-1436,1347,1473,1064,4082855217
raffles,5964,-7868,14816,1316,-458,220,2988,9360,13732,-1707,822,156,3988,15592,-1744,1448,1915,735,3873512231
raffles,5920,-8560,15348,1383,-783,760,3004,9660,14568,-427,1248,412,2768,17956,-1300,1151,1962,156,971646699
raffles,5924,-9704,15892,1528,-1100,1148,2796,11296,14904,672,1509,678,1000,18728,-1424,595,1297,-276,3453065614
raffles,5760,-10904,15744,2059,-1461,1288,2904,12564,14428,819,1336,958,-32,17968,-1940,-333,234,-477,792285944
raffles,5664,-11480,14812,2917,-1688,1041,3120,12660,13616,368,1240,758,388,15908,-1256,-985,-1269,-606,2036063855
raffles,5644,-10496,13408,2971,-1518,640,2704,11416,12156,-817,662,686,1144,14412,-908,-1144,-2221,-416,643388621
raffles,5556,-9948,12348,2244,-1106,269,2508,10028,11528,-1313,712,-7,2476,13744,-1052,-1086,-2354,-86,4260078077
raffles,5544,-9036,11736,1225,-424,-52,1988,9148,12012,-1163,176,-392,3704,13840,-712,-913,-1540,-36,1848266665
raffles,5584,-8608,11900,70,472,-309,1344,8948,12760,-597,-450,-807,4136,14672,-868,-752,-468,-282,3473213269
raffles,5900,-8352,12756,-1356,1249,-446,936,9148,14152,143,-1353,-717,3080,15760,-1120,-713,104,-495,3389493752
raffles,6388,-8516,14396,-2751,1912,-278,832,9632,15412,1016,-2097,-556,2632,16020,-1576,-818,-225,-521,4253302817
raffles,6872,-8600,15776,-3834,2130,-1,932,10108,16092,1865,-2894,-326,2488,15648,-1680,-891,-933,-602,3051716851
raffles,7176,-8780,16084,-4143,2105,257,1320,10064,15868,2264,-3220,-347,2564,15528,-1400,-848,-1620,-695,272136001
raffles,6980,-8664,16060,-3463,1755,142,1476,10216,14464,2774,-3067,-418,2292,15344,-1556,-949,-2125,-796,3134109540
raffles,7088,-8560,15820,-2448,1081,-75,1768,10608,13056,2716,-2393,-295,1772,15788,-2020,-977,-2111,-868,2859477942
raffles,7168,-8608,14888,-1523,674,-475,1784,11856,12256,1732,-1399,-442,1520,16240,-1788,-1199,-1914,-773,3336561305
raffles,6988,-8852,14360,-608,633,-857,1884,12316,12328,-317,-633,-920,1628,16108,-1108,-1380,-1976,-493,3362431776
raffles,6576,-8908,14300,-149,686,-1041,1932,11444,13316,-1357,-320,-1136,2220,15352,-760,-1152,-2136,-242,3139361931
raffles,6348,-9060,14492,184,789,-1123,1736,10220,14428,-1580,-501,-1164,2400,14492,-896,-839,-2127,-88,3320404715
raffles,5960,-8724,14616,293,996,-1153,1960,9452,14932,-1211,-881,-1245,2724,13804,-1208,-520,-2034,15,2590510840
raffles,5516,-8556,14560,91,1194,-1128,2072,9248,14384,-772,-1272,-1112,2740,13656,-1016,-330,-2079,-17,1230205023
raffles,5180,-8388,14192,-282,1256,-1173,2548,9276,13660,-489,-1388,-980,2628,14264,-1092,-371,-2174,10,3652052247
raffles,5052,-8584,13756,-672,1445,-1161,2780,9896,12924,-517,-1557,-780,2952,14720,-1340,-542,-2224,96,2285257843
raffles,5192,-8956,13492,-812,1430,-1090,3156,10504,12184,-685,-1630,-601,3712,14824,-1532,-644,-1740,175,1508579740
raffles,5276,-9156,13328,-887,1371,-926,3052,10576,11816,-633,-1616,-437,4464,14584,-1436,-709,-877,107,2980517800
raffles,5524,-9232,13488,-1123,1266,-614,3020,10620,11792,-445,-1427,-306,4728,14136,-924,-559,325,-128,473666017
raffles,5632,-9064,13820,-1641,1157,-174,3088,10616,11940,-112,-1179,-138,4124,14204,-644,-222,1221,-443,3692857713
raffles,5688,-9048,14304,-2140,1014,394,2968,10688,12920,440,-939,279,3296,14216,-792,167,1721,-638,2791055062
raffles,5736,-8932,14892,-2006,837,805,3244,10316,13820,1219,-470,554,2980,13996,-980,563,1827,-718,3431393224
raffles,5584,-8376,15388,-1555,696,1129,3040,9848,14436,1572,-139,892,2996,13904,-1136,979,1916,-782,854202009
raffles,5188,-7852,15764,-964,555,1431,2780,9920,15072,1343,-136,1220,3232,14764,-1644,1208,2204,-872,856632700
raffles,5032,-8328,15620,-128,258,1689,3164,10560,14692,923,188,1778,2940,15984,-1848,1002,2611,-987,656002315
raffles,5032,-8940,15536,908,-119,1808,3684,10960,13316,513,631,2144,2384,16788,-1240,592,3028,-1071,387399613
raffles,5344,-9116,15400,1076,-548,2058,4204,11104,12704,197,1123,2339,1972,16820,-772,415,3478,-1000,2978733495
raffles,5240,-9584,15004,863,-921,2479,4116,11296,13056,48,1505,2258,1892,16044,-1240,417,3653,-947,2003905860
raffles,4864,-10136,14912,1309,-1055,2524,3908,11324,13760,-200,1785,2180,1744,15424,-1644,440,3572,-971,2655827021
raffles,4648,-10036,14840,1862,-899,2465,3484,10996,14044,-356,1666,2172,1100,15372,-1680,472,3344,-1068,1917128833
raffles,4488,-9696,15220,1860,-802,2469,3176,10372,14340,-203,1450,2313,308,15896,-1324,207,2770,-1003,1708463341
raffles,4268,-9672,14992,1686,-725,2490,3224,10228,13996,103,1279,2546,744,15864,-1264,-242,1993,-821,2596753342
raffles,4604,-9596,14424,1261,-722,2526,3640,9820,13328,322,1134,2628,1220,15876,-868,-447,1538,-542,3750798057
raffles,5056,-9492,14148,591,-886,2605,3684,9780,12796,574,943,2466,1744,15512,-608,-393,1439,-155,4167135635
raffles,5384,-9808,14264,151,-1006,2488,3344,10048,13020,1042,893,2141,2024,15000,-932,-189,1703,201,4275575974
raffles,5740,-9936,14596,208,-1046,2187,2796,10900,13440,1134,1054,1959,2204,14624,-1228,-31,2210,336,3414528118
raffles,6008,-9788,14988,359,-1023,1784,2068,11080,13568,728,1193,1755,1836,14436,-1180,69,2539,362,2609596007
raffles,5976,-9212,14664,265,-976,1509,1868,11016,13180,220,1384,1481,1668,14248,-688,171,2479,449,2997787345
raffles,6028,-8240,14052,208,-1010,1473,1836,10180,12952,-154,1499,1472,1696,14448,-392,467,2340,592,1025338884
raffles,5928,-8128,13928,614,-1118,1519,1808,9964,13236,-271,1631,1524,2160,14496,-616,621,2193,784,3723750753
raffles,6012,-8532,14316,1282,-1261,1510,2252,10120,13380,-289,1935,1539,2464,14568,-868,717,2404,886,4145540446
raffles,5900,-9104,14576,1814,-1475,1400,2560,10576,13040,-640,2158,1516,2528,14616,-892,805,2747,939,1210733206
raffles,6068,-9380,14948,2023,-1754,1300,2916,10800,12940,-910,2541,1287,2400,14532,-632,889,2982,1099,807812359
raffles,6024,-9280,14800,1875,-2048,1283,3004,10428,13220,-1064,2853,1121,2312,14324,-380,1166,3059,1270,505793038
raffles,5856,-9012,14744,1661,-2243,1373,2740,9880,13708,-709,2921,1044,2408,14776,-368,1555,3072,1310,1882362477
raffles,5692,-9028,14820,1762,-2349,1587,2388,10116,14424,-82,2971,1142,2560,15328,-1260,1804,3015,1156,3481034481
raffles,5676,-9320,15060,2133,-2346,1606,2228,10640,14812,292,2969,1291,2080,16148,-1536,1635,2876,874,763556674
raffles,5656,-9824,15424,2375,-2181,1473,2304,10956,14456,419,2923,1283,1268,16972,-1224,1289,2421,681,754171851
raffles,5768,-9960,14956,2346,-2099,1315,2436,11540,14004,144,2536,1192,1272,17044,-1200,811,1662,595,3539830367
raffles,5872,-10088,14504,2185,-2030,1170,2560,11284,13948,-290,2157,935,1488,16800,-1172,306,843,547,1323046946
raffles,5956,-10128,14164,2144,-1887,926,2276,10928,13576,-396,1804,676,1480,16200,-1128,-16,284,538,1331617605
raffles,6004,-10088,13900,1877,-1649,623,2092,10712,13324,-301,1587,438,1412,15692,-960,-195,-87,609,2323910415
raffles,6136,-9872,13568,1341,-1320,297,1700,10520,13304,-129,1113,16,1708,15532,-1252,-304,-364,656,1938790795
raffles,6272,-9728,13644,612,-888,-48,1556,10252,13456,-17,672,-337,2008,15648,-1460,-472,-639,577,1874742923
raffles,6120,-9636,13628,77,-418,-460,1124,10116,13800,242,292,-623,2120,15728,-1364,-813,-896,399,4037628241
raffles,6120,-9352,13300,-275,-82,-833,960,10320,13136,350,-305,-798,2208,15700,-1432,-1184,-1228,167,2489568347
raffles,6220,-9116,12780,-774,190,-1034,1112,10116,12480,385,-906,-1025,2164,15548,-1600,-1589,-1553,-42,2690203898
raffles,6260,-9092,12756,-1479,435,-1186,1212,9884,11960,775,-1334,-1128,2032,15292,-1296,-1941,-1917,-170,2060477953
raffles,6252,-9004,12816,-2270,683,-1265,1564,9804,11900,1401,-1546,-1342,2508,15120,-1256,-2140,-1907,-260,871662418
raffles,6136,-9052,13272,-3130,878,-1285,1648,10120,12652,2008,-1670,-1360,2780,14952,-1296,-2142,-1656,-260,2661401224
raffles,6204,-9340,13808,-3713,1063,-1326,1628,10592,13216,2400,-1896,-1504,2860,14876,-1112,-1999,-1427,-189,3109849038
raffles,6176,-9460,14324,-4137,1199,-1416,1988,10852,13756,2505,-2025,-1634,2748,14884,-924,-1869,-1244,-176,4027587841
raffles,6128,-9208,14948,-4397,1220,-1436,2156,11120,14168,2348,-2041,-1685,2432,14960,-692,-1797,-1189,-134,2529703033
raffles,5952,-9204,15120,-4156,1194,-1403,2424,11292,14160,1832,-2103,-1527,2540,14772,-536,-1848,-1306,-113,2978375950
raffles,5800,-9028,14940,-3379,1065,-1430,2744,11048,13668,1169,-2059,-1497,2240,14624,-124,-1955,-1497,-183,2479128034
raffles,5656,-8636,14564,-2647,865,-1378,3144,10340,13008,773,-1754,-1462,1568,14684,128,-1831,-1766,-53,419004859
raffles,5612,-8564,14556,-2115,623,-1291,2904,9788,13272,797,-1261,-1568,1088,14308,392,-1561,-2350,281,3793481582
raffles,5900,-8688,14728,-1509,341,-1337,2796,9852,13592,882,-1031,-1673,1220,13736,244,-1092,-3012,667,996477052
raffles,6220,-9056,14868,-953,-22,-1539,2356,10224,13676,739,-758,-1863,1140,13536,-52,-464,-3328,1030,3582712396
raffles,6692,-9400,15252,-686,-298,-1945,1752,10584,13864,323,-624,-2216,1444,13692,-284,201,-3370,1475,1562950315
raffles,7148,-9460,15336,-635,-466,-2439,1444,10860,14284,-202,-320,-2785,1900,14164,-296,778,-3409,1925,821355589
raffles,7416,-9368,15416,-307,-471,-3041,968,10812,14588,-681,-27,-3376,2364,15028,-576,1178,-3399,2140,4092929438
raffles,7556,-9164,15216,287,-486,-3518,704,10728,15180,-786,28,-3828,2492,16252,-1236,1315,-3356,2122,724066332
raffles,7628,-9236,15052,997,-403,-3897,260,10844,15260,-604,-50,-4041,2264,17464,-1856,974,-3527,2000,3975697116
raffles,7556,-9644,15084,1621,-396,-4329,104,11584,14808,-605,-314,-4214,2164,17840,-1848,371,-3995,1766,3635583423
raffles,7376,-10068,14736,1670,-362,-4752,488,11712,13628,-884,-366,-4376,2068,17540,-2096,-317,-4645,1563,1119586547
raffles,7124,-10140,13968,1151,-231,-5087,996,11336,12664,-969,-583,-4669,1900,16516,-1936,-876,-5305,1674,4234827374
raffles,6980,-10068,13208,0,-46,-5283,1264,11016,12056,-830,-911,-4987,2848,15556,-1388,-936,-5510,2044,4040482603
raffles,6592,-9776,12712,-1155,274,-5432,1244,11056,12048,-835,-1273,-5184,3864,14712,-1708,-959,-5218,2384,930506595
raffles,6388,-9424,12392,-1886,633,-5553,1264,10700,12016,-978,-1634,-5353,4776,14032,-1708,-1163,-4630,2479,3464290696
raffles,6124,-8960,12368,-2415,971,-5524,1372,10012,12012,-745,-1831,-5346,5392,14024,-1512,-1450,-3998,2264,2811687026
raffles,6020,-8456,12468,-3047,1332,-5235,1340,9464,12480,-193,-2176,-5149,5188,14256,-1008,-1595,-3361,1866,3657810489
raffles,6144,-8288,12840,-3821,1464,-4780,1328,9464,12536,820,-2472,-4738,4756,14200,-652,-1716,-3089,1561,3417262307
raffles,6168,-8340,13368,-4505,1561,-4229,1752,10212,12836,1592,-2736,-4232,4664,14008,-432,-1608,-2987,1171,2277417856
raffles,6396,-8796,13840,-4539,1493,-3676,1832,10952,12948,2250,-2722,-3737,4104,13948,-360,-1467,-3084,821,1223825623
raffles,6540,-9156,14256,-3947,1263,-3245,2024,11608,12892,2562,-2526,-3320,4008,14092,-320,-1380,-3277,513,3446490234
raffles,6584,-9216,14284,-3032,982,-2920,2328,12012,12460,2300,-2072,-2865,3996,14528,-208,-1390,-3413,248,2323885092
raffles,6656,-9172,14412,-2284,750,-2543,2320,12008,12716,1745,-1635,-2464,3912,15084,-328,-1398,-3538,35,1829456068
raffles,6700,-9376,14532,-1810,550,-2160,2252,11884,13256,1241,-1344,-2247,4176,15100,-52,-1317,-3575,4,2335862386
raffles,6852,-9616,14688,-1547,501,-1975,1916,11832,13772,1013,-1158,-2065,4304,14464,-52,-958,-3439,-32,3875901526
raffles,6912,-9800,14836,-1271,549,-1998,1496,11580,14388,602,-1273,-2045,4248,13776,0,-368,-3171,-14,2011094008
raffles,6904,-9432,14680,-1002,706,-2156,1328,11136,14156,246,-1355,-2096,4072,13436,40,39,-2986,22,3124650573
raffles,6880,-8988,14356,-713,992,-2348,1120,10724,14096,-183,-1358,-2114,4088,13684,-316,459,-2606,110,1277486444
raffles,6844,-8520,14048,-269,1260,-2491,988,10712,13708,-650,-1439,-2095,4360,14000,-796,683,-2271,197,2451220883
raffles,6896,-8316,13856,113,1394,-2525,784,10588,13432,-1099,-1417,-2019,4396,14596,-740,742,-1964,293,4107339786
raffles,7072,-8388,13992,383,1386,-2490,1024,10696,13196,-1428,-1365,-1905,4344,14944,-860,744,-1627,337,920335281
raffles,7264,-8584,14204,484,1289,-2350,1092,10816,12980,-1604,-1106,-1789,4224,15252,-852,708,-1296,438,3558414033
raffles,7416,-8688,14300,468,1046,-2090,1352,10656,12792,-1391,-843,-1605,4240,15548,-884,684,-1052,606,2554732932
raffles,7492,-8888,14400,267,732,-1709,1544,10964,13028,-863,-586,-1375,4536,15644,-1048,729,-883,702,1400667190
raffles,7552,-9364,14452,308,293,-1301,1256,11272,13224,-334,-445,-1035,4604,15508,-1208,784,-672,697,1604528572
raffles,7372,-9648,14436,558,0,-1053,1520,12228,13000,-222,-2,-806,4744,15428,-1168,774,-484,643,3030011350
raffles,7244,-9552,14396,649,-248,-886,1392,11852,12672,-449,240,-539,4768,15472,-912,555,-244,595,1741300519
raffles,6964,-9352,13644,832,-373,-684,1568,11312,12420,-643,621,-408,5116,15484,-760,387,287,393,3656696900
raffles,6808,-9096,13412,654,-442,-406,1644,11252,12556,-628,818,-259,4868,15692,-680,218,1075,172,1544460741
raffles,6612,-9540,13352,406,-478,-75,1784,11360,12464,-331,846,100,4512,15768,-500,-100,1642,31,1091155391
raffles,6496,-9908,13284,188,-413,278,1772,11724,12416,64,704,402,3936,15080,164,-147,1756,28,3562510324
raffles,6404,-10116,13420,-16,-385,529,2256,11648,12312,308,600,599,4004,13772,368,131,1879,30,2628619909
raffles,6244,-9668,13520,-306,-361,750,2452,10964,12160,429,663,723,4164,13624,204,430,2158,-35,1890616831
raffles,6108,-9220,13476,-691,-408,1048,2492,10452,12712,644,736,847,3936,14376,-144,573,2259,32,3589672911
raffles,6232,-9140,14244,-701,-378,1298,2308,10864,13612,928,854,982,3984,15104,-620,725,2289,-114,3110437404
raffles,6300,-9492,14568,-399,-387,1456,2052,11724,14324,965,728,1144,3504,15536,-616,698,1962,-417,2616285233
raffles,6612,-9792,15296,126,-462,1561,1780,11720,14664,940,457,1354,2880,16016,-736,578,1258,-671,3409219202
raffles,6912,-9556,15288,544,-581,1659,1704,10840,14168,1148,342,1517,2000,16328,-1100,216,225,-642,2835293389
raffles,7012,-9104,14852,967,-719,1632,1312,10664,13924,1384,343,1580,2548,16236,-1072,-182,-751,-316,264348972
raffles,7196,-9068,14152,1504,-890,1410,1144,10580,13084,1133,518,1373,3736,15888,-1332,-548,-1197,-4,3219177177
raffles,7456,-9092,13708,1744,-1076,1173,952,10916,12564,538,744,1001,4612,16012,-1648,-842,-856,136,1190567200
raffles,7868,-9268,13800,1222,-1122,967,604,11224,12256,140,1039,550,4688,16240,-1720,-1065,-99,208,3651748049
raffles,8280,-9808,13792,268,-1082,709,-12,11876,12736,-312,1047,300,4324,15788,-1592,-1090,687,417,3510495062
raffles,8504,-9820,14040,-1001,-909,507,-384,12000,13384,-465,947,111,3828,14944,-1088,-823,1129,742,4106875567
raffles,8656,-9528,14008,-1844,-574,358,-580,11540,13748,-126,636,160,3928,14032,-748,-365,1113,1003,250033807
raffles,8376,-8580,13936,-2002,-360,310,-668,10512,14156,172,407,81,4364,13296,-680,110,960,1139,1680162340
raffles,7816,-7844,13364,-1247,-366,336,-360,9580,13836,764,336,253,4604,13184,-948,224,939,1127,1241701684
raffles,7324,-7376,13196,-210,-548,378,72,9368,12860,992,405,512,4620,13412,-660,35,1242,1067,2300708306
raffles,7040,-7472,13116,625,-832,441,792,9584,12004,818,787,597,4480,13652,-432,-184,1477,958,3783422676
raffles,6884,-7812,12952,909,-1167,542,1372,9908,10992,319,1272,535,4344,13732,-220,-167,1678,891,931980334
raffles,7068,-8232,12964,699,-1549,702,1800,10096,10864,-90,1690,445,4392,14112,-176,-104,1623,966,2497431630
raffles,7372,-8992,13140,351,-1856,858,1780,10748,11936,42,2175,304,4660,14360,-420,118,1477,1035,740170733
raffles,7680,-10004,14008,386,-2103,893,1228,11904,13044,259,2356,407,5048,14288,-492,439,1619,956,4030226909
raffles,8016,-10436,14444,764,-2198,837,504,12636,14020,377,2328,575,5004,14036,-404,771,1850,802,3308732682
raffles,8064,-10284,14440,1140,-1982,714,24,12688,14052,335,2221,764,5048,13904,-160,1022,2105,682,4162616337
raffles,7704,-9396,13904,1281,-1628,670,-32,12088,13792,-30,2109,898,5196,13364,-60,1275,2344,594,3057211847
raffles,7380,-8408,13256,1264,-1217,713,0,11500,13128,-849,1836,1167,5508,12976,-328,1611,2797,513,2781726678
raffles,7144,-7728,13212,1107,-716,875,748,10524,13728,-1606,1518,1228,5888,12736,-264,2013,3643,404,2502496937
raffles,6920,-7296,12892,1028,-286,1060,1300,9748,13276,-2180,1716,1614,5892,13544,-564,2424,4648,306,3851155156
raffles,6912,-7684,13784,972,-2,1409,980,10080,13752,-1978,1709,1964,6336,14608,-588,2786,5473,156,421697002
raffles,6976,-8468,14772,1283,103,1807,1860,10712,14528,-1573,1781,2103,5860,15796,-836,3177,5911,-159,931221987
raffles,7232,-9324,16056,1489,-55,2275,2104,11636,15276,-978,1624,2601,4728,17208,-1024,3265,5835,-550,4211496399
raffles,6996,-10436,16680,2378,-600,2595,2376,12396,15508,-426,1814,2956,3756,17836,-1184,3230,5107,-933,1500381530
raffles,6900,-10908,16488,3926,-1218,2749,2472,13292,14664,-414,2104,3223,2940,17932,-2060,2743,4104,-1342,2839452842
raffles,6848,-10692,15804,5094,-1791,2868,2508,12948,13380,-780,2412,3318,2424,17732,-2552,1854,3075,-1562,3058886269
raffles,6880,-10300,14660,5597,-2161,2905,2276,12192,12104,-1228,2870,3321,2424,17036,-2284,1023,2127,-1332,864721096
raffles,7040,-9948,13720,5547,-2346,2927,1736,11320,11748,-1521,3509,3063,2920,15668,-1716,610,1634,-814,238292405
raffles,7280,-9508,12880,5001,-2312,2867,872,10708,11800,-1534,3457,2883,3452,14656,-1364,525,1599,-334,3123891920
raffles,7420,-9008,12408,4101,-2112,2738,148,10108,12124,-1518,3284,2454,3672,14436,-1164,446,1932,-29,1810106047
raffles,7428,-8488,12260,2973,-1910,2578,-548,9292,12568,-1208,2542,2114,3624,14824,-1380,251,2145,203,4091359354
raffles,7416,-8516,12048,1943,-1609,2290,-940,8900,12724,-510,1953,1758,3888,14936,-1792,-117,2149,399,1035929565
raffles,7520,-8328,12188,1018,-1338,1927,-988,9116,12512,155,1250,1516,3988,14568,-1504,-502,2225,574,1098274296
raffles,7940,-8024,12244,-105,-994,1659,-872,9492,12392,491,854,1302,4476,14008,-840,-697,2262,559,407151467
raffles,8032,-8168,12308,-1062,-677,1619,-700,9992,12388,783,562,1161,4436,13920,-256,-509,2439,502,890270043
raffles,8472,-8192,12984,-1656,-504,1568,-624,10908,12644,1048,503,1135,4368,13856,-172,-62,2659,431,3440810850
raffles,8768,-8604,13632,-1645,-400,1540,-348,11780,13296,983,489,1146,4236,13964,-500,416,2717,355,1532908460
raffles,8752,-8696,14764,-1146,-436,1508,-248,12064,14060,835,709,1384,4028,14292,-428,937,2666,311,92194980
raffles,8620,-8532,15368,-327,-480,1484,112,12008,14760,440,1048,1475,4088,14552,-812,1312,2236,317,1117317132
raffles,8288,-8416,15824,519,-618,1526,388,11516,15088,-109,1416,1480,4208,14576,-836,1440,2068,199,3472432255
raffles,7848,-8344,15640,1425,-776,1471,580,10996,15088,-786,1548,1361,4412,14952,-568,1582,2040,87,2990136535
raffles,7556,-8128,15124,2325,-862,1359,820,10936,14688,-1413,1606,1326,3972,15184,-1016,1664,2009,68,1032237446
raffles,7144,-8568,14380,3265,-887,1124,808,10556,14112,-1944,1556,1175,3668,14952,-920,1596,1726,31,596935134
raffles,7052,-8756,13788,4119,-815,799,940,10484,13220,-2384,1534,985,3324,14952,-1016,1455,1376,-157,3640006997
raffles,7012,-8724,13344,4423,-697,501,812,10116,12752,-2725,1281,674,2680,15712,-864,1102,788,-254,2529267201
raffles,7196,-8616,13220,3909,-418,333,968,9596,12796,-2287,1159,449,2736,16336,-1140,654,-158,-217,3647014045
raffles,7416,-9300,13352,3217,-274,256,264,9872,13264,-1546,642,242,2640,16388,-1444,259,-1170,-137,3140219699
raffles,7856,-9984,13492,2528,-255,9,-132,10412,13564,-499,260,-113,2884,16088,-1580,-97,-2022,-5,2222973453
raffles,8272,-10076,13788,1419,-159,-334,-480,10748,13160,324,-366,-377,3272,15592,-1484,-434,-2334,113,1482991732
raffles,8552,-9732,13140,88,48,-734,-672,10616,12364,985,-798,-763,3936,15024,-1476,-673,-2174,269,7545642
raffles,8572,-8980,12616,-1097,327,-1133,-860,10408,12024,1270,-1027,-1207,4236,14772,-1364,-844,-1865,407,2134983815
raffles,8632,-8316,12380,-2117,682,-1516,-1144,10472,12192,1094,-1337,-1720,4112,14892,-1104,-872,-1719,397,2109685085
raffles,8736,-8000,12684,-2915,973,-1777,-1620,10340,13320,895,-1769,-2054,3952,15368,-1092,-879,-1899,362,2768567299
raffles,8688,-8176,13688,-3202,1285,-2061,-1676,10428,14160,1012,-2146,-2315,3908,15512,-1292,-979,-2338,220,3085056900
raffles,8536,-8324,14484,-3164,1531,-2399,-1136,10684,14608,1240,-2358,-2426,3960,15252,-1524,-1060,-2550,18,3670940684
raffles,8292,-8424,14840,-3126,1642,-2623,-424,10696,14324,1338,-2489,-2547,4052,15144,-1344,-1104,-2445,-135,602985102
raffles,7788,-8476,14632,-3039,1754,-2785,420,10864,13756,1321,-2482,-2551,4048,15028,-1312,-1077,-2274,-227,1898875466
raffles,7412,-8340,14432,-2969,1798,-2867,952,11224,13384,950,-2400,-2590,3892,14912,-1152,-1084,-2277,-154,42277156
raffles,7120,-8396,14128,-2843,1873,-2844,1380,11428,13340,438,-2341,-2581,4096,14892,-1112,-1044,-2413,-4,2661526888
raffles,6748,-8696,14100,-2418,1854,-2795,1532,11132,13328,-28,-2336,-2622,4096,14980,-1128,-1078,-2658,99,748672133
raffles,6376,-8640,14052,-1951,1784,-2718,1592,10600,13112,-219,-2378,-2528,4288,14884,-1128,-1370,-3010,149,2703535653
raffles,6372,-8776,13972,-1700,1643,-2630,1688,10308,12736,33,-2300,-2330,4524,14840,-1060,-1642,-2995,96,1683627403
raffles,6572,-8600,13836,-1857,1421,-2443,1824,10176,12436,465,-2169,-2159,4504,14780,-1000,-1771,-2795,61,1715921925
raffles,6640,-8796,13816,-2090,1252,-2198,1716,10516,12264,961,-1976,-1968,4532,14440,-864,-1849,-2556,64,611387669
raffles,6924,-8680,13724,-2299,1074,-1966,1260,10736,12360,1241,-1887,-1859,4524,13912,-728,-1731,-2468,67,488032320
raffles,7152,-8400,13500,-2317,904,-1746,1128,10684,12424,1375,-1799,-1732,4440,13932,-512,-1587,-2476,12,2644979256
raffles,7336,-8216,13556,-2154,715,-1444,804,10816,12456,1288,-1639,-1453,4232,14128,-336,-1400,-2640,69,1134672452
raffles,7544,-8172,13932,-1808,521,-1203,704,10772,13244,1214,-1443,-1391,4132,14148,-492,-1214,-2816,161,3990594087
raffles,7812,-8196,14376,-1436,278,-1112,400,10708,13512,1294,-1115,-1313,4320,14008,-484,-925,-2916,305,3441728162
raffles,8228,-8124,14824,-1191,59,-1100,328,10440,13704,1366,-963,-1306,4404,13944,-844,-509,-2880,413,2484497879
raffles,8308,-8160,14964,-864,-139,-1270,64,10628,14088,1239,-726,-1460,4384,13664,-840,-210,-2636,564,1228578754
raffles,8400,-8036,14796,-145,-239,-1514,-212,10828,13956,623,-508,-1680,4316,13900,-672,116,-2458,745,3994137683
raffles,8468,-7600,14396,386,-237,-1815,-424,10840,13712,-457,-379,-1998,4488,14536,-656,329,-2203,842,3573222612
raffles,8404,-7560,14340,740,-192,-2016,-348,10656,14052,-1054,-152,-2208,4420,15852,-712,476,-2260,774,3850563220
raffles,8472,-8060,14504,1128,-107,-2163,-396,10960,14760,-1137,66,-2363,3736,16952,-1328,346,-2579,777,3357217320
raffles,8668,-9172,15048,1494,-149,-2318,-408,11672,15056,-998,-152,-2517,3664,16480,-1672,31,-3378,794,3858520805
raffles,8720,-9956,15204,1925,-184,-2654,-268,11956,14696,-922,-410,-2717,3864,15472,-1420,-174,-4090,754,55370577
raffles,8564,-9384,14716,1835,-216,-2952,36,11104,13644,-787,-616,-2836,4024,14604,-1516,-72,-4244,670,2499613954
raffles,8292,-8448,13956,1052,-150,-3123,52,10228,12684,-611,-607,-3112,4496,14360,-1552,136,-4009,817,395625400
raffles,7976,-7984,12956,353,63,-3310,-188,9796,12380,-500,-573,-3361,4768,14484,-1504,253,-3676,973,2697668648
raffles,7928,-7740,12480,-110,349,-3465,-772,10292,12980,-519,-737,-3621,4820,15316,-1696,131,-3476,1047,3868308627
raffles,7936,-7788,13012,-488,637,-3604,-920,10060,13564,-532,-1268,-3717,4884,16104,-1904,-226,-3631,1032,1756198125
raffles,8264,-8308,13520,-952,975,-3695,-1008,10644,14208,-68,-1821,-3575,5144,16196,-2268,-552,-3683,873,3139980538
raffles,8272,-8372,13932,-1543,1307,-3667,-712,10960,13860,335,-2367,-3374,5192,15080,-2260,-748,-3355,675,1082358720
raffles,8112,-8364,13832,-2276,1597,-3672,-312,10836,13180,543,-2712,-3321,5348,14264,-1876,-736,-3030,501,2472499066
raffles,7872,-7960,13528,-2849,1768,-3513,-4,10636,12816,511,-2778,-3329,5256,13836,-1740,-789,-2938,363,239817093
raffles,7508,-7748,13124,-2979,1771,-3356,492,10420,12416,546,-2635,-3236,4740,14236,-1408,-953,-3196,212,158308621
raffles,7332,-7824,13424,-2723,1718,-3097,268,10380,12848,697,-2861,-3049,4576,15048,-1508,-1122,-3592,84,1896823768
raffles,7380,-7680,13748,-2463,1548,-2886,404,10132,12904,982,-2642,-2776,4488,15180,-1780,-1396,-3914,-7,1277759952
raffles,7460,-7892,14148,-2278,1391,-2716,332,10132,13432,1223,-2538,-2550,4436,15000,-1704,-1678,-4112,14,42005772
raffles,7548,-8220,14200,-2133,1159,-2644,684,10448,13008,1487,-2141,-2565,4860,14400,-1528,-1770,-4108,104,1830433207
raffles,7688,-8280,13864,-2039,961,-2618,396,10728,12596,1323,-2266,-2620,5072,13952,-1124,-1827,-4057,120,1023317619
raffles,7852,-8248,13536,-2005,856,-2640,216,10832,12600,970,-2075,-2720,4928,13852,-1028,-1785,-3896,222,172990808
raffles,8044,-8064,13252,-1970,801,-2678,-136,10580,12364,841,-2041,-2705,5056,13708,-716,-1637,-3752,338,2719932489
raffles,8040,-7684,12984,-1994,883,-2694,-496,10372,12432,739,-2087,-2685,5212,13400,-824,-1443,-3636,399,3857906408
raffles,8116,-7584,13184,-2048,932,-2637,-608,10220,12596,733,-2021,-2611,5488,13528,-768,-1152,-3391,397,1669876716
raffles,8432,-7788,13460,-2107,1042,-2605,-648,10672,13148,799,-1887,-2496,5604,13660,-684,-888,-2913,343,2118202704
raffles,8668,-7904,13916,-2028,1135,-2612,-672,11180,13252,803,-1823,-2347,5900,13572,-612,-603,-2377,263,2749391966
raffles,8656,-7876,14216,-2022,1246,-2557,-340,11608,13352,427,-1789,-2156,6016,13396,-432,-113,-1748,206,1923601018
raffles,8488,-7828,14184,-1847,1309,-2344,76,11488,13468,-71,-1568,-1978,6148,13444,-600,465,-1193,110,4281931103
raffles,8204,-7772,14524,-1625,1341,-2013,420,11524,13808,-559,-1412,-1749,5932,14168,-732,866,-700,-42,3484471964
raffles,7936,-8136,15064,-1138,1356,-1768,628,11636,14396,-741,-1124,-1468,5496,14980,-948,1066,-432,-213,2782285323
raffles,7516,-8388,15464,-421,1295,-1516,972,11824,14612,-855,-941,-1065,5052,15512,-1104,1096,-353,-242,2240066557
raffles,7312,-8640,15164,397,1103,-1255,1376,11932,13848,-1047,-821,-595,5084,15364,-1052,1008,-274,-202,2212236724
raffles,7200,-8244,14860,954,868,-914,1820,11208,13348,-1283,-528,-272,5108,15584,-960,982,-199,-221,1920768564
raffles,6992,-8236,14580,1288,563,-463,2116,10868,13144,-1303,-186,-79,5028,16068,-1324,798,-332,-198,702687522
raffles,7144,-8848,14468,1573,215,-120,1840,11236,13420,-1105,259,2,4988,16024,-1656,666,-310,-230,2782474358
raffles,7076,-9388,14672,2039,-101,39,1272,11252,13156,-856,455,191,4760,15732,-1724,415,-311,-235,2457383960
raffles,7336,-9016,14288,2008,-410,211,1028,11128,12504,-619,541,351,4752,15512,-1688,35,-332,-162,2701679839
raffles,7472,-8508,13560,1509,-555,370,740,10616,12112,-406,520,488,5012,15340,-1756,-333,-113,-170,592805106
raffles,7596,-8052,12976,900,-567,637,280,10352,12080,-126,554,579,5040,15092,-1792,-554,433,-292,1002184873
raffles,7984,-7924,12868,216,-459,916,-52,10408,12256,314,559,731,4804,14852,-1624,-601,868,-344,3375799034
raffles,7968,-8020,12904,-469,-234,1173,-392,10640,12836,720,421,952,4648,14748,-1856,-499,794,-314,1831914211
raffles,7888,-8196,13412,-1123,74,1356,-392,10832,13348,911,43,1129,4712,14464,-1840,-478,755,-324,961614264
raffles,7704,-8196,13792,-1529,233,1497,-140,10476,13624,1002,-400,1299,4544,14620,-1720,-720,762,-446,3293736617
raffles,7324,-7844,13768,-1782,247,1636,588,9728,13108,1322,-539,1446,4452,15308,-1444,-1164,766,-589,4106620106
raffles,7188,-8048,13888,-1896,152,1796,1084,9620,13176,1993,-373,1539,4332,15984,-1056,-1490,490,-555,1633137736
raffles,7412,-8756,14500,-2087,8,1870,1328,10924,13232,2463,-195,1603,4580,15700,-952,-1427,248,-333,1280428632
raffles,7820,-9484,15032,-2073,-216,1762,1156,12136,13700,2074,-30,1559,5340,14728,-760,-1181,544,-70,4032068867
raffles,8120,-9572,15168,-1694,-392,1455,972,12392,13452,1206,159,1257,5744,13620,-720,-794,1185,166,3764491504
raffles,8088,-8796,14664,-1139,-516,1236,428,11632,13188,460,380,1097,5832,12880,-496,-384,1949,300,813092624
raffles,8096,-7784,14092,-652,-638,1209,244,10636,13072,-13,732,1116,5716,12576,-388,52,2757,319,1243267665
raffles,7892,-6876,13660,-90,-751,1391,-36,10020,13208,-68,1123,1369,5320,12980,-332,516,3173,218,3177177570
raffles,7848,-6752,13424,716,-932,1735,-60,9912,13128,72,1378,1671,5080,13824,-704,772,3217,3,1331083355
raffles,7840,-7252,13552,1471,-1087,2041,-60,10468,12756,176,1641,2048,5120,14404,-876,697,3109,-285,2581752661
raffles,7964,-7788,13636,1789,-1205,2300,468,11128,12540,10,1912,2413,4796,14752,-780,527,3118,-527,73123236
raffles,7696,-8348,13684,2042,-1350,2524,820,11456,12180,-380,2122,2709,4972,14556,-376,491,3314,-558,322546443
raffles,7556,-8776,13624,2111,-1438,2745,784,11588,12436,-551,2304,2893,5380,13964,-524,676,3537,-481,3900138637
raffles,7472,-9220,13984,1960,-1464,2879,1336,11664,12148,-777,2678,3008,5676,13476,-496,1036,3939,-426,1099844520
raffles,7404,-9228,14108,1664,-1414,2993,996,11468,12800,-737,2532,3131,5468,13432,-564,1552,4449,-405,1644095269
raffles,7600,-8992,14480,1332,-1322,3155,1088,11212,13100,-489,2789,3180,5312,13784,-732,2127,4922,-334,3700170008
raffles,7616,-8512,14772,1186,-1190,3328,668,10800,14824,-119,2631,3279,5212,14476,-1016,2568,5125,-456,1817986498
raffles,7576,-8236,15444,1141,-1127,3463,376,10912,15272,-155,2536,3445,4732,15652,-1492,2672,5145,-669,2753567832
raffles,7540,-8356,15456,1780,-1227,3533,312,11268,15232,-99,2270,3647,4248,16728,-1704,2371,4950,-899,2399831395
raffles,7524,-8688,15192,2979,-1487,3567,724,11732,14312,-304,2394,3770,3536,17112,-1792,1950,4491,-958,791481783
raffles,7592,-8876,14536,3884,-1636,3504,756,12056,12928,-961,2450,3778,3404,16640,-1884,1486,4128,-777,1890840698
raffles,7620,-8776,13848,3938,-1750,3514,1276,11388,11804,-1531,2794,3618,3808,15600,-1652,1127,3950,-556,3322128413
raffles,7608,-8656,13484,3453,-1761,3547,1008,10492,12112,-1570,3063,3486,4344,15212,-1276,1084,3915,-331,2645986958
raffles,7704,-8932,13604,2819,-1901,3686,708,10452,12464,-1101,3238,3378,4456,15356,-1356,1087,4122,-162,3855538978
raffles,7752,-9240,13852,2262,-1964,3555,304,10772,13012,-490,3334,3187,4436,15228,-1708,1006,4376,-130,1665444670
raffles,7928,-9600,14048,1803,-1965,3396,-156,11420,13316,-76,3082,3070,3964,15348,-1472,891,4558,-204,2082430656
raffles,7928,-9140,13692,1356,-1843,3332,-236,11472,13180,30,2655,3067,3596,14900,-1380,749,4331,-209,3099036661
raffles,7836,-8500,13300,889,-1641,3375,-248,10840,13076,179,2240,3112,3728,14580,-1100,527,3756,-57,3430147854
raffles,7824,-8296,12624,834,-1530,3413,-140,10308,12692,217,2006,3133,4064,14176,-880,482,3239,61,4259338447
raffles,7720,-8172,12840,1169,-1452,3347,-112,9988,12376,398,1844,3042,4140,14244,-720,404,3159,68,405706500
raffles,7692,-8268,12868,1289,-1496,3256,104,10084,12048,644,1940,2865,4104,14968,-588,219,3194,110,670021778
raffles,7920,-8676,13352,1079,-1602,3077,176,10428,12184,892,2094,2707,4188,15564,-840,-55,3080,108,3153755585
raffles,8160,-9292,13620,763,-1733,2868,224,11212,12308,1088,2408,2382,4184,14984,-720,-208,2888,150,2621809740
raffles,8432,-9636,13680,525,-1812,2651,-140,12136,12700,833,2250,2192,3984,14000,-576,-43,2819,188,4210362230
raffles,8796,-9412,13588,505,-1714,2376,-372,12408,13172,99,2021,1984,3880,13132,-204,290,2769,194,650371362
raffles,8552,-8828,12988,873,-1535,2141,-556,11676,12960,-561,1872,1773,3808,13076,48,627,2532,158,1988447060
raffles,8388,-8060,12768,1292,-1274,1950,-620,10340,12760,-890,1720,1683,3764,13932,112,728,2108,182,1717307065
raffles,8072,-7804,12676,1568,-1040,1849,-680,9708,13200,-669,1668,1620,4036,14580,-188,676,1508,176,1069750134
raffles,8184,-8164,13512,1512,-828,1632,-704,10124,13548,-409,1338,1483,4084,14640,-328,821,1153,198,2091179330
raffles,8536,-8720,13932,1386,-623,1215,-636,10760,13992,-320,970,1170,4336,14304,-564,1059,1197,237,1937765531
raffles,8760,-9180,14128,1245,-373,752,-660,11612,14276,-662,652,836,4464,13912,-448,1436,1350,181,3807154738
raffles,8820,-8852,13832,1325,-15,276,-632,11636,14264,-1269,528,360,4160,14084,-932,1789,1381,30,3015256469
raffles,8576,-8460,13852,1580,280,-14,-840,10904,13788,-1751,133,59,3704,14852,-916,1806,1182,-310,2875031265
raffles,8280,-8072,13852,1718,538,-246,-592,10656,13712,-2149,-171,-208,3120,16636,-1252,1395,453,-440,2531725666
raffles,8184,-8432,14088,1461,661,-323,-188,10240,14024,-1936,-395,-393,2816,18120,-1728,668,-770,-389,2906422895
raffles,8308,-9648,14612,1279,745,-626,-272,10808,14516,-1010,-563,-587,2924,18300,-1848,190,-1675,-318,922380997
raffles,8372,-10480,15264,1015,746,-1128,-52,11604,14500,-245,-933,-876,3356,16876,-1972,-50,-2039,-283,2504450652
raffles,8420,-10312,14732,334,851,-1649,104,11980,13548,-168,-1279,-1250,3416,15280,-1784,-191,-2160,-247,3258678733
raffles,7952,-9552,13636,-638,1128,-1982,404,11488,12404,-739,-1603,-1774,3464,14732,-1528,-278,-2199,-163,210246706
raffles,7524,-8536,12856,-1490,1439,-2151,364,10228,12264,-972,-1835,-2085,3580,14732,-1468,-575,-2374,10,1926319647
raffles,7156,-7860,12220,-1962,1742,-2198,-16,9692,12576,-1024,-2215,-2181,4088,14920,-1008,-885,-2760,226,2572993626
raffles,7056,-7540,12436,-2321,2082,-2196,12,9248,12880,-685,-2554,-2074,4884,14764,-936,-1130,-2955,172,1538842809
raffles,7192,-7728,12952,-2635,2294,-2133,76,9096,13236,35,-2925,-1966,4988,14556,-856,-1137,-2935,-99,2294820806
raffles,7448,-8232,13724,-2936,2351,-2061,304,9568,13632,1020,-3079,-1938,4372,14296,-1068,-1071,-2953,-356,579961198
raffles,7576,-8648,14200,-3158,2313,-2089,380,10668,13508,1661,-3175,-1947,4144,14152,-1276,-955,-3035,-562,3462930940
raffles,7600,-8860,14272,-3021,2174,-2111,692,11304,13044,1555,-3204,-1973,3780,14512,-1316,-945,-3214,-638,1862885449
raffles,7648,-8700,14004,-2599,2039,-2063,736,11260,12952,1126,-3141,-2028,3848,14780,-1112,-1032,-3556,-734,452102975
raffles,7404,-8564,13560,-1868,1864,-2075,824,11076,12460,678,-2898,-2022,3520,14896,-1024,-1292,-3806,-801,1255423564
raffles,7276,-8584,13348,-1177,1668,-2067,824,10516,12272,472,-2700,-1959,3364,15024,-1052,-1611,-4197,-820,3548512393
raffles,7236,-8624,13100,-954,1514,-2093,1000,10300,11972,585,-2416,-2063,3536,14740,-872,-1845,-4568,-870,2988677479
raffles,7412,-8808,13252,-1189,1458,-2219,828,10316,12456,635,-2479,-2216,3380,14280,-648,-1859,-4960,-854,1166150266
raffles,7496,-8904,13580,-1678,1538,-2406,504,10284,13016,631,-2530,-2519,3464,13760,-564,-1689,-5286,-795,1759735338
raffles,7628,-8780,13756,-2213,1741,-2659,208,10252,13516,399,-2854,-2836,3548,13652,-480,-1240,-5486,-671,3811798079
raffles,7784,-8376,14228,-2747,2108,-3010,-136,10176,14676,169,-3307,-3183,3832,14004,-796,-778,-5633,-470,918838616
raffles,7972,-8024,14924,-2930,2565,-3376,-416,9992,15560,51,-3610,-3545,4192,14484,-992,-262,-5739,-392,3393053372
raffles,8236,-7720,15840,-3049,2943,-3640,-604,9940,16520,145,-3944,-3654,4360,15288,-1112,110,-5589,-443,1521503264
raffles,8220,-8132,16276,-2427,3190,-3950,-508,10892,17104,152,-3972,-3685,4168,16352,-1604,332,-5347,-589,2772686984
raffles,8104,-8652,16132,-919,3223,-4286,20,11868,15880,9,-3980,-3738,4036,16604,-2040,210,-5143,-661,1685692222
raffles,7892,-9040,15952,146,3155,-4596,804,12808,14404,-906,-3914,-3752,3760,16444,-2228,76,-5043,-644,1003807211
raffles,7512,-8968,15452,575,2960,-4735,1612,12468,13336,-2047,-3508,-3810,3624,16484,-2252,-51,-5073,-431,2950771491
raffles,7116,-9144,14540,760,2939,-4639,1932,11772,12828,-2745,-3153,-3821,3876,16368,-2376,-296,-5139,-141,1627627477
raffles,6764,-9152,14056,842,2691,-4539,2044,10816,12268,-2690,-2828,-3804,4428,16240,-2568,-745,-4962,-15,3268023444
raffles,6420,-9104,13880,536,2385,-4320,2368,10520,11656,-2273,-2584,-3631,4844,15992,-2524,-1299,-4311,-30,3588232946
raffles,6320,-8980,13276,-423,2138,-3953,1972,9796,11708,-1435,-2592,-3422,4952,15452,-2140,-1728,-3385,-137,4174542388
raffles,6008,-8536,13024,-1803,2054,-3384,2192,9832,11508,-367,-2419,-3083,4796,14536,-1592,-1678,-2695,-198,3502016672
raffles,5944,-8272,12904,-3295,2088,-2722,1792,9756,12100,710,-2647,-2616,4896,13912,-1420,-1519,-2304,-373,1150569358
raffles,5968,-8308,13004,-4229,2191,-2085,1736,10060,12680,1720,-2943,-2151,4828,13608,-1452,-1388,-2264,-667,3102686259
raffles,5980,-8416,13352,-4516,2235,-1507,1784,10236,13128,2472,-3179,-1688,4692,13748,-1204,-1393,-2353,-1100,2032179005
raffles,5876,-8184,13876,-4441,2185,-985,2208,10416,13008,2886,-3230,-1108,3944,14024,-924,-1427,-2574,-1383,3768061671
raffles,5908,-8048,14292,-4003,2118,-564,2588,10392,13036,2892,-3280,-537,3720,14124,-744,-1340,-2816,-1500,3459881708
raffles,5936,-7792,14640,-3334,1980,-229,2028,10020,13672,2589,-3080,-187,3732,14116,-548,-1091,-2947,-1490,1938858054
raffles,6172,-7720,15032,-2564,1775,-85,2536,10080,13908,2309,-2400,-99,3716,14112,-592,-741,-2943,-1398,2817143837
raffles,6520,-8088,15480,-1596,1490,-178,2372,10440,14364,1646,-2036,-229,3656,14336,-1160,-389,-2717,-1232,2308672894
raffles,6848,-8548,15956,-517,1251,-429,1780,11244,14440,704,-1629,-454,3512,14608,-1328,-185,-2436,-1040,1889717539
raffles,7184,-8768,16072,424,1149,-817,1284,11516,14696,-349,-1282,-614,3716,14820,-1392,-76,-2083,-902,1204401619
raffles,7160,-8604,15456,1001,1129,-1115,872,11340,14160,-1488,-1227,-726,3760,15064,-1332,34,-1710,-799,3637281180
raffles,7404,-8292,14856,1074,1128,-1220,792,10992,13848,-2218,-1111,-848,3636,14980,-1332,115,-1283,-714,3543925009
raffles,7276,-8256,14184,1089,1186,-1184,716,10520,13568,-2434,-1041,-832,3836,14612,-1212,291,-856,-635,559715512
raffles,7164,-8060,13816,1202,1273,-1122,844,10244,12992,-2197,-884,-767,3916,14288,-1236,486,-660,-598,3134241101
raffles,6916,-8084,13596,1248,1228,-1022,1316,9640,12700,-1654,-871,-677,3584,14104,-1288,706,-724,-555,12125982
raffles,6648,-8016,13800,1051,1091,-882,1352,9332,12712,-1019,-807,-553,3232,14296,-1440,824,-777,-481,2756672257
raffles,6672,-7908,14156,787,833,-656,1584,9312,13096,-402,-653,-428,2940,14600,-1520,770,-753,-361,334079004
raffles,6536,-8192,14072,669,531,-541,1832,9560,13088,-12,-425,-384,2916,14504,-1252,785,-820,-169,2681813403
raffles,6740,-8156,14320,765,224,-524,1728,9724,12892,210,-249,-508,2928,14520,-1168,957,-991,-57,2879483231
raffles,6880,-8160,14532,752,-27,-548,1688,9764,13536,168,-184,-733,2496,15648,-1196,948,-1287,-92,3797393211
raffles,7016,-8340,15192,629,-143,-634,1328,10536,14620,366,-61,-802,2572,17612,-1364,738,-1543,-315,1083620098
raffles,7156,-9488,16088,726,-109,-763,1124,12056,15520,408,-38,-903,1872,18076,-1632,321,-1719,-693,927556888
raffles,7084,-10688,15776,1115,17,-989,1320,13428,15556,-9,-184,-923,1036,17472,-1512,-240,-2633,-593,4291019618
raffles,6876,-10812,15360,1275,76,-1376,1424,13020,13800,-820,-591,-1250,1688,16376,-1192,-632,-3256,-278,488817857
raffles,6756,-10620,14556,854,279,-1785,2212,11832,12904,-1612,-985,-1775,2384,15736,-820,-712,-3192,-198,780467424
raffles,6276,-10320,13532,550,596,-2213,1992,11132,11932,-1821,-1019,-2134,2224,15476,-1044,-888,-3053,-108,3922128298
raffles,5920,-9932,12836,229,938,-2625,2016,10560,12272,-1694,-1305,-2372,2368,15364,-792,-1144,-3026,94,2911137365
raffles,5708,-9412,12876,-554,1300,-2900,1932,10208,11752,-1574,-1447,-2720,2832,15156,-632,-1144,-2778,244,2161581954
raffles,5784,-9108,12652,-1703,1615,-2849,2048,10172,12524,-1187,-1850,-2841,3624,15164,-920,-967,-2482,350,2629083208
raffles,5864,-9004,13164,-2584,1855,-2600,1700,9776,13352,-349,-2316,-2732,3648,15000,-1360,-899,-2263,269,4125129305
raffles,5908,-9192,13884,-3107,1994,-2327,1608,9812,13804,1017,-2852,-2442,3400,15156,-1364,-971,-2184,195,1799958742
raffles,6084,-8880,14568,-3537,1929,-2018,1892,9952,13896,2302,-3153,-2029,3552,15564,-1656,-1119,-2176,110,1094103923
raffles,6160,-8640,15012,-4032,1784,-1633,2236,10628,13592,2997,-3088,-1631,3656,16056,-1884,-1344,-2038,180,3963906888
raffles,6128,-8528,15152,-4094,1553,-1341,2404,11276,13136,2966,-2579,-1292,4056,16132,-1612,-1715,-1804,251,1352569190
raffles,6228,-8296,15040,-3862,1191,-998,2600,11980,12836,2136,-2055,-896,4436,15784,-1512,-2162,-1212,275,2217188608
raffles,6196,-8340,14888,-3285,657,-599,2824,11728,12452,1296,-1376,-547,4688,15040,-1136,-2288,-400,183,3743164176
raffles,6324,-8452,15016,-2489,183,-185,3012,11400,12612,682,-647,-245,4632,13992,-868,-2008,370,57,3794534044
raffles,6180,-8384,15012,-1990,-160,260,2948,10868,12984,344,83,34,4096,13532,-752,-1581,989,38,1525758407
raffles,5996,-8196,15200,-1709,-465,626,2640,10272,13452,296,640,411,3848,13512,-348,-1042,1538,146,1695735809
raffles,5792,-8060,15136,-1325,-642,1039,2584,9892,13960,756,1157,790,4000,13648,-308,-555,1890,353,2278499293
raffles,5620,-8200,14980,-638,-937,1319,2548,10408,13840,964,1464,1289,4360,13544,-412,-165,2280,508,870779855
raffles,5696,-8220,15084,134,-1256,1649,2680,10808,13604,754,1652,1720,4224,13384,-320,396,2658,631,852278225
raffles,5876,-8024,14964,839,-1516,1971,2956,10712,13580,259,2000,2035,4560,13080,-536,1008,2920,794,3880640880
raffles,5884,-7992,14796,1512,-1803,2372,2968,10364,13404,-78,2337,2305,4876,12864,-1000,1609,3322,869,1873110605
raffles,5816,-7880,14728,2327,-2135,2744,2672,10216,13228,-193,2860,2680,5036,13280,-1180,1951,4042,929,2642139292
raffles,5968,-7776,14236,3323,-2488,3032,2336,10132,12768,-443,3305,3141,4776,13784,-1040,2051,4624,1087,775913762
raffles,6184,-7604,13784,4171,-2806,3296,1820,10404,12200,-892,3957,3420,4824,14068,-1264,1897,5266,1257,862985027
raffles,6376,-7728,13440,4600,-3030,3535,1592,10548,11392,-1653,4327,3680,5252,14188,-1336,1790,6058,1199,4127463932
raffles,6536,-7640,13100,4610,-3169,3894,1304,10324,11980,-2129,4659,3841,5636,14788,-1440,1715,7151,984,308168405
raffles,6768,-8224,13284,4340,-3387,4398,1456,10420,12180,-2004,5068,3984,5672,15368,-1676,1774,8104,660,1279017815
raffles,7092,-9068,13736,4156,-3494,4808,936,11176,13048,-1196,4984,4335,5092,16232,-1984,1674,8703,69,1470383038
raffles,7348,-9916,14712,3518,-3409,5226,1280,11632,13812,55,5031,4638,3620,18136,-1224,1271,8657,-615,228139672
raffles,7468,-10684,15660,2744,-3523,5732,1292,12184,15144,1802,4603,5162,2188,19436,-1336,754,7550,-1205,1011916786
raffles,7084,-11368,16260,1919,-3559,6048,1524,13120,15276,3021,4339,5501,1576,18560,-2060,259,5894,-1514,3103181699
raffles,6584,-11504,16304,1523,-3519,6023,1716,13060,14712,3224,4156,5547,1764,16096,-2012,101,5014,-1241,3307678981
raffles,6188,-10284,15324,920,-3223,5720,2476,12828,13268,1943,3847,5327,2888,14668,-1580,60,5238,-642,1471362586
raffles,5912,-9380,14236,8,-2757,5434,2616,11320,13496,871,3590,4830,4284,13624,-700,308,6150,-146,268386939
raffles,5504,-8568,13488,-161,-2091,5134,2252,10024,13728,-20,3503,4847,4560,13656,-284,539,7233,99,2623582987
raffles,5480,-8080,13412,429,-1541,4852,1336,9540,14564,-333,3162,4783,4300,13892,-248,736,7966,56,3737730848
raffles,5616,-7396,13788,915,-1175,4852,1368,9628,14424,-494,2696,5027,3624,14504,-804,907,8172,-58,4203983168
raffles,5820,-7504,14072,1026,-1006,5134,1480,9896,13688,-719,2164,5251,3080,14672,-1128,916,7546,-137,1469883479
raffles,6012,-8072,14316,1174,-1116,5516,1716,9976,13068,-849,2039,5366,3000,14688,-1544,765,6844,-249,1937152459
raffles,6392,-8628,14564,1581,-1478,5722,2076,10444,12372,-612,2344,5513,2828,14436,-1000,676,6564,-193,389540345
raffles,6596,-8988,14372,2286,-2094,5891,2280,10068,12272,279,2662,5703,2832,14444,-660,673,6400,-4,407616767
raffles,6952,-9100,14180,2920,-2730,6060,2424,10540,11608,1308,3717,5849,3284,14552,-684,745,6375,255,1051953868
raffles,7200,-9528,13952,3411,-3396,6200,1848,11792,11132,1649,4605,5995,3608,14436,-532,928,6577,361,3005469498
raffles,7492,-9576,13896,3559,-3958,6294,1464,12516,10960,1180,5362,5905,3464,14368,-200,1251,6754,444,1789907127
raffles,7636,-9508,13756,3565,-4396,6353,1044,12252,11468,474,5900,5764,3204,14132,-416,1524,6597,511,3822743314
raffles,7708,-9160,13432,3685,-4641,6306,536,11620,12216,-203,6373,5477,3256,13952,-604,1735,6338,434,1452525296
raffles,7420,-8752,13448,3816,-4655,6152,16,10784,12800,-533,6290,5320,3248,13864,-444,1836,6122,312,2909170553
raffles,7344,-8328,13188,3757,-4382,5918,-512,9944,13228,-508,5957,5214,3372,13840,-476,1927,6109,254,2250267226
raffles,7168,-8296,13024,3883,-3999,5496,-820,9580,13740,-391,5435,5035,3588,13868,-296,2008,6059,258,4031321291
raffles,7304,-8316,13148,3983,-3487,4982,-520,9440,14144,-165,4956,4658,3648,14076,-192,2118,5913,112,1199399906
raffles,7408,-8424,13548,3516,-2812,4424,-304,10096,14468,-277,4223,4207,4044,14812,-116,2192,5602,-173,3895867818
raffles,7924,-9140,14220,2960,-2343,3960,-52,10624,14888,-477,3462,3624,3864,15724,-516,2462,4999,-451,1628473721
raffles,8288,-9748,15224,2718,-2077,3431,-40,11288,15624,-630,2872,2999,3064,16492,-952,2455,4636,-751,3635735198
raffles,8496,-9856,15696,2444,-1733,2732,-212,11300,16000,-679,2306,2387,1720,17080,-1184,2349,4502,-1130,3558851031
raffles,8184,-9688,14996,2857,-1395,2022,-232,11252,14960,-543,2088,1942,148,17500,-1940,1557,4046,-1263,2169562265
raffles,7644,-9752,14100,3305,-1284,1420,292,11568,13016,-654,1619,1448,-1080,17928,-2420,440,2780,-1097,2847710604
raffles,7356,-9820,13696,2844,-1120,983,668,11748,12076,-811,1345,1028,-1504,18192,-1828,-506,963,-719,1348833093
raffles,7144,-10444,13188,1761,-874,606,1160,11640,12156,-886,1007,626,-992,17644,-1136,-904,-1134,-366,820321584
raffles,7260,-10476,13372,135,-341,206,1204,10544,13544,-479,252,-33,224,15980,-1652,-944,-3029,-176,3487220483
raffles,7048,-10524,13492,-1231,221,-347,856,9784,14928,147,-579,-891,1224,15048,-1648,-595,-4072,-166,3557013310
raffles,6984,-10348,14068,-2210,922,-1220,416,9756,15492,696,-1735,-1839,2096,15232,-1780,-405,-4366,-76,3293429435
raffles,6760,-9860,14036,-2611,1670,-2335,4,9580,15084,1217,-2736,-2482,2628,16112,-1636,-771,-4476,106,2379966205
raffles,6896,-8984,13900,-3090,2339,-3246,-400,9876,14072,1480,-3749,-2957,3012,16760,-1032,-1412,-4301,206,2881405390
raffles,7116,-8524,13264,-3992,2857,-3761,-244,10200,13248,1333,-4559,-3400,2820,16560,-424,-1961,-4087,231,1578556645
raffles,7356,-8492,13152,-4694,3237,-4112,44,10564,12936,1150,-5022,-3836,2176,15456,-424,-2126,-4472,223,310031354
raffles,7392,-8592,13284,-4860,3486,-4315,452,11080,12692,890,-5315,-4018,1972,14252,-532,-1877,-5073,182,3547936774
raffles,7488,-8848,13620,-4482,3498,-4451,904,11040,12496,635,-5131,-4200,2180,13400,-880,-1542,-5693,140,1668407675
raffles,7328,-8848,14064,-4011,3403,-4560,1308,11176,12364,593,-4758,-4290,2732,13296,-996,-1375,-6200,201,3880213035
raffles,7208,-8764,14436,-3735,3222,-4600,1344,11040,12556,431,-4334,-4223,3296,13616,-436,-1179,-6305,254,479013184
raffles,7068,-8512,14436,-3324,2816,-4642,1428,10496,12668,269,-3959,-4202,3316,13824,12,-994,-6135,331,3687321959
raffles,6980,-8160,14472,-2798,2373,-4632,1384,9740,12756,524,-3548,-4322,3160,13760,-40,-848,-6118,396,2536734131
raffles,7012,-8296,14016,-2055,1877,-4697,1388,9704,12868,697,-3200,-4539,2880,13780,-512,-773,-6451,407,4012414527
raffles,6940,-8372,13656,-1152,1475,-4972,1216,10324,12588,571,-2897,-4887,2628,13824,-748,-750,-6866,408,3204345465
raffles,6868,-8480,13284,-518,1229,-5254,888,10692,12092,-116,-2788,-5190,2664,14196,-980,-711,-7108,409,1587389255
raffles,7196,-8508,13352,-532,1166,-5459,800,10732,12124,-691,-2670,-5483,3064,14684,-828,-784,-7263,369,2746239143
raffles,7476,-9084,13448,-895,1322,-5681,320,11056,12808,-887,-2574,-5695,3084,15048,-968,-866,-7270,221,2085103575
raffles,7616,-9624,13364,-1200,1700,-6003,-4,11568,13476,-867,-2836,-5812,2872,14920,-836,-815,-7280,53,4244725810
raffles,7688,-9340,14016,-1699,2218,-6336,-12,11500,14044,-899,-3478,-5978,2388,14572,-1456,-629,-7382,22,2302219130
raffles,7548,-9104,14164,-2307,2830,-6577,-8,10716,14944,-751,-4276,-6172,2084,14708,-1660,-202,-7812,180,339411329
raffles,7196,-8796,14252,-2807,3522,-6734,76,10476,15740,-760,-5143,-6548,2316,15760,-1848,129,-8491,302,3929350352
raffles,7228,-8844,14840,-3164,4034,-6856,420,10552,15924,-327,-5799,-6940,2516,17968,-2472,-156,-9039,57,3194866438
raffles,6980,-10276,15500,-2623,4326,-7289,656,11660,15776,323,-6313,-7047,1644,19568,-2848,-932,-9797,-275,848630489
raffles,6860,-11264,15776,-2107,4491,-7998,1196,13076,14688,356,-6669,-7289,1196,19456,-2816,-1976,-10669,-349,952406607
raffles,6692,-11228,15896,-2388,4570,-8638,1808,13008,13376,-337,-6972,-7554,1612,17416,-2508,-2564,-11657,-121,2654672651
raffles,6744,-10236,14772,-3627,4666,-9006,1792,11704,12384,-971,-6983,-8119,2156,15744,-2376,-2437,-12087,391,3891125727
raffles,6732,-9592,13452,-4968,4864,-9118,1500,10832,12228,-1316,-7207,-8731,3488,15000,-2704,-2309,-11870,859,956553480
raffles,6488,-9428,13140,-5590,5129,-9272,1088,10828,12076,-1107,-7046,-8858,4640,14920,-2836,-2378,-10939,1100,1730937933
raffles,6104,-9240,13356,-5861,5228,-9394,564,11052,12256,-994,-7142,-8765,5480,14796,-2532,-2624,-9737,1167,2800823067
raffles,6256,-8580,13444,-6409,5215,-9167,780,10788,12328,-682,-7214,-8514,5704,14148,-1712,-2732,-8392,1123,1770099186
raffles,6292,-7912,13488,-7108,5127,-8585,1476,10084,12188,-172,-7294,-7997,5552,13408,-948,-2574,-7437,961,1179906346
raffles,6164,-7424,13588,-7474,4968,-7785,1900,9180,12384,1211,-7115,-7386,5164,12720,-832,-2225,-6999,911,399206386
raffles,5924,-7456,13912,-6756,4568,-7052,2396,9276,12424,2488,-6518,-6678,4820,12364,-736,-1742,-6697,820,1330763445
raffles,5704,-7428,14388,-5529,3899,-6331,3100,9792,11828,3301,-5736,-5901,4768,12656,-876,-1447,-6336,591,1515255870
raffles,5704,-7712,14632,-4221,3082,-5595,3472,11088,11876,3291,-4630,-5260,4684,13576,-876,-1248,-6105,279,2608964968
raffles,5764,-8172,15084,-3089,2278,-4899,3720,12348,11808,2251,-3429,-4677,4448,14804,-856,-1046,-5922,69,2734344994
raffles,5876,-8752,15296,-2165,1483,-4214,4060,12468,12392,1142,-2385,-4129,4288,15476,-940,-953,-5801,-21,3659243231
raffles,6028,-9392,15392,-1185,857,-3678,3584,12576,13148,380,-1513,-3696,4256,15640,-1080,-872,-5664,-73,2546576782
raffles,6292,-9736,15540,-215,454,-3340,3040,12112,13876,47,-1020,-3360,4236,14868,-1016,-772,-5382,-81,48998701
raffles,6204,-9524,15260,350,293,-3147,2384,11384,13900,-95,-792,-3213,4344,14084,-872,-516,-4856,-44,2166683299
raffles,6184,-9052,14632,154,408,-3014,1908,10900,14036,-337,-966,-2947,4664,14036,-1124,-225,-4103,11,2393542181
raffles,6052,-8696,14012,-236,813,-2923,1596,10632,13968,-535,-1298,-2773,4700,14560,-1220,61,-3384,101,3446705362
raffles,5988,-8328,14032,-415,1306,-2880,1420,10924,14096,-883,-1721,-2547,4832,14900,-1092,281,-2738,126,3376150878
raffles,6080,-8452,13980,-407,1704,-2773,1584,10796,13912,-1162,-2000,-2328,4076,14772,-1096,334,-2227,66,2369054436
raffles,6332,-8452,14092,-154,1895,-2604,1820,10664,13776,-1197,-2180,-1945,3740,14128,-904,397,-2070,159,2553585548
raffles,6236,-8488,14476,-48,1921,-2374,2136,10400,13216,-1153,-2194,-1655,3700,13204,-1208,628,-2062,343,326477681
raffles,6264,-8036,14256,23,1712,-2116,2308,10124,12532,-1151,-2027,-1456,4620,12664,-1404,1042,-1798,544,1961013659
raffles,6416,-7404,14444,-109,1475,-1721,2548,9876,12404,-1291,-1561,-1278,5128,13036,-980,1669,-1045,499,1198923899
raffles,6596,-7452,14596,282,1022,-1215,2556,9964,13116,-1205,-856,-945,5152,14480,-1476,2253,-238,347,3421571352
raffles,6872,-7904,15396,1006,649,-717,2160,11148,13916,-820,10,-569,4332,17008,-1616,2156,385,-113,3753916092
raffles,6980,-9368,16212,1766,288,-300,2068,12940,14696,-520,716,-70,3444,18932,-1760,1620,778,-512,4182303934
raffles,6964,-10520,16288,2508,-154,128,2204,14160,14512,-701,873,522,2704,18820,-1680,745,210,-680,786360993
raffles,6556,-11076,15308,3020,-589,444,2772,13740,13040,-1240,896,866,2504,17488,-1348,-79,-677,-570,2563571676
raffles,6180,-10580,14208,2931,-943,754,3076,12132,11764,-1533,882,1091,3092,15568,-844,-243,-692,-281,3730152305
raffles,5732,-10268,13212,2110,-1107,1073,3416,10732,10960,-1250,1012,1065,4116,14392,-604,-248,-91,63,2219491762
raffles,5524,-9880,12468,977,-993,1241,3312,10132,10720,-635,1167,1031,5004,14156,-892,-222,952,405,4216588371
raffles,5416,-9616,12348,174,-723,1186,2988,10524,11196,-92,1634,915,5620,14408,-1144,-127,2432,586,1431825199
raffles,5584,-9272,12744,-393,-383,1132,2200,10864,12256,-75,1409,1035,5756,14600,-1296,-90,3812,660,2672237072
raffles,5836,-8536,13780,-1272,-221,1466,1968,10612,13428,155,1053,1303,5448,14824,-1180,-27,4825,498,3322073812
raffles,6040,-8108,14628,-2385,-173,2182,1944,10360,14284,838,617,1967,4564,14816,-704,240,5217,194,2148181386
raffles,6448,-7928,15352,-2962,-351,3132,2144,10636,14852,1959,560,2728,3956,14780,-932,562,5218,-59,1189977883
raffles,6344,-8196,16212,-2978,-723,4019,2608,11100,14460,2924,781,3549,3868,14780,-1268,885,5126,-278,4133950418
raffles,6216,-8460,16480,-1947,-1314,4695,3360,11388,13928,3525,1623,4368,4288,15268,-1308,1157,5111,-372,4253420506
raffles,5868,-8512,16340,-290,-2075,5173,3668,11876,13320,3365,2820,5002,4576,15540,-1332,1337,5427,-376,3199237318
raffles,5812,-8800,15560,1812,-2868,5583,3644,12256,12768,2249,3957,5382,4144,15840,-1656,1287,5792,-539,4172124510
raffles,5788,-9388,14900,3828,-3541,5854,3240,12472,12588,786,4795,5381,3272,16168,-1528,791,5941,-712,50581867
raffles,6004,-9900,14660,5027,-4023,5903,2984,11796,12284,-342,5342,5127,2032,15576,-1320,468,5440,-768,4069540465
raffles,6192,-9888,14436,5393,-4230,5773,2328,10896,12728,-662,5517,4988,1528,14820,-1264,370,4720,-557,3500420498
raffles,6248,-9680,13936,5120,-4242,5480,1592,10000,12880,-430,5496,4788,1992,13812,-1428,526,4053,24,3991901239
raffles,6512,-9048,13424,4357,-4036,5165,984,9644,12772,178,5261,4441,3244,13600,-1752,801,4003,583,1079583963
raffles,6892,-8840,13092,3698,-3661,4815,268,9852,13160,629,4861,4236,4732,14116,-1488,1034,4751,866,4130510916
raffles,7420,-8836,13244,3187,-3189,4518,-192,10972,13580,597,4366,4036,5140,14512,-1376,1130,5509,830,1786851959
raffles,7776,-8648,13576,2508,-2626,4293,-584,11744,14100,-53,3725,3855,4528,14688,-1288,1145,6032,663,1460154855
raffles,7848,-8400,13768,1751,-2186,4275,-372,11272,13548,-625,3219,3776,3800,14812,-1468,1145,6034,514,29386670
raffles,7720,-8076,13632,1306,-1905,4335,-120,10564,13308,-504,2896,3906,3608,14796,-1612,1244,5642,506,2379033392
raffles,7468,-8364,13820,1380,-1816,4385,316,10772,13284,-27,2849,4131,3804,14684,-1668,1271,5233,506,1316754323
raffles,7248,-8744,13896,2130,-1994,4308,912,11156,12772,95,3040,4221,4248,14472,-1772,1159,5213,414,1838772222
raffles,7160,-8940,13788,2962,-2193,4163,1268,11136,11764,-267,3276,4335,4488,14224,-1632,828,5748,284,790180964
raffles,7048,-8680,13332,3317,-2538,4176,1628,11208,11016,-741,3992,4119,4524,13988,-1224,688,6442,177,1002866551
raffles,6856,-8372,12888,3030,-2737,4334,1448,10732,11020,-1101,4205,4149,4228,13612,-724,714,6848,119,2610158130
