runningman,-5464,-5200,3696,9106,2709,-2495,-3564,204,8,1994,-3179,1267,-796,2920,5892,-2059,-5204,1747,1517114704
runningman,-7084,-4384,2960,6764,-120,-3128,-5964,1632,-1672,3559,-1782,1417,-1032,3348,3384,632,-4817,1994,1432485865
runningman,-7848,-4000,488,2373,1016,-4489,-8908,468,-2388,6872,-1782,2337,-1996,4472,2028,1775,-4542,2293,2868484342
runningman,-12296,-2732,-1028,-4207,454,-8291,-14164,1100,-2888,11931,-3733,1937,-3152,8048,1796,1495,-5296,2787,2991538863
runningman,-21272,-7372,512,-5308,-739,-2344,-15988,2832,-2388,14702,-5067,1392,-1596,12536,3492,2506,-6209,2996,3896004084
runningman,-15408,-4780,-884,-5105,-1614,-2546,-16268,4376,-1416,13994,-3647,1748,884,21696,-1776,2428,-8290,3329,1613123678
runningman,-17996,-4532,528,-2776,1538,-4932,-17520,7504,1556,6349,-968,1971,4568,31568,-4588,-2461,-9581,3191,525378259
runningman,-17796,-7852,1600,5403,1454,-3408,-16648,7728,396,-3027,169,2601,11504,32767,-456,-8686,-8459,3131,3031044082
runningman,-17112,-3148,-736,11784,5987,-7431,-18060,5632,-3284,-7078,1294,4390,17680,31316,7840,-11551,-6749,2767,1019328757
runningman,-25464,-36,-2508,12394,7280,-9280,-25656,1720,-6728,-6024,1064,6621,17476,27868,7048,-7329,-5486,1559,959773306
runningman,-32768,628,-2520,13154,7697,-8579,-32768,124,-5860,-3471,-1135,6855,14604,28832,3376,-3797,-3495,159,3713576358
runningman,-32768,-1000,-3152,12075,4088,-1336,-32768,-1680,-748,-1811,-1723,4083,14596,32240,116,-2754,-1185,-599,2599132014
runningman,-32768,-4048,-2564,12639,1826,5248,-31660,2260,-8,-988,-4746,-2742,11768,25556,-692,-3642,1170,-1965,3981904457
runningman,-24404,-6048,-4016,13028,-1010,10778,-13932,3304,1956,-1045,-2096,-6080,6152,16960,-352,-3625,2665,-2702,465156695
runningman,-10112,-7064,-2940,12923,-613,14583,-4452,11316,5316,-632,-865,-10595,2188,9328,1476,-5229,3281,-3060,1486846695
runningman,9976,-4372,-1620,11878,53,12531,12444,752,2312,1234,4008,5318,2492,3176,3516,-7584,2238,-3593,1891374278
runningman,11700,-4720,-1972,7147,2496,5583,-1100,6356,5844,-995,5925,5961,-48,-1332,2096,-8767,2815,-2825,2948208025
runningman,-2476,-3872,-1028,4429,2665,-1695,-2416,68,532,-579,3721,10195,-3812,-1992,1328,-10786,2698,-625,727547315
runningman,-9980,-8976,2988,3798,1442,-422,-6924,4608,2560,-3989,2388,10047,496,-1084,2692,-12304,2570,-82,3416934234
runningman,-9740,-2368,4412,8808,2832,-7772,-7168,4244,2420,-7077,-1202,11174,504,-2084,9292,-11099,-99,-899,112882243
runningman,-9044,-3300,3652,7138,3421,-9747,-10328,4424,1748,-5693,-2012,9268,-12,-2008,12996,-4899,-4038,-1526,300696827
runningman,-11716,-2328,1852,2453,1518,-10533,-15272,3428,-2832,-5572,-5386,8332,572,-2092,7184,2012,-3088,-2110,493567119
runningman,-11684,-2360,-2744,-953,6069,-13039,-19472,1048,-3804,-850,-4980,6321,-2916,2368,3588,5711,-150,-917,1833660261
runningman,-17400,2220,-2896,-10468,-2441,-10329,-21308,1032,-4260,3016,-3982,4413,-2780,3092,3664,9648,1074,1065,957073849
runningman,-24656,180,1260,-8595,836,-7856,-22144,972,-1920,6486,-2821,3723,2924,4192,-172,12490,-622,3031,2882183015
runningman,-30520,4944,2992,-17774,-3186,-3629,-23372,3672,-504,6684,892,2093,8880,12916,-4080,12830,-3836,3822,1796511676
runningman,-28708,-4040,-728,-14756,-2863,8443,-23536,3236,224,6295,4229,1501,27896,32767,5896,15464,-9643,4884,686656794
runningman,-26992,-3052,-3876,-18201,-6260,13748,-21724,4032,1252,4934,5887,110,32767,32767,-4524,14745,1908,-55,2935370426
runningman,-31324,-10640,-2708,-16071,-10824,23164,-17724,5532,1048,2446,5977,-1319,6188,32767,-212,-2528,7269,-7267,863657782
runningman,-19828,-9812,-4584,-8871,-11202,21820,-15804,7116,-760,-872,4926,-2817,5580,21556,4900,-905,2313,-5514,3103888535
runningman,-18652,-5280,-1240,-5333,-6885,12901,-15452,7120,-2128,-3619,2364,-3617,1476,8864,3616,2033,2732,-5998,2024609345
runningman,-15460,-9812,1020,3988,-2315,12018,-13608,5136,-376,-5479,-924,-4087,-1916,5300,2364,5383,3475,-4498,365395859
runningman,-8592,-6960,1808,9838,-1102,6448,-10408,1484,-4352,-6169,-2383,-3410,-3068,2760,0,8259,3650,-3730,671266740
runningman,-2536,-3144,968,8646,4678,-1617,-3956,2556,-3748,-8833,-4527,-350,-4224,1224,-3956,7426,1979,-2168,3981272238
runningman,-6024,-6376,2804,7376,4235,-1507,-5632,4444,164,-7370,1654,1142,-2096,1796,-5636,4170,825,-367,1545595110
runningman,-3396,-6712,440,5796,2639,-877,-7024,1356,1524,-5161,2167,4081,932,5080,-5212,1007,1025,1154,4135319815
runningman,-5724,-7552,2252,3560,1050,-715,-8312,2412,3164,-2920,2769,4744,6776,5620,-4052,-1930,3691,1847,314117150
runningman,-3796,-4180,996,787,-660,-2244,-6188,1492,1688,-923,2979,6509,9772,8196,-1344,-3474,7609,1358,4120844912
runningman,-7428,-5620,2932,-3869,-244,-3683,-6720,1928,-372,653,5047,7838,8648,9296,9008,-2640,6559,401,3460397958
runningman,-11236,-3976,1932,-7453,-2662,-4798,-10448,2868,-812,1005,4947,7220,3364,12348,7104,805,6843,-421,312181666
runningman,-16300,-712,40,-9702,-3549,-7938,-17936,3172,704,-392,3404,5653,-3188,25888,3164,1469,7849,380,1194156852
runningman,-23972,3868,-1268,-21925,-7485,-10360,-24372,1348,-2240,-3358,200,2953,-3860,32767,-3328,-3219,9078,1105,1571716353
runningman,-26180,2576,-2796,-26475,-7224,-13254,-26924,-252,-4480,-5316,-321,-6,-632,32767,4600,-3097,8021,122,3034415063
runningman,-32768,-6160,1600,-20054,-5157,-4221,-30300,-520,-5784,-6095,-546,-3975,524,32767,2856,-3487,5903,-1573,2755879447
runningman,-32768,-6036,760,-12954,-3033,-872,-31344,196,-6168,-5828,-948,-8759,-1508,27028,1812,-2266,1745,-1810,651331697
runningman,-32128,-8028,164,-7752,-1074,7248,-28792,388,-4688,-4282,-1679,-13077,-564,19480,1920,-1016,1765,-982,2338984622
runningman,-17304,-9372,-552,-1779,684,12235,-18248,2040,-1476,-2884,-2264,-16363,2288,12176,1040,-544,3220,-140,675691161
runningman,-1184,-9416,2608,7378,4240,13725,-1680,4564,1684,-2156,-3270,-17349,2724,5532,3236,-905,2797,248,3048215529
runningman,10812,-7804,4032,8532,-632,11068,6812,11420,1948,-5475,-2575,-16115,2112,1412,4948,-1903,549,-1034,82049009
runningman,10792,-6904,3472,14260,6420,2942,7992,3020,-796,-2822,6795,-2838,3188,-3476,988,-6482,-1927,-4399,3666965174
runningman,-1388,-8668,3888,14596,7455,1068,-4816,2496,-1688,-99,4074,1320,-5012,-624,-816,-10257,-1780,-6219,4087268875
runningman,-3772,-3568,2284,13887,4002,-4303,-9180,1868,-3168,1282,1864,4141,-10712,4508,4004,-11584,-3221,-2783,2462634175
runningman,-7952,-2160,1176,16227,9500,-10591,-13756,1684,-3252,3333,513,5112,-3784,3408,8456,-8207,-5305,1644,3694306077
runningman,-18728,-12200,-2832,13799,-2601,-3668,-18028,2228,-2344,2542,-789,4954,1932,4968,7376,-4774,-6491,3511,3254291456
runningman,-19256,-4968,-984,10402,-2150,-8911,-22664,1368,-652,1663,-27,3362,5768,8388,8276,916,-4953,3001,4182644101
runningman,-29160,-2320,1884,4744,-4663,-6038,-24808,1672,-744,138,1042,404,4276,14472,7508,7888,-1385,2049,2149114900
runningman,-27012,-1628,-1464,-5143,-7376,243,-24180,688,-1404,-343,2475,-1561,-228,21608,3936,11428,2371,1058,3962896545
runningman,-24956,-4304,-1200,-12903,-7011,2876,-24160,648,-968,69,2943,-3855,528,32767,-1348,10218,3618,3300,2977352115
runningman,-26072,-2168,-792,-18824,-7878,4859,-23852,604,-1228,1573,2454,-6220,3416,32767,-4032,4277,398,2956,259557913
runningman,-23100,-2620,-300,-24959,-6201,4349,-22152,2208,-2424,3162,655,-8674,2936,32767,1208,798,-2698,1792,1648101994
runningman,-18404,-800,888,-28522,-4280,1471,-19540,2468,-2368,4960,-834,-9173,2080,20952,324,356,-5059,892,1756779152
runningman,-14180,-7924,1876,-15990,3341,981,-18140,3400,-1408,5580,-2151,-9791,1016,14656,1852,790,-4161,819,1962668786
runningman,-13472,-7928,1128,-4712,6609,678,-17128,4888,548,4166,-4164,-10599,816,11540,1908,1153,-2884,1818,2967457783
runningman,-11464,-6356,-528,6160,9604,-4197,-12940,4452,1436,1458,-4116,-9828,1728,9828,1744,900,-2126,2675,3959456038
runningman,-14124,-13532,956,17550,10108,-493,-9272,4364,1080,-318,-3146,-8078,2836,8616,2168,356,-2387,2843,2542355241
runningman,-8748,-8624,820,29528,6436,-62,-7740,5928,1932,-891,-3355,-7031,1400,8280,3084,-688,-2586,2467,594164067
runningman,-6736,-5780,720,32767,5101,-2553,-2588,1752,1324,17,-279,-921,476,6512,4312,-1096,-3556,1771,2908704475
runningman,-6648,-4368,2048,32767,5162,-3488,-6556,4752,824,1423,-1807,-520,1568,4868,3744,-25,-3921,768,44708088
runningman,-7572,-2656,1676,29950,1540,-3079,-6272,1992,1008,3572,-2295,1940,-108,4228,1348,1054,-4330,117,794936131
runningman,-5552,-592,1264,24222,2803,-5920,-7916,2868,872,5328,-3087,2629,-2404,3752,824,1723,-5300,348,1735267501
runningman,-10024,-3032,1644,20683,-659,-4086,-6792,2020,296,6673,-2733,4570,-3324,4120,420,2539,-6295,1145,2206713755
runningman,-7584,2092,1460,15467,-4950,-2553,-9404,2268,-1052,10388,-3340,5629,-1692,3868,-1872,3375,-5928,2085,55245030
runningman,-9444,5824,2036,-1317,-5643,-2348,-13040,2808,-1972,12763,-4031,6398,1648,7720,-5404,2046,-5143,2521,1231913207
runningman,-15708,-2552,1232,-5836,-2597,-5948,-17464,2432,-1012,13805,-3595,7254,7144,20492,-808,-727,-6411,2435,2270095641
runningman,-22872,-528,1352,-5994,-1428,-6877,-20836,3156,116,10714,-1944,7658,14152,32767,8760,323,-7683,3994,3395113323
runningman,-26672,272,172,-10166,187,-6512,-25968,2316,-1192,6480,-307,7857,21032,32767,8672,-3855,-2106,4460,2009932811
runningman,-32768,-2476,-340,-13760,3531,-3592,-31752,2232,-3560,2819,1062,6315,18716,32767,228,-8824,-1228,825,2726874750
runningman,-32768,-3280,-1364,-14341,3867,-711,-32768,1512,-4092,574,1403,3655,13412,29400,7464,-6696,-893,-506,593080710
runningman,-32768,-5612,-2664,-14014,2197,6349,-32768,2748,-3440,-501,-100,-1105,10256,23252,3956,-3613,-701,-1879,107406300
runningman,-32768,-7968,-3728,-7962,-1144,13048,-30648,3108,-832,-2054,-1508,-5527,5924,21392,4960,-1508,-61,-2863,3515451229
runningman,-31308,-5840,-3956,-196,-5346,14591,-20316,5008,-376,-5403,-1810,-8794,3620,19448,3332,-1394,-632,-2865,3291152858
runningman,-18916,-10332,-2748,11292,-2617,12959,-13984,11124,2652,-10324,-699,-12088,4188,13148,2616,-1620,-1617,-2841,324584059
runningman,-4688,-6776,-1076,19476,-2129,11211,688,-1252,3112,-11140,4772,437,1724,8084,3328,-1255,-2840,-3044,1705412041
runningman,7872,-5688,-208,21149,-3124,7665,-1600,3684,5328,-9151,2422,907,-464,3324,3868,129,-3542,-2732,1348684832
runningman,12028,-5992,-1812,20927,-2714,1943,4528,312,3496,-4169,1945,4546,-1188,296,248,-757,-3636,-1066,2768275677
runningman,4816,-2612,788,15298,-171,-3633,-480,2756,3740,-1111,621,6585,536,-1056,-3988,-2720,416,-140,293208712
runningman,-1140,-3568,1224,9766,-930,-6196,960,4060,1608,821,3488,9176,-1052,-1256,-3332,-6512,4598,1299,1352230250
runningman,-3892,-3296,2212,7418,1229,-8076,-5196,2916,2968,2709,509,10943,940,-1012,388,-8071,4270,1580,2479775622
runningman,-5764,-2940,2536,4557,738,-8814,-5976,3700,2216,942,-2542,11383,1924,-1184,2600,-6959,3791,1269,501602495
runningman,-5380,-232,852,-2905,-290,-10541,-9660,2600,1508,292,-2815,12302,2664,-1628,4408,-5615,2316,260,3347925642
runningman,-8968,1612,-928,-12406,363,-12345,-15152,1144,-1432,1553,-2043,12208,2580,-2824,8104,-3880,-2030,-818,1185040761
runningman,-19236,-2448,252,-14162,2637,-9575,-22972,1012,-940,4336,-2283,9792,5668,1224,5128,2355,-873,-651,1088818298
runningman,-26216,828,-264,-15757,-665,-5423,-23792,2288,-1700,7315,-4131,4392,7720,2300,2512,7952,4659,-1085,1694310582
runningman,-28988,2424,-532,-18056,-1107,-2507,-19116,4080,-872,7441,-1878,1519,10268,10828,4492,11849,4015,-993,2181320796
runningman,-31852,-1492,-1040,-16275,267,2688,-21816,5208,-628,6687,1927,-751,13788,32767,3668,15108,-7191,3201,3038822093
runningman,-32736,-3664,-2204,-12414,-888,9246,-23400,5848,260,3911,4773,-3110,24164,32767,-3128,23265,-6500,5333,2145415186
runningman,-32768,-6176,-2700,-13097,-2694,13993,-21324,6628,1156,-572,6553,-5280,10048,32767,-2244,2404,8421,-5110,3022489133
runningman,-24348,-7068,-3164,-12069,-2619,11605,-17248,8012,1428,-5664,8136,-6992,2752,30900,-144,-605,2626,-7131,2001823954
runningman,-26136,-13764,-760,-6635,-2988,19089,-16300,6300,-420,-6598,5727,-7205,3320,15332,1696,-1595,1964,-5780,3124104126
runningman,-11016,-12788,20,4530,-3474,20490,-16224,7336,-60,-4962,494,-9411,364,8612,3384,834,1057,-4136,3551184810
runningman,-10052,-6464,1712,11065,-920,13800,-12140,4212,-244,-4295,-1621,-6788,-884,4456,2612,5382,1255,-3972,2673535600
runningman,-8444,-5060,3720,15076,3874,9665,-11476,6156,2100,-5620,-4271,-6723,-3980,572,980,8807,1079,-3112,2747502424
runningman,-3980,-6876,3240,17426,5430,7579,-4112,3096,-716,-6587,-2398,-593,-5376,-840,-504,9490,-1331,-1254,4195995281
runningman,-3392,-8772,4064,17024,4319,5555,-5368,4928,2332,-1848,2295,1588,-288,-348,-1924,8707,-1345,313,71985383
runningman,-3088,-5896,4152,15624,3213,1817,-5848,3436,2832,1378,2948,4864,3080,2156,-7116,5663,-534,1666,2389514705
runningman,-4000,-4824,3224,6687,1500,-554,-6104,3796,1852,4097,3548,6922,11244,3172,-11792,-1441,3092,1129,370434433
runningman,-5748,-3756,3448,-1325,1991,-4965,-7560,5576,1576,2629,4715,8067,12764,5028,-6984,-3750,10257,-192,1937297171
runningman,-12188,-3468,3568,-9030,176,-7158,-9964,4612,1012,-1124,5995,9547,10200,11552,-3988,-4369,14642,-1838,848474875
runningman,-18308,-2752,-56,-15659,-2883,-8468,-18512,3920,-1880,-3744,4988,9007,-6292,32767,22440,-3969,9947,-1137,3122800121
runningman,-29196,596,-1236,-21783,-6999,-10463,-26940,2660,-4608,-4262,2221,6548,1508,32767,2248,2243,6704,1670,1466101328
runningman,-32768,5284,-5696,-32768,-10546,-14586,-31992,2428,-5072,-6627,-345,3140,856,32767,-5484,-3188,16964,-583,3397508064
runningman,-32768,-5832,1004,-26657,-7969,-9354,-30388,2096,-4676,-10743,508,-846,1932,32767,3124,-8170,9904,-1518,4241552376
runningman,-30032,292,2124,-21760,-8468,-7892,-30000,1252,-4536,-12429,-219,-4408,-4928,26576,2828,-5458,3305,-1514,75715745
runningman,-30756,116,-1608,-26491,-9882,-6614,-27124,1036,-5252,-12256,404,-7680,-3520,21196,4092,-1477,3880,-789,980712600
runningman,-25072,-13536,-1804,-18622,-1177,3842,-23880,-1408,-4512,-7755,-825,-9513,572,18512,2080,192,3863,559,2617844704
runningman,-14944,-5992,-2656,-1790,1620,-167,-16736,148,-252,-4628,678,-10621,4048,15396,1292,-387,4777,510,1447801214
runningman,-16292,-9052,1084,7000,8328,7614,-10004,2420,2372,-3426,2454,-10127,2412,11976,1824,-1355,4826,-991,2375822095
runningman,-5144,-6204,388,12323,1477,7732,-3680,4768,3216,-3234,3342,-8373,804,5448,4368,-2534,4508,-2582,3418872708
runningman,6724,-4196,2300,14883,4546,-449,2756,3632,1320,-976,1888,-2899,460,2248,4192,-3722,971,-3787,3957833172
runningman,2844,-9200,4292,15398,-69,485,2912,3608,-1420,53,1208,1523,-956,-172,1228,-4266,-170,-4409,765705842
runningman,4272,-4660,3988,17944,4764,-3763,-2088,1684,-1880,429,554,5072,-3436,-960,1852,-4869,-469,-3521,1317480054
runningman,-3736,-4788,3532,12710,2009,-4399,-6532,768,-672,2085,493,7241,-5148,76,1648,-4489,-2725,-1438,419265043
runningman,-4640,-2240,1952,7391,2650,-7165,-10292,400,-236,3283,-1781,8173,-2052,-876,352,-3774,-3659,-148,3781689151
runningman,-11688,-3132,1480,1477,-2911,-6868,-12436,-132,-152,5269,-2969,7483,-284,216,1160,-4190,-2733,663,3931163473
runningman,-13840,-1696,256,-3557,-3328,-8218,-14736,136,-1896,7588,-1795,5712,-1212,4244,4860,-3288,-3599,1604,2028163092
runningman,-22972,-5560,1356,-4088,-5019,-4165,-18784,652,-3636,10057,238,3577,-460,6736,6860,-652,-5613,1587,331886935
runningman,-24804,-3792,444,-4714,-6958,-908,-22968,1428,-3412,10225,1764,820,992,21980,7472,5392,-3227,907,2183188074
runningman,-25404,-2104,136,-9014,-8555,384,-25676,2056,-2244,7472,1728,-2059,616,32767,5896,11068,1807,4314,3907351819
runningman,-23436,-3940,180,-10145,-6166,1811,-24460,2500,-1868,3963,1304,-5433,7056,32767,-5288,5772,2898,4106,3361555710
runningman,-21916,-6160,1764,-7875,-3845,4858,-21732,3184,-2436,1606,990,-8227,6764,32680,2364,-610,-1619,1383,2821454723
runningman,-14680,-3620,2556,-7827,-3088,1169,-20432,3176,-1960,1431,-589,-10772,544,19380,2488,979,-2296,695,4588857
runningman,-19332,-8612,1320,-8951,376,5019,-17200,4492,-1924,1429,-2351,-13273,-2716,11328,3152,2967,-1205,1504,3303389686
runningman,-12296,-4688,1408,-3175,2239,2825,-14236,5760,-944,-624,-4104,-14422,-2392,9136,1776,3304,-1221,2540,751313199
runningman,-14028,-8388,-124,271,7029,4538,-11996,5544,1404,-4017,-3703,-13512,-500,7672,760,2453,-1816,3374,154491057
runningman,-12140,-14044,768,8829,7300,8043,-10604,4408,2984,-6645,-3649,-11711,1744,7928,1068,1313,-2259,3266,923311349
runningman,-7476,-9800,416,19492,1569,4021,-3056,1676,940,-6359,-1209,-6243,2628,6828,856,693,-3511,2124,4245501949
runningman,-5580,-6560,1100,21297,2763,-3534,-6424,4012,1252,-1326,-1874,-4887,784,5560,804,263,-3582,765,1787704271
runningman,-5316,-5224,1184,23285,3813,-7399,-4228,2352,668,3745,-2813,-876,-1468,5260,2092,-142,-4561,-148,82874431
runningman,-7916,-2848,2176,21259,5369,-10206,-8256,3060,-424,8569,-3632,2160,-2028,7000,-512,19,-6329,50,2439483195
runningman,-11796,-836,752,13686,2422,-12325,-12668,2536,-1624,11606,-3291,5604,-1464,9640,-1496,-82,-8546,527,2944324365
runningman,-15936,-1064,1540,5385,1598,-13868,-17824,1088,-1152,15047,-3780,7968,1244,16276,-1484,-2443,-10884,1308,321256752
runningman,-18036,-828,1184,-1289,-518,-12722,-17176,2220,-260,16479,-4569,8761,6956,24956,2580,-3942,-10579,1753,1507786704
runningman,-18492,-1408,176,-4655,246,-10835,-17452,2908,-976,16921,-3343,9406,10620,32767,5932,-6061,-7447,2495,723940685
runningman,-24076,200,-696,-8095,-335,-8087,-20776,3388,-2588,15777,-1463,9038,14544,32767,6156,-6652,-6697,1609,2586048956
runningman,-30160,-816,-1848,-10799,-990,-3402,-27604,2972,-4372,13615,-80,8437,12548,32652,6392,-5413,-7126,-509,387395833
runningman,-32768,-2656,-1724,-11977,-1578,1667,-32768,2576,-4384,10571,-471,5717,9220,29500,5492,-3447,-6049,-2121,1238974941
runningman,-32768,-5416,-2376,-9110,-1143,7356,-32768,2168,-3584,7038,-2358,1957,8188,26672,2980,-2546,-4662,-3257,2470128536
runningman,-31244,-8476,-1400,-2846,-103,12435,-28364,3580,-1564,3421,-2687,-2421,7916,24028,2780,-2181,-4185,-3497,260444129
runningman,-21744,-9620,-2892,4088,-616,14364,-17596,5164,-792,110,-2374,-5326,6556,18444,2236,-1461,-3503,-3060,1051092321
runningman,-11792,-9408,-1636,19726,7182,11218,-8560,8696,-512,-2875,643,-5083,3460,10912,1752,-1011,-2694,-2746,2920351766
runningman,-8000,-6808,484,23121,4249,11791,-8176,12192,2556,-7724,821,-7309,1348,5952,2484,-1894,-3161,-2679,1471405728
runningman,4324,-5396,-24,24947,3102,8157,3448,328,3224,-7014,5556,3862,-56,852,3868,-2824,-4203,-2637,2326287533
runningman,8584,-4608,864,23612,3683,2465,-1932,4492,4008,-8318,2403,5631,-524,-1800,1208,-2777,-3673,-2547,353400118
runningman,2880,-4372,1584,18122,4746,-1030,-736,2424,2888,-6797,3040,8674,-1744,-2944,-2440,-3590,202,-1891,853778786
runningman,-3948,-5140,1264,15037,1950,-1310,-5140,4444,2888,-6763,-230,7953,-2544,-916,616,-6450,1626,1114,3953360305
runningman,-6464,-4008,632,12118,314,-3377,-4048,2736,1104,-5697,-315,10974,564,-180,4348,-6914,-899,1970,894175310
runningman,-11416,-868,604,6295,-1012,-5698,-12308,2008,1164,-2583,-2266,10600,3412,-2016,6264,-4297,-3905,1783,1550695885
runningman,-13968,2144,-888,-2053,-2502,-7569,-16276,1028,424,-1566,-4265,9573,6344,912,4712,315,-3855,1238,1941554855
runningman,-18604,1984,-1384,-9461,-2902,-7989,-17480,744,144,206,-3599,7367,7968,2608,1852,2807,-2169,-230,3034631786
runningman,-24136,2824,-1232,-14875,-3331,-7874,-17328,1376,-1040,1799,-2183,4328,10200,9368,4252,4702,-236,-1666,4101298832
runningman,-29644,2160,-1696,-20346,-4771,-4537,-17812,1528,-1924,4751,133,1271,6172,32767,13600,9642,1956,-337,752471844
runningman,-27668,-32,-2912,-21638,-3739,477,-18840,3224,-2548,7058,1102,-2723,9832,32767,3024,13209,1905,3293,3276121988
runningman,-25116,-776,-3320,-23430,-4008,4785,-19396,3776,-2308,7198,2753,-4903,10784,32767,-3776,2730,2358,-1120,1745778608
runningman,-24508,-6564,-2064,-20477,-1786,10180,-20984,4436,-636,5825,4150,-6930,6748,25284,5396,1831,1583,-2490,1450127496
runningman,-21768,-6356,-1136,-14359,-1971,11725,-20976,5020,-152,4461,2968,-9205,4844,12476,2512,5311,543,-3952,3563441884
runningman,-17148,-6504,-800,-7127,-1183,9012,-18460,6432,-552,1737,1384,-11552,4232,8684,100,5671,2005,-3714,2431768063
runningman,-17160,-10028,1740,8107,4496,10181,-14972,6408,-1364,-1053,-758,-11467,1000,9876,-32,6735,2401,-3474,208387413
runningman,-13076,-2144,1120,15026,2125,6110,-11268,5752,-1044,-3738,-365,-9027,3252,11092,-2508,6108,3340,-2856,4038387801
runningman,-9792,-4716,1060,16904,4183,4622,-9172,2492,-2400,-6789,256,-5772,3932,11700,-3312,3890,5200,-2307,1940385514
runningman,-6264,-5020,1540,15705,3431,4656,-1580,448,-1320,-9158,3211,939,4364,9892,-2456,1360,7195,-1436,598198689
runningman,-3188,-6720,3016,12385,1368,5970,-7016,4148,2440,-5686,4716,881,3492,6196,-176,268,9011,-254,3637063173
runningman,-2080,-4568,4972,7776,-1516,3669,-4072,2684,292,-4882,3887,2946,4092,3916,592,217,9420,182,2451152608
runningman,-4548,-4648,5996,1126,-1448,829,-7360,3316,752,-3759,5027,3865,4648,2568,996,770,9124,-507,1976515552
runningman,-11088,432,6192,-7907,-1996,-4062,-10136,2448,-1616,-3730,5306,4345,2040,5000,268,660,8678,-1418,1941321835
runningman,-14460,-3772,404,-15692,-2107,-6288,-15712,772,-2912,-3188,5023,4469,-5688,21676,3948,-860,6923,-769,124446472
runningman,-27076,1812,-592,-17556,-5477,-8877,-23008,916,-4216,-1917,2407,1742,-3292,32767,3524,-1479,4887,604,3565519836
runningman,-32768,2960,-1688,-23268,-6234,-10688,-27560,1764,-4500,-2514,1407,-1848,-1396,32767,2152,-2604,7578,-545,4141686589
runningman,-32768,-3560,1304,-22942,-5257,-9432,-32316,2132,-1908,-6012,1318,-4843,1100,32767,2320,-5956,5447,-1873,1936056559
runningman,-32768,-2972,-1336,-25347,-7700,-3775,-32768,1248,-2408,-11103,2352,-7687,444,28948,3452,-4483,2849,-2747,2681787595
runningman,-32076,-5420,-1156,-31579,-9047,3289,-32244,52,-5768,-12042,1928,-9614,-664,23928,3044,-1844,3275,-1302,2806948756
runningman,-26132,-8696,-3664,-28561,-9492,10809,-26984,-1044,-5248,-7994,-78,-10274,1844,18228,1400,-882,4236,81,2520730178
runningman,-13648,-12708,-1128,-13337,-3321,13943,-17252,-352,-2536,-2083,-1854,-10146,2388,12928,748,161,7260,575,1345010987
runningman,-5240,-10560,3948,1834,2498,10900,-5056,1044,-32,303,-1962,-8377,-12,6452,3480,-41,6982,100,2635216431
runningman,4904,-7568,4072,10671,-3246,7237,5168,3304,1092,943,-270,-4647,76,2612,5296,-1160,4419,-804,2253040767
runningman,13724,-3172,1772,19070,5575,-1212,6976,3196,-1724,2113,2352,-175,-388,-848,2304,-4002,1161,-1430,874585544
runningman,1568,-7256,4444,18935,8852,-2810,2040,2720,-2648,3847,4317,5776,-2652,-2284,196,-7360,-20,-1646,3777133819
runningman,-3548,-3708,2336,17182,4417,-5108,-7232,2468,-1968,5528,4043,7640,-4684,-416,3064,-8029,-1485,405,2922280745
runningman,-10376,2464,6776,12748,4273,-8644,-11040,1872,-1004,3266,2497,7465,-1600,228,3632,-6121,-1152,1836,2936777542
runningman,-10836,-3456,-1024,6369,-1017,-8448,-13332,1740,1156,-1238,1376,6512,332,-508,3272,-4599,863,2405,3940362247
runningman,-25476,-3472,240,-2082,-7722,-4898,-18984,-372,-1372,-8990,3013,3627,1948,6264,5112,3136,3320,2555,2778077889
runningman,-24176,-3224,-1588,-5823,-8268,-3880,-25500,-984,-2832,-8206,2223,1107,1672,19116,4760,9282,3506,2976,3023670383
runningman,-27176,-1932,40,-11595,-9161,-3885,-27472,-1348,-2332,-7418,749,-1707,-104,32580,1772,14439,7629,2926,2519179768
runningman,-27756,-2616,-904,-14141,-9933,-1181,-27292,-972,-1520,-7094,15,-4804,-136,32767,-3108,12716,5212,5278,503837733
runningman,-25020,-2780,-116,-18204,-7343,-311,-25812,-660,-1784,-6744,-679,-7801,2036,32767,-4616,3565,1536,2783,78509197
runningman,-22864,-1188,696,-23834,-3011,-1902,-24912,-20,-2972,-4221,-1801,-10464,1168,32767,2424,-3297,-3294,0,2165454626
runningman,-22304,-2996,-280,-29025,-2073,2354,-20788,788,-3692,-912,-2339,-11535,-2756,18820,3848,-1856,-4553,-1330,1695009787
runningman,-12984,-11292,-884,-16912,4236,6149,-18864,1572,-2164,2975,-3020,-11702,-4956,13208,2596,-781,-4739,104,2485884561
runningman,-11048,-11444,1896,-106,12457,8220,-14736,1160,-176,5572,-4903,-10460,-2408,8784,2880,386,-5016,2004,2757731880
runningman,-9936,-9056,2100,7505,9500,9662,-9176,1384,-1112,5398,-5239,-8624,376,5520,3092,623,-5315,2836,509639464
runningman,-6828,-8372,2044,17192,11643,7622,-4316,4276,-1848,3257,-3928,-6181,1408,3524,3592,-343,-5923,3207,3978062563
runningman,-7172,-8224,2488,23238,7161,5622,-1956,740,-268,5685,805,701,3524,2920,2984,-1171,-4796,2612,603276367
runningman,-4644,-7096,1696,28640,4452,3693,-5848,1472,4,7775,333,3024,2576,2652,4356,-947,-3287,1563,2787047374
runningman,-3788,-4572,1380,28039,4638,-435,-6888,2284,-608,8033,-2237,3137,1892,2364,3352,884,-2978,1069,577677921
runningman,-6028,-4312,1708,24051,4249,-2370,-7504,1788,-592,7889,-3197,4081,348,3084,884,1343,-3275,1094,427553694
runningman,-9220,-3736,1392,21224,1257,-2887,-5292,2436,-780,5941,-2685,4790,-1280,2972,1176,1518,-4923,1585,2268984971
runningman,-9248,-232,2736,17982,-4093,-3167,-5116,1284,-832,6734,-2536,6244,-252,3124,704,2431,-5858,1639,120345507
runningman,-9072,5520,2296,2137,-3801,-4525,-9712,2212,-1540,8918,-2965,6707,256,5680,320,3413,-5580,1204,3189709370
runningman,-17308,-2596,1132,-5902,-3563,-7582,-18152,2736,-952,10729,-3602,7451,3380,17176,-2724,3363,-4830,1561,2814469749
runningman,-23952,-956,920,-7852,-2845,-8644,-25760,2348,-2552,11333,-3212,6672,8108,32767,-824,2110,-6589,3762,1305495778
runningman,-30372,-1568,776,-10463,-1171,-8023,-30648,1052,-4716,10366,-2092,5171,17924,32767,2884,-1323,-9095,6121,1945507115
runningman,-32768,-532,-652,-11961,1140,-5479,-32768,1132,-6300,9104,-297,2999,23852,32767,-3472,-7071,-5333,2843,2825014986
runningman,-32768,-3244,-1936,-10053,3697,-1688,-32768,2816,-6508,7204,1821,-208,14776,32767,3156,-6825,-3020,-76,1559881255
runningman,-32768,2100,-5440,-15454,-518,-3097,-32768,6804,-2628,4976,2535,-5379,11340,22332,1332,-3431,-318,-2434,2632864546
runningman,-32768,-14768,-2644,-11965,-1622,13506,-29144,8416,4236,1349,323,-8682,6976,17600,2380,-706,962,-4594,2137623120
runningman,-21240,-4900,-360,7548,-2694,13947,-12092,9124,1532,-5483,690,-10165,1964,12744,468,-1101,1065,-5549,2798346619
runningman,-1628,-12592,-816,20726,6169,16955,-2820,8608,4,-13503,4764,-6991,396,10424,-988,-3388,1408,-4448,2022730695
runningman,3100,-7148,-324,20093,-1098,11928,-1012,2384,372,-14454,7493,-2375,-572,6264,1028,-5509,3006,-2327,3230777413
runningman,5356,-8220,-124,23574,670,7361,2192,-1224,4772,-15313,2698,8383,-3536,2392,3516,-7682,3525,787,2297863722
runningman,2000,-3520,1644,22811,1633,-199,-5592,6736,5076,-9180,1425,3393,-1964,-3396,2748,-8442,2334,3788,2492240820
runningman,-3552,-3368,2044,16647,-2136,-1915,-1076,2376,2484,-8151,-3767,8275,7696,-2156,2044,-8299,4676,3005,362994548
runningman,-876,-1120,32,12657,-123,-8739,-3640,4808,3684,-5610,-1837,7168,3204,-1840,5868,-7324,2554,1229,991148078
runningman,-4672,-648,1168,1544,-2292,-11345,-4224,4632,3908,-8787,-2787,7695,2728,-2352,6720,-3089,1586,-7,1103908095
runningman,-4668,-3000,716,-5107,-4445,-12106,-7112,720,880,-5288,-4572,9428,2540,-2136,4648,-249,1975,-986,1725776959
runningman,-6812,1588,808,-13984,-3359,-15484,-12312,4624,-488,-4386,-8362,7488,1288,-1208,1848,3050,2668,-1360,4247190739
runningman,-11080,3764,-1936,-26415,-4537,-17738,-13424,1464,-1436,-1518,-8790,9155,-84,1112,-1172,4157,3905,-564,8899935
runningman,-18260,-52,-376,-27944,-183,-15810,-15184,1956,1336,-178,-5333,9483,-84,2288,-592,4703,4439,820,2590171608
runningman,-24832,-1620,-1320,-27406,-3175,-8340,-16548,-332,2512,1491,-3393,10892,4356,4412,1140,4574,1197,1354,1436276532
runningman,-23900,2020,-3968,-24927,-4606,-4488,-20168,312,-592,4671,-2236,9134,6856,16120,5532,3300,-6048,1119,3846675088
runningman,-27036,-4596,-4204,-22450,-6058,3162,-21696,-764,-4484,9087,-1087,7837,15612,32767,17292,14063,-10019,977,1033978953
runningman,-26544,-8628,-4392,-12685,-5503,11554,-25100,180,-4836,13685,504,5225,13708,32767,-1788,12026,2321,-113,1016951793
runningman,-27776,-7092,-1540,-3542,-4245,15304,-25640,2652,-3888,13523,1198,1490,7940,32767,-6620,341,3142,-2698,3330870018
runningman,-23312,-6880,-1900,-839,-5813,15998,-23780,4404,-920,10834,1121,-2939,6696,22472,3896,1280,-535,-3170,604385570
runningman,-19712,-6692,584,7094,1120,13612,-17484,6612,-764,5562,80,-7201,3688,11780,6176,2921,2117,-2871,2019600643
runningman,-19964,-10612,312,13730,-1898,20766,-12764,6828,512,503,558,-8592,2532,8852,2708,4236,2464,-2356,2105588464
runningman,-10292,-4976,84,21236,2905,12750,-9220,6628,-660,-4060,2447,-7529,1956,6564,1476,5064,2461,-2367,879071386
runningman,-14884,-1200,-160,16149,2597,6724,-7492,4932,3892,-6636,4531,-4114,2400,7356,-120,5326,3462,-1751,516758036
runningman,-10596,-6184,-1916,8979,-1100,8555,-8448,5340,-1884,-13018,3339,-1534,2828,7244,-1084,5361,3818,-1383,1460893130
runningman,-8208,-5436,536,6567,1940,6054,-9500,3492,748,-10745,5470,-1315,3460,7924,-3496,4211,4615,-1088,3528329981
runningman,-7072,-6064,2364,1366,-1784,5422,-6868,2104,460,-9891,3418,287,5036,9372,-3724,2597,7215,-1198,583389404
runningman,-2900,-2704,2848,-7790,-2575,1693,-7368,4572,460,-7103,2432,-1972,2300,9816,-1912,403,9426,-930,2231394232
runningman,-2588,-4504,4512,-14073,-449,-2229,-6284,5224,1460,-6981,1610,-780,1316,9508,-308,-1411,9212,203,2953460202
runningman,-6188,-4944,3740,-17443,-382,-3489,-9180,4064,1036,-7999,3157,2265,912,9876,-1076,-2274,8300,367,1463507712
runningman,-10424,-3840,540,-21324,-1174,-4715,-14980,2300,-1196,-7685,3599,4901,-4004,19184,-660,-3288,6768,-237,3580764720
runningman,-20204,-1076,-1024,-26105,-1751,-9310,-22768,812,-4668,-5467,2037,6183,-4716,32767,1552,-3476,3862,-398,1729554239
runningman,-32136,-3336,64,-27754,-2859,-8424,-28832,552,-6296,-2642,-805,5790,-1732,32767,-212,-4032,3692,-2042,3213760732
runningman,-32768,-3116,1544,-25129,-5340,-1874,-32260,1132,-4412,-2735,-1029,3588,-652,32767,404,-6993,1322,-2397,3878611009
runningman,-32768,-7756,1976,-21449,-5722,2052,-32768,2108,-2004,-5002,-1612,375,2212,29720,4280,-6063,574,-1834,1926777850
runningman,-28300,-8888,280,-11872,-4122,4284,-29496,1044,-3252,-7074,300,-2122,2596,22604,4404,-2936,2349,-883,2919877684
runningman,-24324,-12356,2884,331,418,9270,-24876,-488,-3184,-6833,1527,-3486,1932,18228,2372,-166,3989,418,81198477
runningman,-16952,-12364,3144,14845,4945,10443,-19008,-884,-428,-4667,2652,-5092,2248,13556,24,1300,5220,809,2979813146
runningman,-11936,-6596,1788,20064,5825,7212,-10952,-404,2968,-3028,2356,-6218,636,10204,1160,1087,5868,-113,3352185410
runningman,-4600,-6432,2724,18587,5080,4579,-2204,1416,4228,-3069,2990,-5813,-456,7460,2764,-345,3764,-1592,4166020842
runningman,1020,-8284,4468,21226,5504,1944,2056,1772,1968,-858,3319,-2557,-1648,5080,624,-4131,-539,-2951,535519476
runningman,2000,-7956,5584,23269,4194,-1702,1672,1624,-376,3513,3100,1220,-2284,2108,-420,-8617,-4044,-4623,1479443824
runningman,496,-5256,5356,21574,3889,-5993,-2108,1236,-1300,7620,1809,3429,-4936,804,2360,-10247,-6421,-4829,163627801
runningman,-3312,-4116,4956,16974,3178,-9070,-5896,1164,-876,10579,-200,4861,-4676,-28,7040,-8550,-8495,-2995,2408037359
runningman,-7516,-4784,3772,13309,2105,-10306,-10232,920,1140,11147,-1835,4672,-2292,860,6176,-4973,-9027,-978,2941482706
runningman,-13340,-4888,2580,10575,-1041,-10073,-12688,988,792,9185,-2368,3667,-496,100,5572,-1904,-7812,925,4255147598
runningman,-17424,-3764,1068,6398,-5107,-9097,-15692,800,-1460,7969,-1736,2185,2232,2560,5220,1254,-6061,2235,387463054
runningman,-20604,-3892,276,3030,-8320,-6990,-19500,1188,-3592,10322,-1434,-568,3068,7760,3268,4631,-3929,2697,2443895011
runningman,-22088,-3136,-400,600,-10998,-5384,-21368,1540,-5720,11389,-210,-2288,1572,18868,3384,7522,-2215,1894,3478890592
runningman,-23488,-808,-1148,-3108,-11688,-5977,-25060,3084,-4200,10216,-427,-5230,-2924,32767,5636,10823,1468,4237,3881253627
runningman,-25416,740,-1948,-8414,-9710,-7100,-25612,4900,-3600,4770,-617,-7713,796,32767,-4196,6843,2655,3549,1640323078
runningman,-25436,420,-1016,-12032,-6885,-5999,-24476,5148,-3444,-1590,484,-9516,-1372,32767,-4436,-3877,-1582,2441,4095787423
runningman,-21512,-3236,-348,-12665,-3219,-1994,-22960,4240,-3136,-5054,187,-10760,1176,25056,2484,-4804,-7660,-188,3221992858
runningman,-14140,-4768,60,-11812,1742,696,-18164,3020,-4904,-4058,-1107,-10897,-368,12996,4236,-3372,-9382,-887,1003031295
runningman,-12296,-7520,-892,-7735,4402,5467,-16460,2668,-2424,-1250,-3377,-10731,304,7880,4640,-1802,-8998,83,3464684307
runningman,-11588,-8072,-2248,1682,5969,8625,-11952,2680,-1192,539,-5383,-10108,2416,4648,4228,-273,-6791,1847,3611827926
runningman,-11580,-6348,-656,9893,5278,7667,-7500,2856,-228,918,-4139,-8376,3688,756,5760,1399,-2920,2240,2324479173
runningman,-11212,-5400,100,16367,4534,5117,-3748,2200,-72,2934,-2606,-5323,2532,420,5216,4413,-1668,1489,4043700574
runningman,-8268,-3496,-1052,19869,4127,1319,-2884,2176,540,7235,-775,-2120,2008,668,2240,5209,-1710,199,1441778231
runningman,-5312,-4676,-732,20731,5551,-1305,-3020,3472,192,10646,-810,-25,-1340,1276,2204,5328,-1653,-490,4198248005
runningman,-5044,-3448,456,16274,2413,-3862,-4704,3900,-500,12382,-316,2160,-2220,5020,-428,4668,-2556,-127,964408697
runningman,-6352,-1780,956,8526,1472,-7354,-9784,3956,-1616,12382,-886,3314,-3532,7128,-3284,3071,-3933,860,2258473269
runningman,-11348,-536,2612,927,2800,-10446,-14980,3192,-2508,11868,-1002,3692,-1244,11952,-6740,75,-6732,1833,1020522029
runningman,-16928,-2012,3148,-3631,2425,-10269,-19264,3452,-888,11162,-1723,2872,4328,23876,-2976,-3621,-10807,2593,1349872041
runningman,-21508,1032,1608,-6679,3280,-11533,-20512,3540,-80,9280,-1626,1866,12612,32767,9784,280,-12640,2831,606410547
runningman,-29992,384,132,-10256,3249,-11478,-23152,3680,-672,7626,-133,977,17220,32767,6008,-1318,-7905,1002,1215077326
runningman,-32768,-3380,-196,-10942,1066,-4987,-29080,3716,-2216,5305,1419,-234,9836,32767,2024,-1842,-5141,-606,1202881417
runningman,-32768,-4228,-788,-8895,-824,2256,-32768,4168,-3988,2104,1485,-2735,8252,27380,1900,-60,-4629,-1874,200616802
runningman,-32768,-4620,-1692,-7972,-3088,9034,-32768,3452,-4804,-275,48,-5069,4424,25268,-184,643,-4824,-3008,3977533790
runningman,-25652,-5948,-2160,-4561,-3807,13654,-24380,2484,-200,408,178,-6135,2996,20912,-2228,372,-5066,-3525,2663813186
runningman,-13192,-5568,-228,4929,-1464,13735,-12016,4144,3964,3558,-5099,-5224,1956,15392,-1820,-710,-3468,-2465,1682301092
runningman,2000,-9868,-3048,12595,4854,13943,5544,7360,5160,2247,-2937,-2025,236,9636,-276,-1665,-2527,-844,1253807286
runningman,10168,-4200,3580,8616,-6976,9903,8844,5928,3480,483,5899,4621,-492,5788,-1432,-4292,-322,1146,1124803988
runningman,10120,-11996,1184,17586,7759,4501,-856,7868,7288,3586,10311,3187,-268,1036,-2272,-9835,3941,4769,3954283170
runningman,-7800,-3712,2700,18886,3173,-219,968,224,-3188,1228,4231,12959,7316,-2940,3024,-15056,4827,5194,3939539093
runningman,-10636,-4436,-1352,16832,2795,-3521,-9600,6748,792,-1716,835,9543,9336,-5288,10544,-13547,399,1755,589976117
runningman,-16796,-4828,768,15860,575,-4792,-11432,2620,-1836,-4081,-4970,10806,5576,-4284,14000,-5938,-1457,-748,4095663630
runningman,-16816,-2948,-1148,14402,-972,-6446,-15272,4496,-392,-6212,-3803,7678,3760,884,9160,1438,426,-1370,2841395145
runningman,-21732,-1108,240,8343,-3702,-8084,-19200,2324,-2084,-8478,-6154,6637,1924,7980,5392,7470,2412,-1091,829069660
runningman,-23072,1976,-708,-296,-4273,-9393,-20600,936,-2060,-4558,-3325,3693,3208,13480,956,9572,5613,-1753,1024923722
runningman,-26512,-2220,2244,-4608,-2166,-7874,-23384,2140,-3376,-1701,-3286,1788,800,24664,3596,12912,5549,180,427705745
runningman,-24596,612,1156,-8899,-3004,-6314,-20984,1104,-3756,3385,1827,2425,9680,27728,-2072,13765,445,1821,2669678847
runningman,-24376,-3268,1112,-11313,163,-2187,-21712,1084,-1208,5945,5265,3238,10660,32767,-7504,7584,2217,896,1218013421
runningman,-22384,-2652,-1384,-12150,-942,2726,-20524,1400,2264,6976,6629,2920,7828,32100,3944,4072,2748,-1280,3766195055
runningman,-21908,-3096,-1772,-15597,-2330,3986,-18120,4748,2612,5152,6120,-32,6076,18924,1916,4956,1466,-2113,2749780924
runningman,-18988,-5964,-3036,-14475,-4152,6414,-14764,6188,720,2025,5367,-2163,4160,13376,1364,5091,780,-3381,3981158958
runningman,-17752,-7080,-496,-4831,-3903,7970,-13744,7064,-1048,-159,2930,-3761,2644,10820,1056,5713,279,-4223,163586658
runningman,-14452,-1524,632,-667,-4244,3804,-12864,6676,-1028,-2629,826,-4013,852,11908,-2632,5569,462,-4198,1177533374
runningman,-11452,-3228,416,1104,-2429,2843,-12064,5912,36,-4763,-147,-3707,2080,12968,-1672,4312,1802,-3174,367129495
runningman,-8284,-3948,8,4930,-359,2602,-9764,5272,1652,-5850,-139,-2740,3792,11588,-1560,2999,3935,-1908,860388740
runningman,-6812,-2672,-68,3320,-1259,2624,-7456,4820,2492,-5230,399,-654,3400,9004,-544,1739,6026,-387,4092451877
runningman,-3544,-3288,-1196,-1260,-3121,3775,-4720,9204,-108,-5823,1118,-605,4040,5680,-1004,141,8702,586,704383362
runningman,536,-4188,0,-3182,-2052,2718,-3204,4088,1520,-5289,2238,5102,3392,2528,1308,-1192,10717,165,2234575368
runningman,496,-4068,1872,-4018,-2701,1325,-6312,6580,676,-6802,-938,6306,1224,1408,4384,-726,10773,304,1382949888
runningman,-3320,-4200,608,-4951,-3108,23,-8104,3368,-2264,-6969,927,9474,116,3060,2392,-337,9161,813,273835940
runningman,-11512,-40,640,-6168,-1691,-5333,-17024,3412,-5260,-4945,-1090,9006,-3024,9088,156,-880,6750,1162,3662015743
runningman,-23196,2076,-1480,-12798,-3460,-6877,-21944,2860,-5864,-4613,-3195,9657,-2368,23704,2136,-1094,4490,818,456973923
runningman,-30100,1416,-2776,-16562,-2170,-7291,-29432,3536,-5028,-5501,-3218,8806,1740,32767,6404,3169,5544,-455,3205522460
runningman,-32768,-1012,-2012,-19901,-3197,-3941,-32768,3260,-5840,-10247,-349,8828,3164,32767,-1060,1829,6788,-1467,946934123
runningman,-32768,-2884,-3276,-24788,-5466,2378,-32768,776,-8212,-14051,3018,8448,1432,32767,-544,-2120,3367,-2205,608179913
runningman,-32768,-6800,-4508,-27845,-6171,10586,-32768,-472,-8512,-15272,5100,5953,616,30644,612,-3064,2477,-2298,1864489667
runningman,-26672,-6864,-3672,-28490,-7603,16600,-23844,-3044,-4532,-11331,4760,4239,136,19440,1560,-2454,2750,-1743,2483019627
runningman,-9220,-9796,-2468,-24393,-5881,18684,-11828,-3880,-1692,-4434,2328,2928,-356,10948,1760,-2509,3392,-824,2679463767
runningman,6172,-13488,3136,-12139,525,15867,368,-2868,200,-1746,1006,2425,1084,4424,3524,-4367,3780,142,1994567372
runningman,10540,-11384,4888,744,5735,10781,7444,-2792,-2396,-4447,4188,5663,2060,-1296,4964,-7431,825,778,3351647219
runningman,3680,-12204,1232,7706,9160,8024,3416,1856,-1040,-7327,5773,7903,256,-4928,4936,-9154,-452,-154,4053520384
runningman,-2388,-10104,-4,11938,8503,3800,-5116,60,4,-5228,6674,7985,-1372,-2960,5656,-7508,-299,570,2591680365
runningman,-5880,-7548,512,13535,3899,-3505,-9136,-2908,744,-5130,1220,6271,-960,-1356,4164,-4207,893,600,3766377824
runningman,-15832,5060,8272,16459,8351,-11269,-9128,-1664,876,-6888,-1075,3073,-2704,-432,2096,-1219,2916,649,3407344723
runningman,-14252,-9296,-916,8450,-3252,-3809,-10436,-2640,88,-7934,-1260,872,-2756,-612,2012,1117,4904,539,401488035
runningman,-18944,-1292,2416,1886,-404,-11996,-15008,-3128,0,-7223,-1852,-996,-944,3400,960,3476,3802,1336,104217769
runningman,-25308,-4744,4732,-3118,-3225,-8462,-19812,-3612,-8,-3685,-2358,-3371,636,6672,-1432,5003,1877,815,174825490
runningman,-20188,-1284,3152,-11438,-49,-9011,-21300,-2512,-56,965,-2455,-6961,-3920,18420,-4340,2309,-2567,1239,3595978730
runningman,-19712,-5632,2564,-12726,2020,-7530,-19628,-1624,-396,4730,-996,-10536,-4960,32767,9932,6476,-9399,2866,527174440
runningman,-21032,-3264,2428,-8741,2690,-5075,-20268,-272,-2856,9521,1190,-14107,6460,32767,-1360,4823,-8588,2676,687191044
runningman,-24896,-1888,888,-7911,90,-2341,-24248,1932,-3812,13630,2028,-15771,7584,32767,-2236,-6109,-7564,-146,3566862417
runningman,-25120,-2220,312,-2214,1880,-2177,-28412,4692,-3784,12359,1384,-16935,3368,25456,4736,-3823,-5340,-1953,4149506099
runningman,-26428,-5164,4612,2141,-980,5197,-26972,4636,-2672,7843,1574,-16949,-2076,12628,4460,-1227,-4569,-792,2149813310
runningman,-16152,-10556,2832,14731,3402,6467,-23896,6300,-2116,2653,348,-17399,428,9848,2380,1764,-4462,4,4127498259
runningman,-13816,-3660,1296,22314,3722,7321,-17104,7212,-1388,-2061,-917,-17396,1628,7928,252,3645,-4076,1776,2145051008
runningman,-10200,-6108,1180,24754,3041,8396,-11192,5448,212,-3081,630,-14471,3864,7276,-296,3262,-2866,3132,2099819778
runningman,-8360,-1504,76,21174,-66,5736,-8332,6372,-84,-2992,-1127,-13083,4764,7612,708,1978,-1964,2751,192927095
runningman,-9484,-4732,3116,19714,299,4732,-6804,3596,380,155,-312,-8836,4768,8720,2748,848,-85,1309,2734005818
runningman,-7424,-372,364,15607,605,676,-7504,4008,-968,4411,-1093,-6700,140,8824,3744,775,-486,160,3378999151
runningman,-8540,-944,-140,9755,-1274,-1141,-7268,4184,-220,7403,-1039,-4314,-2560,8828,2004,177,-2374,-137,1744138440
runningman,-8576,-2664,-288,5617,-1832,-2024,-7380,5400,272,8091,-792,-2888,-3416,8180,1364,-635,-3737,-68,2793491170
runningman,-8580,-1636,-108,3108,-2004,-2993,-7408,6536,580,6407,-112,-1859,-3820,6836,2256,-1311,-5396,-180,3058862563
runningman,-7232,-2240,-1180,747,-2032,-3040,-8072,6280,-880,4162,58,-1072,-3252,4848,1836,-670,-6431,-418,2277261697
runningman,-5292,-2912,348,128,465,-3189,-8236,5860,-1720,2774,149,-142,-3436,6160,-1096,-304,-7260,-593,3922877214
runningman,-8256,-2080,1344,-660,968,-3040,-11240,5264,-3160,4559,-165,1065,-1640,9816,-2776,-1808,-9787,277,2167424012
runningman,-12076,52,572,-2491,2471,-4490,-17476,5072,-3124,6301,-750,2952,4980,18208,-3856,-3743,-12391,1392,3932926219
runningman,-20368,-920,1592,-1550,4043,-3472,-21344,5192,-2100,5743,-1268,5490,13216,32767,-828,-3300,-10661,3149,2465828477
runningman,-26896,-1544,380,1817,3224,-1480,-26356,3428,-488,2887,-334,8205,18640,32767,2272,-4748,-5336,3665,2303790706
runningman,-30552,-844,-1300,4516,3528,-1706,-29976,1884,-1436,-55,492,9792,16792,32767,1940,-7392,-1124,1690,3718222811
runningman,-32768,-2000,-1604,5315,1436,1224,-31692,804,-2968,-609,485,9388,10716,27516,2916,-6373,-335,350,2036119505
runningman,-32768,-2108,-3084,7115,-435,3062,-30760,92,-2668,1360,-1156,7083,5424,22628,4380,-4606,-591,-1411,1996776170
runningman,-32160,-2692,-2680,7818,-3074,5985,-25384,324,-1408,4366,-2732,4314,2768,19316,3700,-2535,-2278,-2289,256798516
runningman,-24732,-1284,-2140,6560,-3639,6201,-19120,1644,-672,5891,-2420,1339,1748,16668,3700,-862,-4759,-1749,4158540943
runningman,-18188,-1740,-480,3732,-2342,5238,-16368,-72,296,3910,-2239,1694,2944,14680,3776,-117,-6356,-779,2187375339
runningman,-13368,-3856,932,2957,-401,5222,-6144,1692,1244,-1978,1555,1974,3256,11680,4380,-299,-6631,-550,3272968363
runningman,-10280,-4384,1720,4480,2088,4586,-15752,4688,7036,1170,4700,-2455,4904,8884,3784,517,-5449,-674,2755685604
runningman,-10264,-4264,1004,5942,3383,3560,-8656,2356,4400,-1879,1166,-2361,5376,5144,3680,1990,-2991,-864,1753030726
runningman,-9084,-2740,432,6635,3020,1916,-8028,3272,4260,558,2688,-2666,4448,3692,2948,3679,-1611,-1434,213992652
runningman,-8308,-4036,384,6999,490,2966,-4848,6160,2076,-2501,436,-3342,3456,3008,2500,5707,-709,-1506,3594889786
runningman,-5516,-3144,-168,6272,-47,1839,-3056,3260,2660,-1583,997,1052,3204,1492,912,6555,-8,-1887,1919834689
runningman,-6332,-1716,-160,3152,-2382,1155,-6960,5156,3572,-2148,-1849,784,4160,1092,-1296,6362,1418,-2380,655026156
runningman,-6432,-1256,-1420,-1807,-4397,483,-4572,2988,2664,-2119,-2279,3569,3252,3164,-1412,5131,2059,-2304,2052244062
runningman,-6788,-592,-464,-3721,-3306,-1968,-7616,2816,1756,-640,-2479,4777,3320,4488,-988,4334,2423,-2330,300346314
runningman,-9324,532,972,-8040,-3086,-3191,-9132,1672,320,1558,-2319,6380,4132,6280,240,4587,2004,-2248,3301627465
runningman,-9972,472,348,-12719,-1662,-4684,-12920,1972,-1368,4369,-3152,5577,5696,11320,108,5223,373,-2118,2015444143
runningman,-14328,-1044,1044,-16220,-57,-3176,-14032,2364,-3024,5550,-3940,4596,8328,21652,1292,7096,-419,-1879,3462894234
runningman,-16060,-716,212,-16970,443,-2613,-17328,2316,-3716,6054,-3715,3563,8068,27140,252,8344,2183,-1829,2745319462
runningman,-21448,-408,72,-20600,-2092,-1779,-18908,2968,-3692,4594,-2810,1992,7640,27464,-1668,6532,4971,-2492,354505357
runningman,-22332,-4268,-384,-16083,-1375,-315,-20208,2900,-2864,1862,-1033,324,6496,28012,-4300,3906,6121,-2867,877489888
runningman,-23624,-4888,396,-9678,-2399,797,-21928,3576,-2576,-1266,837,-1745,7116,21248,-3156,1278,7356,-2842,3246804131
runningman,-22344,-4720,812,-5598,-3346,707,-20424,3228,-2384,-3739,2591,-2621,8228,18176,-3372,410,9855,-3151,1147256693
runningman,-20388,-5308,1240,-2259,-3140,-424,-17364,2612,-1092,-5175,4690,-2367,6348,17040,-2196,30,12605,-3140,2916941168
runningman,-17760,-5896,1052,-714,-3742,747,-14480,2760,-268,-5858,5903,-1453,780,17092,-1600,-965,14981,-2405,1954525453
runningman,-12020,-5596,700,-690,-2787,-284,-12032,3416,320,-6590,6120,-687,-3792,17832,-280,-2355,15604,-1001,2936160085
runningman,-10212,-5656,788,-2788,-2495,-1347,-12624,3996,-700,-8675,5045,1015,-6592,20608,-968,-3051,14907,483,2293964536
runningman,-14544,-4928,1708,-2174,-991,-3774,-18284,1032,-2876,-9334,4675,3029,-3216,22252,-1316,-2716,12478,1400,1198031527
runningman,-23856,-6276,1216,-73,1405,-5068,-24176,248,-5440,-11682,3442,3011,24,22004,-2820,-1143,11510,-297,4152967642
runningman,-30588,-3204,616,-386,2187,-5776,-28632,-2188,-3356,-11640,212,1076,-2832,17492,-4208,-756,10437,-2451,4008488202
runningman,-18312,-904,1200,-652,2708,-6894,-15928,-1696,-1592,-13100,-3197,-2699,-5476,15272,-2228,-1479,6892,-1804,204051053
runningman,-4144,-4696,3028,-4015,359,-295,-788,404,920,-13285,-2174,-5492,-5924,15336,-1240,-6064,1295,-339,1608275047
runningman,13248,-4164,2140,-7392,608,-1756,5824,3668,104,-11372,1453,-5215,-2588,7840,-1592,-12098,-2478,-852,2656956084
runningman,7056,-7832,432,-11604,1550,-3327,288,3492,-1836,-7978,3218,-2233,-1888,5084,200,-17729,-3605,-1845,2296363341
runningman,-4048,-6108,1156,-11717,-10,-1904,-9248,120,-2796,-4496,3368,525,-2128,3080,7772,-17894,-4685,-1256,97087050
runningman,-9456,-4628,1520,-10571,831,-3989,-14272,-960,-1560,-4359,2937,3201,1128,2164,9380,-14228,-3682,656,3868665452
runningman,-17708,-6204,4252,-6998,490,-5124,-16992,-488,300,-7967,1860,4780,3232,1332,11520,-8361,1465,2331,2304371200
runningman,-21136,-6540,3520,-958,-961,-4866,-17156,-536,-1332,-10234,1763,5920,6064,4252,11996,-172,2997,2101,1618942220
runningman,-24820,-6960,1788,5124,-738,-2751,-19432,124,-2376,-9672,2009,5668,4808,12144,5076,6723,5175,1199,248298496
runningman,-27228,-5868,-216,6024,-2472,-550,-23088,-436,-2592,-8451,2109,3461,-540,21260,4572,8698,6485,667,1233360425
runningman,-29988,-2348,-1480,503,-3869,-710,-27792,-860,-1476,-7700,2285,-428,-2364,30456,692,11392,7484,1249,3221380224
runningman,-31580,-1092,-816,-8890,-4669,-359,-30588,-1352,-1788,-6806,2211,-5230,-4020,32767,-6580,7536,6029,1043,2712383810
runningman,-26016,-4192,1744,-14559,-2818,-139,-27956,-1216,-2104,-3605,2117,-8965,-7288,32767,-2216,212,-63,1492,3792420828
runningman,-19456,-6264,4892,-15496,1048,253,-24920,-716,-2460,2472,1146,-11609,-1004,26612,1936,-2581,-7725,963,116102891
runningman,-13304,-6576,4624,-14746,5163,-31,-19360,1300,-3068,7796,232,-12821,2256,16412,3508,-1666,-9176,1408,2265241324
runningman,-11464,-10468,1992,-11757,7595,1590,-16588,1976,-2888,11029,-897,-11708,3672,10368,4104,657,-4002,1323,1455793622
runningman,-12324,-12064,988,-3979,6947,3170,-13764,2700,-1084,10845,-1103,-9786,2364,6812,3544,2945,-644,2229,1749327335
runningman,-11996,-9328,884,6125,3984,2311,-10548,3304,280,8446,-1263,-7523,3212,6292,2204,4561,442,3032,2340345583
runningman,-11048,-9988,732,10712,590,2029,-7148,3904,40,6311,-382,-5166,3752,5828,1060,4279,-304,3001,3169532859
runningman,-9908,-6024,2336,13643,-2473,-698,-5140,3964,40,5845,365,-2658,2164,5308,440,2406,-445,2182,2709130028
runningman,-9004,-7152,2196,11956,-5958,116,-8380,-500,-3468,3535,226,1755,60,9132,2456,945,-678,1531,912857157
runningman,-5068,-4152,3664,12738,-2803,-2654,2660,-1160,328,-337,4390,4097,-1772,8628,4760,1176,-2899,1083,895803342
runningman,-6100,-2060,3824,7679,-2537,-4436,-15296,1768,924,3523,-2335,1926,-1720,9104,2728,2101,-3317,995,858886439
runningman,-6704,-3400,3748,3591,-632,-4031,-3964,-820,-2712,3918,-181,3688,-1588,7184,2732,2120,-5162,715,3807241706
runningman,-7700,-3500,1860,539,-213,-3561,-9968,-1476,-1068,8013,-1790,3914,-584,8720,2472,1794,-6280,795,3540864685
runningman,-9924,-4232,1004,-1620,508,-3483,-6308,848,-3496,10644,-1342,3336,-64,10616,4416,1905,-5926,688,2876510433
runningman,-13376,-5304,1672,230,1343,-3194,-11712,1628,-1040,12352,-1001,3283,-812,14636,3924,2817,-5422,728,1702931914
runningman,-18028,-6244,748,4541,-78,-37,-13876,4024,-1960,10669,-2783,1155,-1660,18192,1272,2276,-6001,800,1939179196
runningman,-17884,-4304,-328,8326,-3,-552,-16884,4024,-1196,6882,-2252,543,-1888,18084,-760,917,-6981,640,3826006424
runningman,-16360,-7476,768,10576,-250,1095,-16720,2876,-2240,4881,-3336,578,-248,17884,-2608,-1416,-9119,632,2375696106
runningman,-10984,-5012,712,13111,1036,-973,-15784,2656,-2120,6116,-2097,1832,3768,17616,-4116,-4057,-9962,639,1330072737
runningman,-11788,-5948,1884,13405,3620,-3314,-17396,2880,-1852,9038,-2956,3473,7548,20288,-3644,-6566,-7614,996,1365605198
runningman,-16740,-5120,1716,13252,4533,-4862,-18248,3168,-880,10732,-2006,5613,10064,25264,156,-7793,-4932,1926,3434781352
runningman,-22712,-3836,796,12400,5312,-6910,-23064,2984,-376,11065,-913,6892,15580,27036,5524,-6355,-1281,3006,728716965
runningman,-32680,-1568,-280,11249,4067,-6743,-26968,2744,-468,9755,1128,7129,14668,30280,2048,-4643,-667,2266,202219104
runningman,-32768,-7076,752,14361,4652,-1697,-31908,2416,-780,7841,1560,5645,12164,28996,2428,-2964,263,838,3358564883
runningman,-32768,-5592,1088,16456,2430,3857,-30968,1964,-1904,7100,770,3083,9472,26368,1200,-2027,276,-1826,1341164048
runningman,-27892,-4048,-1648,19543,2793,6083,-24844,3936,-1132,7523,11,-349,5448,24204,1176,-2051,235,-3391,3584392261
runningman,-22572,356,-1372,7290,-1638,8615,-17912,6124,468,5375,-713,-2895,3328,20844,1508,-2265,-161,-3344,2062067688
runningman,-11328,-2328,-1436,1156,-2860,11049,-12232,7652,2356,-536,744,-3680,2192,14416,556,-2142,-292,-1634,2027265405
runningman,-3740,-436,-900,-4641,-2520,7377,-9504,6700,4924,-7479,2049,-3493,1236,8724,252,-2077,1315,733,2553827756
runningman,-4060,-1144,-760,-10491,-3515,4371,-5152,5108,1816,-11499,2818,-2489,-240,4264,528,-2306,3580,3015,2522831023
runningman,-1448,-3496,-2404,-10545,-3441,2267,-8792,6352,12864,-11012,-1996,-3309,1028,912,256,-2867,6351,3980,1330198610
runningman,-1328,-5400,-2480,-6185,-1103,235,5180,2660,104,-5721,-1222,-1240,3088,-1772,1832,-4048,7814,3384,457390944
runningman,-2400,-6464,-1772,-687,-196,67,1740,5280,5760,-7015,675,3415,4432,-5500,5120,-5395,6622,1257,2181004864
runningman,-2968,-5692,-1840,1086,901,-281,-4048,3832,652,-3871,-3261,4616,1560,-3312,7984,-4234,3592,-917,545251245
runningman,-5536,-5224,-932,2355,3492,-1390,-7788,5988,1072,-5560,-2212,4594,-312,-1024,6728,-849,1634,-1576,4062675440
runningman,-9980,-2952,384,1916,4323,-2876,-15304,2660,-1256,-6863,-6688,7801,-3200,2572,2968,2114,1730,-1241,93492224
runningman,-14860,-1392,480,-1192,4094,-4266,-17448,3052,-1480,-5848,-4865,5794,-4812,5940,2736,4711,560,519,3220992182
runningman,-21904,-804,372,-4646,4847,-3863,-20324,1592,-5240,-3420,-5749,6153,84,13320,1672,6257,-4284,1379,2963588439
runningman,-31328,-1388,-168,-4049,4398,-712,-26892,1856,-6032,2316,-2777,4684,11112,32767,6396,10011,-9679,3838,3315097400
runningman,-32768,-1024,-1584,-5351,1619,3897,-32768,1840,-4448,7095,-3641,3206,23556,32767,-628,12464,-6651,3109,1936838843
runningman,-32768,-3172,-2528,-8874,-1092,9136,-26876,2120,-1168,8614,-1006,2372,18716,32767,-4004,1806,2818,-2881,2122701190
runningman,-25512,-5108,-2692,-9588,-2211,12362,-20760,4100,1608,5906,2365,1829,6680,25048,7496,2554,2065,-4325,201443225
runningman,-20864,-4988,-1864,-10260,-3128,13519,-16380,3808,788,4477,5126,2517,3308,14068,5152,5307,1482,-3674,2164328022
runningman,-17216,-5524,-1280,-10346,-2710,11970,-14936,5648,892,3055,4961,1965,-332,8368,1972,7034,-194,-3588,3231111170
runningman,-13776,-7028,-632,-7623,-1944,10343,-12480,6192,-1288,54,1902,1549,-2420,5916,-376,7869,-653,-2951,1620197743
runningman,-10356,-7708,792,-688,2990,5892,-10220,6300,-1616,-2209,861,1824,-1316,6208,-2148,8358,-1669,-2427,300966904
runningman,-8896,-6968,596,5057,7212,3279,-8628,4996,-940,-3024,-343,2995,320,9824,-3432,6771,-1873,-1629,3687480940
runningman,-9984,-9400,1940,8392,6644,5756,-7120,4456,1316,-3291,-154,3796,4708,12812,-4140,4000,-2124,-730,2520371428
runningman,-7212,-6980,884,11324,5977,4694,-6088,3944,2508,-3804,287,3844,6984,14452,-2276,1386,-993,-814,281953688
runningman,-6372,-4156,1120,8923,3872,2149,-4892,3624,3168,-2958,3019,4168,7940,11912,-940,-574,3576,-1595,301983472
runningman,-3408,-2340,1908,1099,1719,-40,-5472,4216,3972,-4535,2434,5588,3804,6212,88,-1036,6855,-1889,1323312596
runningman,-2104,-5424,3140,-3324,1789,-939,-6316,2688,-272,-2019,4063,6015,1884,3940,-1420,-1345,8386,-1297,560787134
runningman,-2304,-6064,4528,-5358,1241,-2199,-4248,3184,-2264,-2492,760,6899,1372,3508,-860,-1779,8957,-661,4064700860
runningman,-6276,-4012,4504,-9794,878,-4147,-5196,2416,-1740,-906,1954,8428,3576,4400,-1980,-2302,8449,-805,774431188
runningman,-11808,-124,1308,-16587,1611,-9019,-13880,5012,-3476,-767,1836,6985,1248,13316,1736,-2658,6453,-1520,2384782883
runningman,-27544,-5160,1396,-20735,-1017,-4784,-24488,2776,-4248,-2956,2214,7089,-2952,32767,2504,167,5586,-1008,710963463
runningman,-32412,-4152,1732,-20059,-4584,-2072,-32712,1904,-4580,-6281,1580,4097,-3380,32767,-1184,1351,7952,-1072,3020978581
runningman,-32768,-6656,3704,-19168,-5681,99,-32252,712,-5444,-10492,3427,1794,-532,32767,-3756,-3889,6133,-911,3472198665
runningman,-32768,-8116,3832,-10719,-2248,2545,-32768,1568,-4724,-10547,5862,-2632,1640,32767,-1136,-5659,1630,-542,3182353493
runningman,-30088,-6300,1336,-7116,-1867,3898,-30540,1608,-3976,-8112,4790,-7479,1608,24064,524,-4570,2562,218,3959385491
runningman,-22852,-7868,1760,-5666,-2261,4672,-22712,732,-1584,-4199,2906,-11055,1524,16524,1156,-2214,4414,1335,2972000087
runningman,-13372,-9492,2824,-1284,-1931,3705,-12172,1764,-260,-1238,314,-13152,2232,10740,856,-598,5951,2078,2169559532
runningman,-6872,-9764,5232,5450,1588,2847,-1744,2552,480,-942,1808,-12043,2748,5688,856,-219,5844,1992,445983501
runningman,-2208,-9280,5692,10601,2977,2617,-244,3176,5100,-678,3350,-8347,3768,3116,2052,-1344,4613,303,3136596266
runningman,3084,-7632,2564,12425,709,-647,3664,3316,732,-607,5443,-2638,3992,-580,700,-5227,2926,-2804,3673380832
runningman,820,-7312,1476,11513,978,-4556,-3044,5200,928,420,3519,-1342,-480,-1848,-2824,-10443,1279,-6312,3097566777
runningman,-2864,-7056,2368,10711,-445,-6601,-4856,3204,-1524,1161,1274,701,-7112,2504,2028,-13984,-683,-5560,459745534
runningman,-6056,-5264,4332,8807,-1617,-8955,-5984,4944,-1608,-1353,857,1361,-6528,1468,9588,-11251,-4021,-3020,3584444235
runningman,-14480,-4016,4640,7603,-3537,-9904,-10132,3104,-1392,-3819,1720,2694,-3292,1696,9472,-4365,-4573,-688,2462861690
runningman,-27908,-6396,3588,5151,-6011,-7450,-17564,1264,-2372,-5179,3417,3083,-1332,4384,6832,106,-3715,671,1889614465
runningman,-28928,732,-924,882,-11323,-7498,-27612,-392,-2640,-4575,2161,529,1828,10244,4220,5211,-1331,1412,531495615
runningman,-26148,-1204,-1792,-5091,-9890,-7462,-30356,-296,-3772,-2573,1560,-4002,-2032,22332,2444,11470,1522,2263,1501075705
runningman,-25352,-3180,-880,-9131,-11998,-5370,-28336,1160,-2924,-827,1454,-8141,-3020,32767,860,12850,1547,5322,3514631501
runningman,-22552,-1304,-1064,-12302,-10175,-5583,-24580,3140,-1592,-658,2152,-11499,4432,32767,-3400,6668,-3414,4408,389506102
runningman,-20772,128,-112,-17099,-6259,-7508,-21720,3912,-1776,-1089,1567,-13211,6184,32767,836,-5106,-4792,1485,2623148972
runningman,-19488,-4396,1420,-14689,-743,-3103,-19148,2916,-2140,-700,1152,-12585,-40,20440,4424,-4242,-5837,-235,3383794981
runningman,-14140,-2936,368,-10880,2095,-1451,-16972,1776,-1740,2099,502,-10958,-2168,9476,3676,-1699,-6084,16,1531532439
runningman,-11760,-8124,-1568,-350,6182,2128,-16424,1948,-728,5927,-2130,-9848,-1552,5312,3692,290,-6574,266,3589731695
runningman,-9892,-9252,-1592,11728,8926,3686,-10904,2224,724,9248,-3409,-8209,148,4084,2428,2395,-6491,1143,2187251550
runningman,-9852,-7680,-1400,19411,7101,3414,-6964,4360,32,10459,-3503,-7150,-236,2224,2456,2381,-7018,1448,861415458
runningman,-7992,-7428,-964,27047,5142,2161,-2704,3220,-36,11622,-1813,-2878,1052,900,1512,2358,-7253,1260,2023108743
runningman,-4152,-4632,-388,28575,2609,-576,-2484,3620,1692,13789,-1352,-221,60,1268,1416,2529,-6249,471,2935452715
runningman,-656,-3348,104,24936,2023,-3361,-520,2716,1024,14996,-900,3410,-1008,1192,1080,2094,-6339,-344,3153210522
runningman,-1868,-3776,1480,19352,2811,-5539,-4476,4472,308,14303,-1628,4678,-2812,2436,-816,1194,-7126,-477,1587436746
runningman,-6416,-2880,2044,12968,2176,-7519,-9936,4280,-444,12467,-1464,6622,-3956,5956,-2600,-632,-9684,357,467581180
runningman,-13324,-2488,1896,6347,1569,-9356,-17308,4084,-1744,9651,-1676,7820,700,12964,-7128,-3456,-13278,1466,278145681
runningman,-21208,-1292,908,1294,1315,-9789,-21876,2452,-2448,8464,-3046,8032,10588,30064,3652,-4717,-15489,1405,1858878521
runningman,-25608,-1340,-92,-1073,1236,-8255,-22020,1616,-1524,8757,-3855,7668,20464,32767,6264,-3336,-11527,2158,185839103
runningman,-29416,-964,1060,-1829,545,-5844,-21976,2240,-1596,8454,-2906,7217,18732,32767,2272,-5778,-5015,-306,3697589804
runningman,-32768,-2436,428,-1637,511,-1204,-25820,1988,-2972,7503,-429,5882,9836,32767,6052,-5503,-4696,-1580,3102050462
runningman,-32768,-992,-1404,-4364,-974,4069,-31620,1720,-4728,7731,2543,2871,7380,29852,4576,-3107,-4392,-2747,3629181414
runningman,-32768,-4612,-4260,-6602,-3614,9035,-32768,3040,-5264,9586,2318,-2126,6144,26864,2836,-1184,-3530,-4155,298634487
runningman,-32768,-4208,-1368,-2075,-3824,10743,-32768,1656,-1676,13729,-3639,-5265,6040,26468,1248,-644,-4572,-4950,736036732
runningman,-24580,-6532,-1348,7684,915,9486,-20732,3860,-1872,12777,-2074,-7983,6708,21404,416,-483,-3940,-4473,3750451426
runningman,-16560,-6012,1320,15498,5535,9400,-11228,6404,-1380,9873,1111,-8494,3664,14288,-616,-95,-2558,-3094,42625898
runningman,-5960,-6648,-84,16647,3456,11525,-4232,7268,1028,6216,5518,-5863,1304,9068,-768,-245,-1213,-1619,3467969979
runningman,2200,-3580,-516,17725,4635,5576,-4932,7520,6204,3400,3477,-4475,1216,4040,-12,-1535,484,-378,1999524940
runningman,3220,-2668,-1240,10213,871,3762,332,6532,5292,991,-110,-2117,992,408,1936,-3475,1280,-447,1078363279
runningman,4708,-4248,-396,7226,3128,632,3612,8008,-2668,-2986,2163,-748,656,-3084,1744,-6426,480,-929,1234126545
runningman,-340,-3412,1992,4317,866,-375,6580,4732,-4788,-5405,733,6087,-280,-2612,3016,-7772,625,-521,4158124996
runningman,-1700,-4072,1704,2351,900,-1575,-3728,7092,2260,-4739,1331,3403,112,-1568,5228,-7108,159,-127,3871459015
runningman,-4796,-2040,1860,66,2533,-4560,-6560,4124,-1092,-2922,-3071,4607,808,-1444,7676,-4045,-998,4,632493304
runningman,-11128,-2160,2408,-2773,1856,-4687,-12992,6068,496,-1971,-5135,3034,3164,-1408,6292,345,-1239,-72,3731825468
runningman,-16132,-116,60,-4955,-579,-4564,-15632,4360,-872,-3926,-4534,4286,5604,168,4744,5048,611,-833,2773700416
runningman,-21160,1972,-1648,-9952,-3113,-3996,-17816,2284,-3188,-3507,-734,5488,4460,3968,1876,8691,3009,-1264,41035851
runningman,-25908,612,-2328,-13428,-6192,-613,-21828,3440,-2856,-2477,1078,4369,7676,13932,3472,9556,4535,-1476,3459640920
runningman,-26892,-1360,-1616,-14947,-8110,3146,-23664,3388,-3200,593,1815,2929,9396,32767,4948,13749,2148,772,3344151167
runningman,-23884,396,-980,-15782,-7579,4031,-23472,4936,-2388,1566,2107,1466,11308,32767,-5176,12533,3086,1028,2646151560
runningman,-24328,-6124,1512,-11286,-3770,9659,-20104,5580,-904,-805,3048,1115,10516,32767,-3548,2303,6377,-2321,721287662
runningman,-19388,-3832,212,-10019,-2473,9635,-16876,6604,-572,-4618,4648,797,5300,22800,4116,1447,6554,-3582,1431242255
runningman,-17320,-3368,-348,-12643,-1398,6448,-14972,5672,-2008,-6009,2947,945,3980,12828,996,2453,7947,-3524,2985384577
runningman,-18540,-10112,1944,-2890,2237,10163,-14280,5964,-1884,-6686,290,472,1868,7868,476,3266,7709,-3675,188851729
runningman,-13488,-7348,1768,2615,-312,8230,-13548,4508,-3028,-8551,-1135,849,276,6724,-2700,3363,7982,-2883,3565112325
runningman,-8192,-3052,2388,3723,1902,1281,-12080,1716,-2456,-9391,82,2269,-496,7900,-1904,3002,9473,-1563,1425665957
runningman,-8472,-6152,4724,2850,814,1868,-10148,-148,-868,-8467,769,4146,-388,8500,-1288,2187,10234,249,1502471883
runningman,-1804,-7860,3176,4325,1571,940,-7964,156,-16,-7092,1973,4886,-1648,8868,-2148,934,10338,2031,1884668575
runningman,-7680,-4536,6056,758,1433,-346,-9092,1604,2172,-6682,3442,5806,-1752,13132,-1224,-1086,10052,2572,3459997848
runningman,-10632,-2548,736,-5571,-1855,-3106,-15536,112,-1932,-10749,5487,7252,-3372,25048,2672,-3414,7529,1892,2718136188
runningman,-21012,-632,-76,-11679,-1277,-6537,-27768,-2744,-6876,-8654,5678,6070,-904,32767,5156,-2654,7369,1014,545265045
runningman,-32768,-1628,-160,-11332,-2872,-5222,-32232,-5608,-8768,-10964,909,4086,-564,32767,1896,-5156,8928,-1687,1194681160
runningman,-32768,-1856,-312,-9579,-5914,-2182,-32768,-7464,-8412,-8846,-14,2153,-6192,32767,4180,-7505,4301,-2339,3378031466
runningman,-32768,4268,-720,-16236,-5926,-4514,-31468,-4580,-6904,-6992,-3042,-3452,-3612,22512,5620,-5041,2094,-1416,4148574735
runningman,-27324,-5096,3116,-20673,-4702,5726,-21624,-4412,-5588,-4865,-2440,-7117,-572,13420,3580,-1070,2537,-334,3105788657
runningman,-11468,-9656,720,-22701,-6971,13968,-14672,204,-2896,-3121,-2757,-11455,736,6996,1412,26,3049,1251,236104329
runningman,1908,-9124,1044,-16458,-6,14294,-552,604,724,-5605,-1978,-11386,2080,1652,1672,-2440,2280,458,3736715510
runningman,7268,-9228,976,-10972,867,6379,9100,2888,1784,-8637,485,-8914,1396,-1884,5756,-5308,2473,-1985,3114096359
runningman,3800,-7820,2176,-4367,4331,1050,8268,2256,-320,-8812,5368,-4477,-6432,-2292,7352,-4131,2591,-3013,2448582838
runningman,332,-6612,976,1947,6850,-5162,-2152,-208,-1160,-5132,6749,-2129,-10364,1772,3536,-2742,740,-403,1631438483
runningman,-10112,1964,12456,7314,2650,-12325,-7676,-40,-1468,-2091,3688,-1459,-5584,2248,2148,-800,-1602,2160,3757090502
runningman,-1620,-6916,2244,13409,4215,-13566,-9080,-428,-1396,-417,183,-1196,-2216,-96,256,648,-1516,3474,2095465895
runningman,-10712,-1636,6732,12208,7682,-17293,-10020,656,-1256,251,-1367,-1333,3016,-1084,272,1023,-744,3182,3417954441
runningman,-18192,-5700,3264,9285,2201,-10779,-12396,1196,-408,-418,-717,-1237,5256,-160,-1752,1989,161,1915,1437692286
runningman,-18740,-880,432,2123,604,-9925,-17568,1176,-728,-1599,293,-1866,3440,4296,-908,2787,1798,1444,2986993838
runningman,-24368,-1792,-392,-5606,-2471,-6495,-24468,-260,-3084,-895,233,-2614,-2420,13172,10636,1470,-5390,2337,959583957
runningman,-28536,-1764,36,-5495,-1643,-3403,-31896,-728,-4908,1046,-10,-4412,-2444,32767,10044,14399,-6036,5588,2125707202
runningman,-32768,-956,-568,-6653,-4146,-429,-32768,-512,-4180,2164,-924,-7032,-2240,32767,-2084,14532,3974,3631,3431819132
runningman,-32248,-2992,2236,-8101,-4634,3297,-32768,1140,-3548,1315,-2349,-9939,3064,32767,-13468,-3136,-412,1913,1103929775
runningman,-24052,-3964,2184,-8999,-3489,7003,-26664,2312,-3724,152,-1669,-10559,676,32767,788,-5675,-8436,591,3312628906
runningman,-17564,-1872,2612,-11571,-851,6879,-21364,3508,-4028,-1638,-1137,-10153,2220,16784,3136,-2537,-3514,-779,3956083800
runningman,-20388,-8012,4536,-15939,-984,12764,-21024,4136,-2856,-1571,-1165,-9775,-1028,10148,1772,1442,-946,-174,1657831215
runningman,-13248,-16764,5408,10225,9551,11733,-17744,520,-612,1577,-4416,-7299,-792,6284,-112,4111,-72,911,1343487096
runningman,-17496,-6176,3824,17074,8262,8432,-9524,4420,-592,-614,-2760,-6489,1076,5348,380,5240,140,1931,3415090451
runningman,-11028,-7588,868,20143,4875,5764,-4824,4376,-436,-1875,1469,-2926,2356,6728,-212,3454,-89,1217,3028012326
runningman,-9924,-6340,2360,25909,6902,1492,-3920,3188,960,-489,4241,1455,-7096,9072,288,750,-757,1750,3479634832
runningman,-9848,-6928,2380,23816,1621,2090,-7140,3320,784,1965,1072,3270,-1016,12956,3000,-1604,-1149,663,2320182527
runningman,-4188,-6184,2008,23310,1845,-283,-6068,1704,-2292,5824,-2062,3913,-6208,11956,4988,-2177,-5290,1245,2129526342
runningman,-3964,1296,2624,16470,2963,-6455,-6216,1804,-2592,7364,-2325,4748,-1944,6868,2352,-1956,-9136,1555,1807496224
runningman,-8332,-4208,4188,10460,210,-4652,-7240,2920,-1824,6880,-1896,4969,188,4644,1272,-1925,-10234,1143,1418725430
runningman,-4636,-1464,2760,4902,-767,-6415,-6524,2472,-1052,4686,-553,5447,1460,1780,1468,-1000,-9331,1111,2681511043
runningman,-7616,360,-288,-1761,-193,-10307,-7872,2268,228,4925,-2322,4609,424,1292,1544,-50,-7561,1151,2855302071
runningman,-7156,-3596,892,975,1321,-9290,-4064,1908,-248,5293,-2635,4492,-940,1720,2404,1370,-6486,1114,2935860491
runningman,-7976,-3136,1592,4498,-9922,72,-4652,2652,208,6508,-2371,5199,184,3196,924,2257,-6310,696,2151952651
runningman,-5476,2896,512,-585,-5019,-3528,-10372,2916,-288,6635,-797,7002,532,8012,-1900,1776,-6674,1221,602898910
runningman,-15820,-9584,2208,2713,-2693,-3358,-19740,2368,-676,6212,247,8321,5784,22888,-7248,-1156,-7769,2073,2672972544
runningman,-20864,-1720,660,7965,841,-4504,-23588,1180,-832,5331,-1127,8607,10036,32767,-476,-2710,-7772,3096,3065962967
runningman,-27468,-812,2092,3512,4700,-5550,-26580,-356,-844,5806,-1319,9786,18352,32767,5196,-5671,-4072,3872,2982341916
runningman,-32768,-624,444,1843,5964,-5049,-31200,-152,-2512,6280,-1322,8085,20240,32767,388,-9547,-1534,1545,4099274763
runningman,-32768,-2744,-572,2844,8136,-5994,-32768,128,-3640,6162,-30,3883,12632,29040,6888,-6874,-446,234,3257174426
runningman,-32768,-5068,-3904,1770,2968,3239,-32768,1372,-2828,7196,394,-2560,10060,23944,5560,-3031,310,-568,1285333363
runningman,-32768,-7200,-4576,4600,-486,7539,-32768,3816,-1288,7854,-516,-8427,5796,23184,820,150,-352,-1697,1012288418
runningman,-28396,-9940,-4324,2610,-5860,9039,-26736,5192,996,4591,-331,-11834,3768,22136,716,911,-1183,-1495,2973155424
runningman,-19756,-2860,-1632,16046,-835,5450,-18148,6088,3012,-1734,360,-12351,3028,18680,-24,1166,-1529,-781,885933084
runningman,-12516,-4400,-556,13159,-3890,10236,-10260,4720,4116,-7706,2293,-9874,1484,12860,-256,497,-2415,-46,1957703241
runningman,1008,-4048,104,12552,-1994,7563,-3736,5824,4728,-11397,2433,-7698,-2140,7196,448,-196,-4339,1151,1958841999
runningman,5856,-3852,4,8024,-2385,4321,996,1756,5952,-8819,1311,-3286,2440,3016,-448,-1045,-2915,851,551497009
runningman,7864,-5120,-1360,4171,-1790,1870,3904,4800,4692,-6847,-258,-778,2304,1276,-1368,-2018,41,469,1838690393
runningman,6040,-4096,104,3083,4143,-2047,5088,2140,1516,-629,2116,4967,1200,-1896,-2196,-4393,1697,279,299600609
runningman,-2816,-4152,1856,-226,-377,-1417,-1152,4052,1508,3874,-113,6257,1804,-2408,-3592,-7559,3743,368,2092257814
runningman,-320,-3184,-384,-582,2418,-3039,-1580,3316,2204,6091,-1958,8489,1208,-1216,-1312,-10117,4595,491,1934213799
runningman,-5404,-600,1468,-4657,4847,-6802,-7668,3868,2372,7075,-4507,8135,1980,-1124,868,-9718,4847,-8,3393634867
runningman,-8036,-4280,228,-7692,5052,-4167,-12252,3436,-1216,5984,-5283,8821,-3152,-2044,11244,-9107,861,-971,2998585601
runningman,-15608,-2660,-904,-5801,2226,-1330,-20348,2556,-3944,5601,-5012,8826,1036,-560,13768,-4296,-5004,-518,1402943415
runningman,-21384,-1960,-1752,-5750,2326,-611,-22716,1444,-3644,5434,-5270,7503,10772,4944,10520,6227,208,-1467,902163391
runningman,-32104,716,-1716,-8783,-3663,2453,-22268,1948,-3304,6136,-4124,5218,8584,22192,9084,13541,1434,-925,2687325054
runningman,-32208,-7524,-388,-823,-1095,7908,-23184,2976,-3032,5593,-2359,2191,9820,32767,1676,14520,-140,3022,2455583157
runningman,-32052,-3192,500,7568,173,8800,-21832,3620,-3836,5003,121,-951,9856,32767,-6356,12592,2622,2013,104442283
runningman,-30736,-2152,-244,5152,-2133,10377,-19876,4164,-1472,3450,3165,-3060,8040,32767,-1408,1206,3163,-2905,28680392
runningman,-20128,-3224,-104,5076,3140,4476,-18168,4320,-124,1388,4976,-3737,7736,23144,4232,137,1415,-3914,4213072173
runningman,-29820,-9912,3080,3607,-410,15126,-17164,4864,-428,-224,4866,-4393,3332,12508,3080,2213,1180,-4267,2000151561
runningman,-11920,-7384,208,7830,-2282,12478,-15864,5676,-508,-3262,3063,-4253,3412,7796,3008,4286,1648,-3973,2525310975
runningman,-12332,-4480,3028,5478,1432,4595,-13492,6896,-1280,-7513,962,-4171,-404,6868,388,5596,1568,-3654,129630566
runningman,-9752,-5820,3632,3559,1058,2087,-10132,5504,-556,-10656,1017,-2167,328,5680,-2216,5127,1035,-2690,4240127816
runningman,-4880,-3988,4704,3212,1575,120,-7000,4540,-440,-12144,600,476,1520,6088,-2608,3828,2516,-992,251408964
runningman,-1320,-7336,3836,4606,2389,170,-4832,4148,1112,-11777,1980,3313,3552,5760,-2228,3367,5235,600,2563263905
runningman,-216,-8172,4524,4879,-712,-1227,-4784,4180,3716,-8991,3235,4643,3652,5728,-2340,2757,6075,1746,2608264543
runningman,-3172,-4900,2784,85,-1135,-5928,-6404,24,828,-7741,4368,10316,5360,4640,-4720,1428,6070,2492,907360578
runningman,-8660,-2332,1040,-7420,-1159,-10312,-13988,2520,364,-4596,3342,9368,6628,7372,-6272,246,8533,660,2917255796
runningman,-18076,-3132,708,-12278,-2516,-11678,-14828,312,-2080,-3765,4090,10514,-5892,25916,10684,-620,4956,-27,722914840
runningman,-28480,-908,-340,-14487,-5910,-12219,-23500,-660,-3732,-2661,3385,9610,700,32767,2552,2065,6082,54,4234000782
