snake,640,1052,17196,-755,-243,-376,3264,-3428,17664,-952,1276,478,2524,15340,-832,-187,-233,44,181807599
snake,656,756,16956,-206,-462,-404,3272,-3180,17804,-955,1088,160,2252,15364,-920,-213,53,55,2880926535
snake,504,916,16564,418,-610,-438,2868,-3020,17880,-1269,774,-97,2272,15276,-840,-206,296,63,3912008211
snake,604,1136,16616,685,-749,-497,2872,-2904,17416,-1419,447,-235,2240,15112,-924,-226,441,21,3926146864
snake,896,1420,16232,526,-832,-545,3060,-2864,17068,-1093,277,-246,1900,15232,-736,-209,579,2,2539975773
snake,916,1272,15936,345,-745,-528,2884,-2832,17312,-835,42,-257,1800,15172,-788,-142,615,21,2861746158
snake,748,1052,15984,500,-627,-421,2992,-2528,17020,-468,-165,-311,1904,15156,-500,-114,524,85,800242924
snake,876,1124,15624,474,-528,-338,2856,-2440,16636,-259,-297,-334,1832,15156,-516,-11,505,74,3123629411
snake,1072,1056,15304,96,-351,-262,2872,-2144,16480,-150,-376,-348,1348,15024,-400,18,357,100,189391927
snake,1128,1092,15656,-9,-117,-183,3144,-2176,16356,-44,-407,-198,1644,15112,-536,115,271,120,2049324856
snake,764,1020,15552,26,107,-37,2944,-1828,16612,137,-518,2,1908,15160,-704,86,248,144,3357300324
snake,756,700,15416,45,193,161,2700,-1616,16428,187,-798,222,1984,15188,-776,6,202,121,4051191800
snake,776,404,15568,-112,208,176,2624,-1152,15916,321,-1134,512,2088,15348,-872,-45,227,113,2675271040
snake,1184,520,15420,-469,164,29,2376,-816,15268,494,-1487,919,1788,15316,-676,-41,206,139,604504870
snake,1184,268,15636,-855,141,-262,2368,-476,14600,1220,-1752,1507,1564,15372,-832,-108,171,291,127526038
snake,1100,88,15596,-1179,-36,-548,2084,268,13708,2568,-1799,2535,1656,15452,-808,-221,58,470,4186831998
snake,896,388,15652,-1618,-117,-849,4080,928,13440,4014,-1375,4155,1908,15448,-664,-244,-32,555,925346008
snake,1360,600,15784,-2665,-345,-1015,3140,1716,15268,4317,-437,6197,1976,15436,-868,-357,-121,645,1359624430
snake,1352,-64,15724,-3361,-403,-1181,2736,1556,16560,4742,713,8865,1788,15808,-1200,-517,-182,731,1415851697
snake,652,-744,15672,-2898,-317,-1297,3056,1312,17652,8930,3012,12378,2144,16444,-1564,-812,-249,821,743339538
snake,-504,-676,14800,-2507,-350,-1649,3232,1840,20352,8688,6114,14743,2220,16860,-1484,-985,-553,791,1686984434
snake,-1148,-484,14380,-3146,-597,-2448,-468,6784,29840,-5193,8293,16510,1864,16612,-1172,-940,-1057,584,1431703244
snake,-1324,-816,14180,-3070,-716,-3453,-8824,6972,32767,-26679,9169,18557,1644,16288,-1132,-1048,-1422,329,3006886666
snake,-1804,-436,14400,-1915,-591,-4208,-13288,-3684,29940,-30317,7169,21036,1604,16376,-660,-1132,-1864,419,1296807586
snake,-2264,380,15868,-577,-726,-4508,-14120,-10736,25148,-26389,5008,22676,1044,16516,404,-908,-2182,1032,2777118480
snake,-2504,1448,16156,-1645,-1597,-4551,-10320,-28112,26268,-16830,1058,20083,1072,16308,876,-550,-2548,1992,1018968138
snake,-992,1272,14348,-5259,-3012,-4325,268,-32768,28244,569,-3725,14683,2068,15364,988,21,-2305,2956,229802267
snake,400,260,12520,-8726,-3153,-4320,-1144,-27832,31888,17091,-9615,8185,2160,14852,-100,462,-1068,3885,1732323258
snake,-100,-400,12760,-11219,-3293,-4446,-8392,-16024,25756,26171,-19771,1444,1456,13760,-512,957,693,5223,1819803535
snake,552,708,14124,-13348,-3707,-4624,-6472,-13140,19324,24417,-29565,-4762,3652,11584,200,1420,1762,5755,3481636117
snake,1796,1112,15188,-17443,-4612,-4205,-6184,-10392,13832,17099,-32768,-9479,6584,10160,136,1817,2817,5078,135386511
snake,3340,-1656,14392,-21050,-5483,-3719,-4476,-10800,3784,5393,-32768,-12383,7520,9376,432,1737,3182,3428,2328756656
snake,2616,-4616,13332,-22001,-5408,-3503,-8272,-11756,-9660,5982,-32768,-16518,7212,9636,-376,1099,2704,1631,1921350069
snake,1848,-4720,15156,-20797,-4948,-3339,-5852,-6032,-22384,12867,-32768,-19241,6572,11540,-2164,-297,1650,35,863599353
snake,2932,-3488,17292,-21268,-5017,-2893,2300,-848,-32768,21005,-32768,-19550,5040,14636,-4396,-1830,2178,-914,3181072479
snake,5444,-3596,19972,-21869,-4936,-2301,7236,5576,-32768,32767,-26758,-17448,3000,17704,-4160,-2588,3976,-1233,3383192566
snake,7472,-4972,19880,-22301,-4733,-978,9184,15008,-32768,32767,-17435,-11810,1308,20332,-3652,-3049,5358,-696,390150419
snake,9812,-8164,18072,-21528,-3209,725,18564,26524,-32768,32767,-8959,-5186,1488,19520,-1900,-3180,5400,-350,3786140988
snake,10896,-9108,20164,-17336,-440,2661,20792,31528,-32768,17543,-1159,-1629,1472,17704,-1424,-3113,4173,-808,3804624763
snake,12276,-9936,22596,-11417,3079,4833,15568,17356,11040,-3820,3819,-5435,-328,16756,-1756,-3647,2167,-1574,4066083549
snake,11408,-12300,24032,-3870,8351,7109,-9740,1216,27208,-23353,-26577,-18106,-2172,18640,-2348,-5028,-1223,-1741,4243513066
snake,7484,-13476,25492,4727,14935,9793,26756,-9644,10148,-19078,8773,-16205,-4024,20212,12612,-1981,-7382,-2012,2551635692
snake,3544,-14804,26064,13207,21839,12605,21004,-1384,18904,8695,26708,-9478,3112,18416,8792,8448,-12708,-4258,2695093285
snake,-4940,-20572,32767,29914,29077,14547,13936,11336,20928,13492,31352,-10082,6332,18008,-2344,6856,-6478,-6782,2149095885
snake,-17436,-32768,32767,32767,31347,13118,10660,18432,24040,-8644,29738,-11993,4012,19908,-132,-933,-6173,-9039,422624416
snake,-17740,-29708,32767,32767,26381,7161,1684,11988,29464,-18969,25028,-12775,1640,15932,812,-2848,-4062,-9591,497712182
snake,-17132,-16876,17324,32767,18352,695,-1260,8728,32464,-25463,21113,-12339,-960,15060,-352,-4354,-3712,-8725,3437778910
snake,-15324,6180,7216,32767,8078,-3829,132,7096,29460,-25798,18104,-9679,-2056,11828,1788,-4654,-3246,-6894,2041467722
snake,-16252,8240,11092,32767,144,-11491,1460,5500,27660,-20927,15760,-6880,-1188,10176,2240,-2308,-2677,-4031,2654904420
snake,-16268,12756,14436,17698,-6937,-14297,3596,3080,27136,-17474,11948,-4692,616,7840,2636,579,-3290,-1103,48239320
snake,-14492,10604,16456,4266,-15804,-14315,4088,268,24624,-12759,7383,-2265,4264,5956,1624,4634,-3334,1109,456462296
snake,-12592,8180,17364,-5130,-26141,-15471,5296,3012,19984,-5440,3224,30,7500,7788,-2516,7290,-1585,2136,3249589521
snake,-5428,18008,14036,-16287,-32768,-12676,4220,7220,16516,338,448,2148,8856,9432,-7208,6909,2199,1589,3379399659
snake,-1904,15164,5920,-25120,-32768,-9137,1820,5828,14964,4122,-552,4826,9396,8792,-7700,3991,6029,886,2577500561
snake,-728,7544,580,-25523,-32768,-6839,996,3976,13280,5946,-547,6671,9300,10412,-5652,2397,9367,661,1168963797
snake,-2656,4444,-4108,-22332,-32768,-5119,1744,3024,11048,6708,-591,7941,6488,14440,-2348,1434,11051,786,387948564
snake,-3696,6628,-9624,-21294,-32768,-3240,3068,3572,10712,5991,-490,7723,4108,18916,-584,1673,12769,1106,1606823282
snake,-464,7948,-16128,-22909,-32768,-1484,4492,3808,13664,2495,-415,6417,1344,21700,-808,45,12538,1556,133588708
snake,5588,5924,-21676,-25105,-32768,-59,4128,3140,15980,1167,258,5650,1532,21748,-2288,-1357,12916,1901,726631710
snake,10820,2660,-22900,-26973,-32768,1355,6868,2916,15616,3009,1417,5766,1960,20804,-1840,-2686,15134,2008,2629869942
snake,13848,-2828,-18996,-21555,-26391,2540,10428,3888,15904,6252,2158,5914,-4284,20820,8308,-2594,12875,2247,94082383
snake,17836,-7212,-12952,-7702,-19081,4566,10368,2856,17960,7087,3665,5665,-6828,18980,8580,-468,2296,3052,1218560123
snake,18700,-8872,2532,2959,-12156,7880,8168,2596,18908,6119,6319,4855,-428,17252,-5340,-1399,2079,3361,3154590082
snake,18476,-10612,13712,15222,-5675,11446,6720,3840,19256,3515,8902,4171,-1896,15576,-2248,-2110,1860,3131,3083838958
snake,14136,1896,16536,9721,1977,14002,6176,4480,20588,1649,9324,3676,-3300,14804,-1072,-926,-2996,2090,1437025744
snake,16348,3964,4036,-7784,10100,13261,5080,4444,22000,289,8612,3413,-980,15656,504,329,-5571,845,1244141894
snake,15780,-2376,240,-13224,15430,12530,4320,3312,23888,-883,7089,3072,-204,15528,-1220,690,-6956,-52,1342986935
snake,11908,-12292,7492,-3597,20201,11166,3200,3472,23440,-1963,5200,2666,2056,15552,664,-467,-6264,-177,3221074050
snake,6620,-13860,14804,15846,23826,9984,2552,4120,21500,-3464,4105,2581,4948,15372,2192,445,-3705,-1011,3324368939
snake,3404,-5096,20656,26698,23804,8541,2348,3508,20560,-2238,3696,3195,4172,15104,-940,-1418,-2340,-1560,4056233829
snake,2464,-3672,24636,25923,21361,7506,2064,3304,20596,-229,4088,4081,1532,15608,-276,-1511,-2271,-1052,1298267854
snake,3068,-3164,23928,19609,18286,6623,1460,2936,20740,840,5524,4681,1572,15448,-172,-1460,-2396,-116,1892385888
snake,4392,-4392,22524,11797,16596,5837,1604,3596,19156,-1387,7177,4556,992,14400,-40,-1626,-2262,1291,3669296685
snake,3480,-3288,24028,7297,15020,5263,1600,2636,19396,-1892,8367,4989,1364,14292,-548,-1167,-2625,2056,3884076798
snake,2380,-592,25348,2245,12170,4864,640,1808,21580,-885,9860,5773,1716,14784,-1648,-1175,-2838,1944,2360055412
snake,2452,-68,23160,-1496,9051,4688,240,100,26096,-1112,10976,6143,1640,15176,-648,-554,-2840,1364,1358236429
snake,3112,-1248,20552,-4667,7685,4159,1460,-3192,29956,-2249,11314,5179,1028,15320,-564,-336,-3241,1112,1385929910
snake,2724,-2240,20236,-4899,7036,4047,2100,-1116,30316,-6507,12900,4834,1792,14920,-1288,-24,-3146,583,1637252849
snake,2520,-2112,19484,-4588,6945,3690,-2576,3636,31840,-18178,13144,5243,3020,15848,-1312,147,-2412,-205,4291655978
snake,1284,-1552,20096,-3463,7009,3817,-9408,3104,31824,-27551,10533,7471,3460,15884,-1800,511,-1501,-907,1851397301
snake,980,-2200,20368,1209,7092,3971,-13972,5636,29048,-32768,5716,8044,3820,16500,-1836,755,-1194,-830,434380733
snake,908,-788,21124,5906,7397,3975,-14208,372,32767,-32768,947,8532,3628,16768,-1456,311,-1330,-43,4140826241
snake,544,-1772,20020,9646,7648,3834,-11952,-7564,32767,-30523,-5025,7977,3852,16672,-1184,-246,-1437,745,2917030285
snake,392,-1776,19452,12669,7802,2681,-10612,-13908,27712,-19883,-8850,5477,4416,15964,-812,-749,-697,951,2322531123
snake,808,2288,21728,10558,6505,2304,-5868,-18432,20820,-6755,-12479,-2195,4948,14068,-436,-1045,395,891,3015797513
snake,760,2992,20720,6787,4572,2337,-2432,-21592,15760,6354,-16079,-8345,4544,12928,4,-870,829,686,832929804
snake,1236,2584,18016,464,3083,2504,-3872,-13168,14144,7581,-19723,-12921,1708,13644,216,-878,1062,723,1776723933
snake,872,-1888,16792,-5100,807,2459,-5868,-8692,9732,3490,-24053,-18078,2420,13688,912,-1068,1054,926,3809180637
snake,1640,-3932,15964,-7825,-1184,1922,-5400,-4644,5140,-1674,-28016,-23897,1784,14012,652,-614,1094,753,4060484091
snake,2976,-3416,16088,-9844,-3213,1393,-6776,-2680,816,-6157,-31668,-27693,1008,14464,396,-423,910,584,2231901337
snake,4548,-3168,14808,-11763,-4355,315,-7972,-2584,-7952,-3312,-32768,-32019,188,14400,-68,-367,715,726,2109348352
snake,3184,-3144,13700,-15080,-4831,-909,-5448,1504,-20244,4131,-32768,-32768,316,14328,-4,-589,856,960,4286850689
snake,1908,-5244,13440,-16562,-4422,-1789,-1252,7104,-28216,15433,-26079,-31711,1296,14400,660,-1005,657,1186,2642680097
snake,1932,-6988,13384,-13689,-3442,-2562,6028,16564,-31920,25351,-16789,-24195,2684,14708,828,-1267,-196,1032,760214010
snake,3292,-6580,14332,-9389,-2353,-3149,15192,27364,-32768,29581,-4518,-12828,3120,15312,728,-1089,-867,638,2705254848
snake,3808,-5360,16144,-5832,-1240,-3306,17124,32767,-32768,20844,8066,-1841,2296,15992,-352,-722,-945,403,3150100162
snake,4008,-4472,16660,-4357,-777,-3004,14804,32767,-23016,4031,15612,3982,1284,15880,-644,-734,-546,266,2482194549
snake,4544,-3784,16548,-5792,-326,-2638,3300,9620,-2724,-937,16364,5679,372,15544,1332,-915,-1031,247,3766921608
snake,4072,-4040,17864,-8636,37,-1625,-6392,-672,27344,-1425,13009,4721,72,15064,5764,-172,-3288,7,4217344529
snake,3448,-4124,19512,-10490,768,-221,-316,-5576,32767,-4457,8476,-1500,1548,16008,5324,991,-6897,-857,3648673662
snake,3384,-4468,20464,-11890,1808,1087,9860,3068,25880,-5089,11738,-584,4000,16936,2008,1309,-7957,-2512,1241958960
snake,4324,-5068,20476,-13265,3335,2182,13364,996,21800,6558,17571,1296,4612,18236,-256,1236,-7904,-4677,3022522732
snake,6240,-6788,20132,-12672,6472,3087,9392,4924,21604,5472,20831,2021,3996,18836,-1072,741,-6253,-6445,1306459017
snake,4524,-7912,23724,-6359,11911,4614,5332,2512,28932,-5057,21304,407,2224,19276,-1060,-243,-4988,-6893,423172274
snake,2484,-6536,24628,913,18077,7604,3676,-2632,32767,-16094,18664,-2508,1080,20236,-328,-1074,-5548,-5793,2341039224
snake,-2312,-13748,32767,16979,24905,9916,6612,-5376,29784,-19316,15828,-5395,1892,19256,-772,-1932,-6017,-3554,4057024565
snake,-10028,-32768,32767,32767,28740,8375,3084,-3344,26828,-18855,14287,-7043,4612,18376,-2788,-3390,-4542,-1774,1786713751
snake,-15200,-32768,30620,32767,25728,2350,-3036,-1536,26196,-18924,12644,-7648,6084,14952,-2040,-3642,-1609,-1507,2315547981
snake,-14424,-19180,6468,32767,16656,-5121,-4228,-896,25220,-16644,10833,-6498,6668,11824,-1712,-3265,1374,-1730,994035866
snake,-14544,-548,-1068,32767,10789,-10248,-1412,-4140,26228,-8445,8486,-3591,5812,7780,1620,-1959,4365,-2545,498956971
snake,-17108,3248,6740,32767,2812,-18830,-1344,-2384,25704,-4486,3543,-2054,3188,6732,3100,402,5170,-2621,2213054832
snake,-16276,4836,14652,28406,-5188,-21745,368,-2496,21692,906,-2772,-43,952,6060,2820,3287,4754,-2006,574591339
snake,-15064,9640,16168,20559,-16928,-21684,1732,172,17184,6876,-8573,1724,-36,5528,720,5055,4233,-1354,2039026457
snake,-5888,26088,18312,9635,-29364,-18266,716,2232,13840,12967,-12544,5419,160,5948,-608,6467,4485,-400,3634951164
snake,1792,32767,11308,-15474,-32768,-9452,1324,1908,12640,16209,-14588,8103,1168,7596,-2788,6779,4345,1027,1782410254
snake,2024,29628,2660,-32768,-32768,-1823,292,1420,11056,18663,-15464,9242,3652,9640,-5580,4639,3463,2106,1252437112
snake,568,16276,-6004,-32768,-32768,1195,1348,3372,8528,18731,-14654,9284,6936,13216,-5052,1971,3847,1882,3068681607
snake,2316,5600,-12888,-32768,-32768,887,3704,3328,9256,18269,-12754,9308,8440,20636,-1612,3994,8637,997,4183382250
snake,4776,3352,-15408,-32768,-32768,-874,6412,2684,11520,16378,-10031,8938,3220,27576,-1100,4387,11932,1127,1093824195
snake,4980,2336,-17592,-32768,-32768,-1526,7912,2172,11536,12183,-6728,7342,-5516,29020,5256,1767,9157,1749,3575898135
snake,6828,-3064,-15336,-32768,-30608,-1720,10324,2748,10808,8266,-3123,5564,-4888,23396,5692,521,2456,3294,2291556687
snake,13308,-13228,-9068,-24674,-24973,316,11840,3504,12596,5415,-25,4238,36,19388,-3080,-2148,1496,3429,3701936778
snake,14000,-14900,4016,-5412,-17924,4795,11332,2368,15132,5187,2521,3547,-4,15084,-468,-3891,809,2350,4151745386
snake,8772,-9804,16488,7452,-13102,10370,9672,2672,17192,4801,5013,2854,-1484,14444,-1228,-2649,-546,1537,569328205
snake,9488,-3668,16756,5291,-9934,13305,9200,3264,17148,4642,6145,2238,-1796,15752,-1120,-1584,-1699,1100,2964234413
snake,17116,-5036,9012,132,-3019,14599,8268,3612,17364,6050,6558,2040,-1708,15552,-524,-1360,-3848,459,742564355
snake,17156,-6544,4952,-3494,4124,14931,6800,4548,17636,7968,7524,2647,1540,15704,192,-926,-5379,337,2480495726
snake,13108,-10880,8284,-1429,10392,14207,6068,5512,17572,11710,10090,4426,2020,15768,1744,-232,-4535,184,1520889292
snake,7984,-13328,13080,6634,15801,13650,5136,6480,17624,13207,14484,6623,3168,16104,-1064,-859,-3412,439,1816610433
snake,5260,-12648,17428,13843,18598,12443,4372,5252,17412,9488,19438,8134,3804,15264,-364,-1239,-2062,411,2575208910
snake,4008,-11408,19356,17552,18362,11472,2928,3688,19136,1721,23122,7976,3804,15588,-132,-1199,-1395,470,2010076905
snake,2468,-10276,19952,18316,17482,10384,-208,1428,23936,-6172,24654,6944,2552,15648,-888,-1087,-1358,1157,726148387
snake,1012,-9540,20116,16743,15974,8831,-2968,-1980,30976,-10076,22301,6011,2372,15312,-1596,-1130,-872,1792,2490863921
snake,108,-7072,22816,15599,13510,6761,-4120,-3928,32767,-8667,19192,4920,2724,15292,-2184,-916,-362,1790,450369571
snake,980,-5840,24528,15231,10727,5184,-4308,-1376,31232,-3051,16197,4506,3220,14480,-2444,-1084,389,1418,450574647
snake,1372,-4228,23916,14467,8641,3767,-1640,10040,23352,-7023,15304,5260,2560,13508,-1344,-1155,737,574,4262463647
snake,1704,-3184,22712,11951,7010,2882,-5656,6084,32767,-24354,10735,3359,1780,14116,-976,-1074,211,305,2197491522
snake,1784,-2200,21868,8950,5972,2168,-7584,-8252,32767,-27571,4051,543,1536,14592,-872,-1094,-136,286,1653725257
snake,1672,-1456,21904,7391,5123,1998,-4728,-11560,29920,-18345,74,-1569,2240,15132,-700,-1020,-226,140,1141476119
snake,1824,68,21388,5980,4007,2573,-3760,-5612,26800,-11995,690,-3263,2568,15512,376,-504,-321,-87,219213013
snake,2256,-272,20728,4105,3522,3189,-4216,296,32767,-14232,-992,-4367,2488,16212,668,-96,-238,-74,796826618
snake,1944,-1508,19496,2566,3486,4139,-5196,-60,32292,-16858,-3789,-5721,2592,16160,252,4,-305,346,1117628768
snake,1292,-3364,18596,2702,4077,4613,-5904,-3976,27480,-16876,-7785,-8636,3592,15600,400,135,-51,787,1792360383
snake,392,-2724,20076,3060,4355,4927,-7824,-6076,22928,-14025,-11719,-12181,4092,15656,92,440,782,1013,3324243710
snake,1344,-2412,20304,4428,3674,5370,-10244,-3340,19864,-13712,-16231,-17366,3812,15664,-344,-163,1779,1332,4129891886
snake,1544,-2200,19092,3612,2513,5417,-4912,464,16292,-19666,-20776,-21642,3148,14660,680,-776,2341,1694,1094014120
snake,1412,-3428,15844,777,1389,4709,-5916,-1592,9284,-25423,-23119,-25815,2920,13340,1028,-662,2427,1604,663269133
snake,2052,-5204,14320,-2713,167,3447,-5792,-6588,1940,-24613,-25452,-30185,2616,12900,876,-429,2645,1122,1890246232
snake,2616,-5408,15184,-4876,-901,1776,-6412,-7188,-5476,-11881,-26446,-32768,2580,11960,1128,-187,2666,463,1648903660
snake,1680,-4920,15204,-6089,-1945,161,-5064,-188,-13356,4762,-24113,-32768,2504,12328,1064,467,2007,-366,733708373
snake,1732,-4104,13924,-8759,-2665,-1400,-1288,8140,-19912,20401,-19587,-32325,1296,13496,228,632,956,-1059,2870535569
snake,2120,-4812,12952,-11455,-2886,-2713,1548,18248,-22420,31470,-13854,-22259,-64,15360,-604,479,536,-967,3372917975
snake,2756,-5516,13988,-11333,-2989,-3853,6384,28932,-24680,32767,-9042,-10270,-796,16284,-116,327,136,-433,966387866
snake,3272,-5264,15696,-9194,-3235,-4683,11084,32712,-25572,27651,-2897,-808,-880,16612,592,209,-567,276,2945357895
snake,2736,-5268,15936,-7605,-3094,-5050,9088,26140,-22024,18450,1796,5495,328,16288,580,227,-1364,683,748933433
snake,1748,-3680,16984,-8914,-3068,-5457,1404,12588,-7680,19032,5994,10382,968,15860,1120,260,-2528,635,3457929647
snake,3440,-4404,15868,-11854,-3289,-5407,-3492,6144,17016,8328,2393,9460,1540,14892,1776,310,-4227,197,2917128631
snake,4448,-5312,18752,-10754,-2193,-4683,2124,5304,21512,-7388,1201,2646,1432,14864,1524,-32,-5620,-418,3363647814
snake,4148,-4940,21304,-8024,-1473,-3271,10572,-1684,19164,-4770,2768,4040,2020,15696,592,-340,-6794,-1163,1481812283
snake,5144,-5772,20844,-7142,-559,-2618,15064,-3048,17004,10673,10095,6399,3324,17788,-712,-44,-6886,-2338,1739043882
snake,7812,-7676,19228,-5349,1725,-2168,15612,2776,17204,12251,15171,6437,4080,19724,-1400,-103,-6470,-3857,1875735711
snake,7008,-9636,21292,1204,6528,-1735,12912,3112,20268,7612,19262,4868,4000,19236,132,-34,-5837,-5244,80820997
snake,3744,-7592,28604,11496,10596,-593,10624,360,26236,625,22059,2753,3440,18536,-204,2,-5113,-5965,1384869243
snake,3028,-5844,23668,18259,15391,1022,7396,-560,31824,-7614,22981,-462,2376,17220,-356,-753,-4675,-5422,3647913198
snake,1116,-6052,25464,20997,22485,405,5564,-2548,32512,-13548,20313,-2616,2056,15728,124,-1008,-4009,-4279,2287495555
snake,-6108,-18524,32767,32767,26248,-873,3212,-2088,30068,-14606,17932,-3050,3276,15768,-1664,-1342,-3065,-3023,3830164282
snake,-12048,-21024,28644,32767,27519,-4641,-1240,-1780,27748,-12819,16329,-1985,3940,14932,-2188,-1864,-1218,-2358,254632637
snake,-18028,-6516,19180,32767,20564,-8971,-1600,-984,27556,-10725,14794,59,4344,12204,-1716,-1898,743,-1730,968412938
snake,-17920,2824,11972,26572,9441,-10983,-2528,-860,26340,-11295,11676,1433,4332,9984,76,-1439,2540,-1720,173610999
snake,-15152,-720,11156,16614,236,-13678,-3344,-2524,25684,-10624,7681,3208,4572,9628,1140,87,3996,-1839,2298546017
snake,-11308,-816,14388,11105,-7022,-17129,-1192,-5608,26084,-7944,1809,4100,3368,9552,600,2115,4931,-1837,3811041165
snake,-13368,168,15112,9219,-16472,-18683,840,-5096,21412,-4092,-4306,4109,1360,11176,-728,3312,4903,-1451,3855337349
snake,-7740,14272,14068,7643,-27009,-18455,1876,-2616,17820,-937,-8842,3802,1568,10772,-1320,3329,5216,-939,2748420341
snake,-1864,26208,9772,-4754,-32768,-13797,2552,-1304,14068,4033,-12330,4531,1000,10036,-592,2979,5328,-285,1962394133
snake,512,25152,3324,-21896,-32768,-7959,1508,-660,12300,10882,-14007,5432,1444,9840,-1120,2131,4742,369,2233827331
snake,1992,16908,-5088,-32768,-32768,-4913,340,-392,11656,15390,-13826,5590,3544,12500,-1600,1069,4547,824,3596350665
snake,3968,9556,-10592,-32768,-32768,-3446,1800,964,9568,16623,-12199,4749,4720,16196,-648,1357,6947,705,2883933017
snake,7040,2916,-14084,-32768,-32768,-3776,5224,1788,8352,17259,-10854,4217,2640,21368,-876,763,8146,459,3492649676
snake,8796,-2368,-16512,-30085,-32768,-4288,7508,1952,8884,17037,-9273,3510,-2840,23936,3712,262,6982,861,1357744729
snake,12008,-5604,-15216,-19832,-26993,-2758,7104,1608,10380,16421,-5493,2724,-4508,23956,3604,466,3548,2412,1648506443
snake,15580,-5736,-5888,-1001,-21882,2261,8736,1904,11176,13829,-1426,2026,-1324,20300,-2540,-494,3143,2868,3725959190
snake,10836,-8408,17472,10847,-18878,7120,11848,3360,11776,11568,1743,1636,-2188,16156,-344,-1650,1954,2806,2052717848
snake,13240,-6012,21736,18703,-14333,11839,11552,3756,14040,10330,4983,1159,-2032,14624,-996,-1822,125,2665,2295009606
snake,17104,-2812,15928,8822,-6477,12757,9848,5184,15988,5672,8116,531,-1468,14128,-948,-1393,-566,2192,1351116286
snake,20888,736,4412,-1696,2821,12130,7800,3160,18448,2327,10838,1597,-252,14412,-316,-658,-1194,1569,2865297053
snake,18184,-2720,3640,-4050,10323,11686,6976,3260,20400,-48,11829,2766,1612,14288,932,347,-1490,421,2900224633
snake,12980,-7340,9652,401,14936,10389,5208,4740,21672,-2000,11288,3708,128,15248,712,816,-2095,-282,360455456
snake,10940,-9724,14816,8151,17354,8801,2920,4764,22152,-2394,11034,5186,1176,15680,-352,575,-1539,-348,1295082033
snake,8332,-8296,17868,19572,18819,8184,1636,3904,23220,885,12154,7253,1936,14556,640,650,-950,-156,4060490961
snake,5356,-2292,20648,24524,18148,7644,-684,-120,25604,8582,13739,9146,1484,15680,-528,690,-967,181,4037994659
snake,3248,-244,21336,22196,15875,7798,-2388,-304,25576,14491,14672,9326,1844,16120,-1956,938,290,964,2356982612
snake,2316,-820,21384,17379,13954,8044,-2980,-1760,20276,17893,14517,9394,1696,16576,72,622,505,1411,566157139
snake,2116,-204,21724,9889,11569,8185,-3872,-4132,15440,24464,12996,11912,1344,17420,732,695,-274,1960,1300434359
snake,2784,-1968,20700,4230,9936,8139,-420,12588,10872,29758,13022,10484,1236,15840,972,666,-1303,2456,2572994117
snake,1732,-1788,20488,477,8767,7780,812,22344,16764,11432,12462,8608,2340,15024,-588,364,-2007,2435,1811202085
snake,1224,-1708,20076,-2243,7344,7105,-1032,16120,18876,-5891,13204,7152,2720,13748,-1040,-30,-2013,1703,2202080047
snake,2232,-1684,18672,-4182,6093,6046,-1424,12504,19008,-18321,13837,7385,1928,13328,-1072,-126,-2009,804,2030747764
snake,2600,-1804,17748,-3700,5688,5449,-4928,6512,23916,-20331,13015,7871,180,14568,-392,211,-2333,332,3514590287
snake,2932,-1132,17844,-2931,5284,5214,-3500,5048,28996,-20752,11754,7353,124,14728,-148,714,-3324,520,2433129936
snake,3196,-1876,17280,-1479,5418,5084,-4028,2180,31840,-22554,8336,6931,1392,15188,-892,945,-4022,373,203949430
snake,2744,-2424,17412,625,6114,5281,-5736,-100,32767,-24742,3185,5156,1328,15932,-904,1013,-4448,-1,3397066724
snake,2708,-2496,17392,3478,6964,5345,-6556,-5224,30236,-22825,-448,1472,1836,16704,-772,947,-4204,-10,3949020604
snake,1992,-1036,19080,3996,7093,5440,-5728,-9404,30324,-20123,-4243,-3834,2216,16580,-912,708,-3678,178,526524012
snake,1836,-596,20128,2864,6404,5594,-4760,-7724,32767,-21333,-9396,-7509,2476,16028,-1028,701,-3110,669,2166416491
snake,1956,-1580,19148,72,5231,5338,-4292,-7108,31384,-25068,-14395,-11749,3092,15264,-1868,482,-2086,1029,1252322406
snake,1904,-2960,17804,-3038,4310,4731,-7148,-7296,26592,-31232,-18514,-17665,3828,14700,-1716,233,-949,1225,2140972251
snake,568,-4604,17988,-4397,3402,4075,-6896,-7404,19964,-32768,-21474,-24161,3568,14476,-1188,68,-37,1081,2001024399
snake,656,-4620,17736,-3452,2124,2987,-6884,-4452,16304,-32768,-23831,-29265,3564,14308,-840,159,587,1105,658259274
snake,600,-3876,17448,-3988,1036,1957,-7064,-2864,10772,-32768,-25180,-32768,4212,14588,-768,94,944,1109,1075667301
snake,408,-3948,17876,-5954,-383,681,-7424,-4076,5668,-30859,-24894,-32768,5136,14728,-1120,43,2101,875,3988277629
snake,1668,-5132,16072,-7652,-1917,-829,-8476,-6216,1008,-20493,-24386,-32768,5048,14216,-492,126,3343,503,1435810616
snake,2168,-4904,14436,-9929,-2629,-2268,-8148,-6208,-6368,-3526,-22257,-32768,4160,14896,-1156,191,3935,396,3702588503
snake,1972,-5248,13796,-10285,-2539,-3903,-7404,-1372,-13624,16393,-17933,-32768,2780,15552,-1872,-219,4293,755,1084798269
snake,2556,-4512,14608,-8322,-2305,-4844,-4844,7596,-18272,31837,-14655,-32768,1832,16316,-1712,-713,4550,1442,983360150
snake,3064,-4728,14880,-4035,-1677,-5331,420,17888,-22940,32767,-10977,-23163,1224,16116,-684,-328,4877,2116,1589544731
snake,3812,-3908,14668,-1107,-902,-5436,9712,31232,-27884,32767,-5301,-12303,1000,15692,-1340,-232,5027,2421,1274352425
snake,3628,-3716,14604,526,-90,-5333,17284,32767,-31144,30535,4668,-2962,1048,14892,-1620,-774,4969,2031,21412853
snake,3244,-3076,15828,616,399,-5099,19664,32767,-29216,4470,14943,491,-584,14248,380,-1644,3655,1256,3390379515
snake,3008,-2668,16296,-315,637,-4671,10804,12728,-12768,-9232,21688,3136,-3840,14060,6236,-1405,-1236,802,475594001
snake,3396,-1984,17588,-2012,953,-3923,-10648,-2260,26764,-9561,19443,3412,-2204,15100,1560,519,-4529,653,2853245656
snake,3488,-2500,19020,-3778,1622,-2864,-12972,-6456,32767,-6187,6578,707,164,15612,-3932,-1110,-5787,-49,1538132189
snake,3916,-2564,20960,-4904,2495,-1941,11652,-2936,29044,3203,16780,3420,372,16004,-1828,-2347,-7849,-776,972313413
snake,3700,-2688,23300,-5747,3149,-1021,14276,1084,18876,16231,21274,4616,2820,16992,1216,-2218,-8965,-1221,3165954739
snake,4476,-4120,23464,-5568,4242,-512,11752,6068,16340,14153,24097,3788,4360,18256,2120,-141,-8191,-1566,3091869845
snake,5784,-6540,23128,-3066,7113,-485,5296,3328,22932,4620,23104,1810,6532,17864,232,1462,-5271,-2903,3458271749
snake,3988,-5420,27392,1643,11192,189,3332,-1788,29536,-2369,20955,-1157,5344,19596,-2416,-237,-3718,-4133,3024963713
snake,1980,-4748,25624,2533,16673,445,4584,-3172,30756,-6984,19614,-3296,3144,20288,-1260,-1040,-3331,-3909,3667117831
snake,-5720,-9316,28776,2475,22314,565,1472,-448,30540,-9737,17985,-4176,2840,18160,-136,-1592,-3266,-2930,875519799
snake,-11144,-23888,32767,22362,24306,-1191,-716,944,28792,-11134,16257,-3325,3924,16280,-1364,-1242,-2855,-2175,957899011
snake,-15480,-17828,24480,32767,21812,-4645,-2712,2948,25332,-10739,15307,-1117,5968,13140,-1720,-803,-790,-1922,3872043029
snake,-14484,-6472,10092,28819,16782,-8455,-2272,-1192,26340,-9355,13430,2650,6172,10824,-584,60,1785,-2046,716473748
snake,-12836,-1688,15568,18076,8902,-11723,-420,-2672,29064,-7227,8726,4322,4344,8000,-180,1396,2361,-1586,145768279
snake,-14440,-2824,22440,9580,-1532,-15118,-2052,-2404,25272,-7775,3400,5293,3260,6984,-1492,2596,2578,-1080,3921579288
snake,-13304,-268,20884,4660,-12586,-16673,-1500,-1964,18808,-4084,-166,7081,3224,8616,-3264,3382,3313,-694,3784823030
snake,-12748,2016,17660,6827,-22474,-19405,-1016,-3168,19796,882,-4150,8243,3148,9272,-4412,3309,5778,450,1762955821
snake,-9364,5472,12036,5671,-31650,-19979,-660,-3732,19228,6722,-8517,7544,4144,9316,-1592,2587,7151,1584,1805396479
snake,-4988,6632,6616,333,-32768,-18357,-508,-2216,14760,12335,-11381,7311,5620,9684,360,2501,7514,1891,3017111444
snake,-3460,7832,2588,-6701,-32768,-16101,388,924,9244,19298,-13286,7890,5944,12416,472,2889,8795,1608,1807063134
snake,-2188,7868,-1152,-10583,-32768,-13438,540,4464,7996,23419,-14389,7891,4292,16700,-792,2289,9762,1453,2985011595
snake,2056,5872,-8816,-13398,-32768,-11378,540,5080,10628,22878,-13930,7493,2148,19884,-1748,1044,10592,1856,2709688134
snake,8424,3120,-15188,-12697,-32768,-8469,1548,4080,11736,19699,-13835,5604,896,22304,-604,-60,11464,2299,1977078326
snake,13008,1968,-15528,-9057,-31685,-4952,5748,4676,9080,18870,-11635,4432,-2988,22024,6692,121,9021,2731,2514976252
snake,15636,5396,-13000,-4692,-24476,-1386,8472,6356,6432,18639,-8852,3885,-496,20396,668,530,6396,2984,74947500
snake,17232,5712,-8952,-1621,-18301,2672,9092,6404,8436,17642,-5088,3540,816,16764,-968,-587,5387,2350,1008506969
snake,18304,-5316,7248,6950,-14062,4680,10324,6240,11008,14149,330,3319,-512,15268,-2844,-1056,3016,1413,556769854
snake,21088,-7572,11868,26973,-6263,8340,12768,6024,12756,8172,5744,2756,-1396,15816,-3972,-1872,850,1065,2030127003
snake,19596,6968,6240,24500,6111,10755,13168,7204,14384,2104,9785,2274,-2116,16608,-948,-1634,-1579,1195,177179014
snake,18320,8864,2864,7334,15086,10752,10592,8040,17808,-3180,12397,2208,-744,16484,892,-877,-4462,824,2909174531
snake,12964,5620,5308,-7507,19515,9468,7312,6264,22368,-7028,13389,2731,1396,18112,64,-124,-6562,253,876284185
snake,10884,-1676,10700,-8137,21318,9246,5284,4380,26040,-7680,13010,3782,3344,15716,-860,174,-6812,-457,3045839133
snake,8368,-8396,15832,8539,25389,9514,3640,4580,27636,-7211,12283,4951,3900,15180,520,826,-5324,-1246,2430336709
snake,3260,-1256,23592,24329,26005,9404,3172,5880,27156,-7235,11695,6147,3760,14840,-704,-248,-3198,-1760,1890502309
snake,476,5308,26084,26461,23224,9802,1220,7060,27816,-10097,10945,6634,2156,14236,-1092,-928,-2766,-1641,3777936638
snake,-704,4980,24996,25428,21157,10603,-1188,4092,29132,-12441,9856,7047,2208,14696,-1820,-975,-2534,-775,2209032636
snake,-940,4616,25108,18273,18365,11115,-3220,900,31112,-8860,8177,7879,2524,14812,-1572,-1176,-1955,239,1616611176
snake,-1196,1016,23700,11758,15930,11093,-3816,-1344,32767,-2555,6040,8815,2896,14360,-568,-1096,-2135,870,333355612
snake,-972,648,22764,6664,14709,10150,-2232,-664,31592,2432,3771,9077,3160,14796,-1468,-775,-2373,860,2904620159
snake,-1592,2184,21744,618,12544,9401,604,80,18992,10788,3927,10127,2368,15088,-1408,-708,-2322,607,1696323982
snake,-1004,2924,20932,-4436,10080,8231,-1864,4852,13964,11922,3700,10640,2828,15364,-1548,-657,-1962,406,1074802195
snake,-672,1136,19064,-5948,7478,7514,-3624,3748,16048,4506,2377,10163,2712,15364,-1140,-874,-1960,233,4202780833
snake,100,1124,18348,-6072,5624,6807,-2592,-548,25176,-901,-216,9573,2804,15316,-880,-1102,-2297,266,3710134119
snake,792,496,16948,-6998,4502,5669,1108,-4140,22964,-1249,-1189,7372,3120,15468,-1004,-1279,-2650,443,1769815272
snake,728,-1276,15864,-7183,4225,4656,520,-3660,19496,4193,-1039,5470,2784,15484,-460,-1321,-2646,579,4079438039
snake,776,-548,17364,-6395,4203,3612,1736,688,20264,4519,-530,3237,2612,15000,-256,-1052,-2434,600,1269844752
snake,1004,-260,17148,-3676,4516,3235,1008,3124,24228,-4115,-603,26,2576,15548,-1116,-607,-2150,522,2682497988
snake,-196,564,17944,-1213,4837,3487,552,3428,30528,-10895,-3876,-2520,3204,15332,-712,-397,-1837,219,3215731552
snake,-212,1016,18088,1140,5191,3650,3100,1952,26240,-13572,-4662,-5964,3588,15788,-456,26,-1439,-85,3341321892
snake,2728,1168,18892,2225,5430,3931,-968,6128,25892,-18840,-5142,-6924,2480,15664,224,58,-1464,-175,1596168677
snake,1404,1224,20308,3751,6127,4468,-2384,11320,25700,-29351,-5611,-9747,2056,15476,96,359,-1443,-77,2314334202
snake,-1524,2076,21636,3830,5800,4809,1168,8660,21504,-32768,-3836,-14702,3384,16888,-904,195,-1363,244,4196764284
snake,-1904,3404,21760,335,4199,4892,176,-3320,19264,-32768,-2464,-20729,3328,17488,-352,-567,-2020,720,3088784981
snake,-768,2740,20464,-5473,2600,4969,-2872,-5144,19924,-32768,-3139,-27250,4820,15736,1312,-307,-1978,867,1210109138
snake,204,184,18972,-10605,1564,4923,-3580,-3636,15516,-32768,-4232,-32768,3700,15748,1356,4,-2979,901,2558943628
snake,204,-2304,16816,-13934,295,4720,-3276,-2628,10232,-32768,-5241,-32768,4104,15000,-132,272,-2997,1061,203647039
snake,428,-3728,16104,-13108,-761,4205,-8140,-10088,6920,-32768,-8934,-32768,4796,14084,-1828,99,-1821,601,273934505
snake,2320,-3136,13884,-14776,-2551,2734,-6476,-13932,-4344,-32768,-10828,-32768,3240,13368,-3108,-358,-531,381,3802465515
snake,4848,-5364,12936,-15956,-3138,1338,-2956,-6884,-12272,-13837,-5888,-32768,2812,11368,-2140,-627,729,445,2746896067
snake,4244,-7308,14192,-11537,-3184,-713,-4076,4816,-11960,16678,-2932,-32768,1192,10188,-1152,-666,1794,441,1956519700
snake,3272,-6136,13856,-7471,-3661,-2316,-3724,17616,-14020,32767,-3146,-24593,1516,11520,-1596,-547,2486,616,1779365314
snake,1036,-5984,13276,-3847,-3098,-3926,788,24368,-18324,32767,-4372,-10296,1140,12444,-1596,-767,2849,912,2597579176
snake,1336,-4712,12980,-1946,-2868,-5009,3856,24848,-21792,32767,-3143,592,900,14740,-1248,-1105,2792,1299,1396369637
snake,3236,-5272,12244,-2279,-3198,-5679,6056,31396,-21828,32767,-312,8332,556,17492,168,-928,2412,1762,121135169
snake,3044,-5524,11728,-3394,-2777,-6125,10056,32767,-21220,32767,1755,13470,316,17816,2740,-135,957,1656,3007044406
snake,2200,-5064,12608,-4004,-2113,-5987,12032,32767,-11136,19931,5681,14065,-736,16304,5004,881,-1767,1241,2918726541
snake,1932,-4264,13692,-5095,-1285,-5636,3784,2744,16920,-4281,6463,8224,924,14068,3404,804,-4836,707,3905636184
snake,1716,-4184,14976,-5672,-33,-4918,-5292,-7868,27224,-9248,-1675,2052,2696,12468,2332,532,-6676,-299,1455903038
snake,1572,-4940,17088,-4076,1384,-3633,2588,-6496,22256,1453,-7860,5013,4080,12568,1948,750,-7457,-1813,1081018878
snake,2236,-4280,18636,-2710,2439,-2640,13832,-2576,19884,13523,-417,6870,5440,14280,444,1602,-6428,-3492,1282692115
snake,1980,-3412,19292,-4247,2386,-1885,15776,-1972,19152,19206,4338,5078,4328,15700,-112,1596,-5763,-4308,4228059135
snake,1248,-3344,18812,-5838,1979,-1350,14636,-4416,19452,23238,5753,381,4048,16648,-1056,1221,-5672,-4003,729616714
snake,1776,-4152,17824,-6576,1940,-1427,13788,-2812,17920,26953,6203,-4476,3620,16744,-1876,732,-4927,-3099,1860697329
snake,144,-5048,18736,-6448,2490,-1394,14256,808,17456,32767,9652,-4896,5672,15584,-2252,300,-2951,-2797,769812731
snake,-1060,-6032,19208,-5849,3155,-1575,14164,5060,16912,32767,14568,-4789,5788,15652,-3004,65,-1180,-3394,146801901
snake,960,-7556,19404,-3498,3798,-1855,13056,5812,18040,26303,18234,-4806,7220,17740,-2972,-205,-126,-3515,963032822
snake,3876,-9420,18676,547,6533,-2437,12756,5728,19732,17264,19777,-4658,5980,18604,-2840,-451,807,-3784,1304513976
snake,-724,-8656,23576,7369,10291,-2678,12496,6812,23376,10332,20776,-4299,5000,20332,-2240,-1030,1558,-4612,868769930
snake,-464,-4828,23524,9642,14508,-2766,11036,8832,26032,7580,21786,-3404,2748,20144,-1872,-2830,1554,-4900,2147364455
snake,-368,-5880,27108,7796,20022,-2872,8624,7932,27868,7076,23628,-1842,728,16592,-136,-2562,1580,-4279,4227644943
snake,-10488,-12764,32767,20324,25935,-3371,4772,7704,28712,5807,25612,-821,424,16988,-204,-2463,712,-3661,3221606376
snake,-15840,-12084,30912,32767,26976,-4513,936,8648,28848,2652,25914,469,836,16296,-632,-1795,985,-3356,1795125848
snake,-18048,4704,20420,28280,24284,-6847,140,8584,28904,-2209,24307,1295,1708,14592,-664,-1687,868,-3388,1263362663
snake,-18956,8328,13868,12094,19084,-7775,-1604,9048,28892,-10262,21250,2470,2620,11480,68,-610,1831,-3401,3280217795
snake,-16948,-7596,17312,4122,10517,-9781,-4140,8300,26292,-12564,17276,5739,1744,9124,-940,6,3196,-3686,3478192966
snake,-13388,-9956,17036,4545,1609,-13196,-4300,6732,22128,-11737,12829,9711,624,8772,-408,888,3758,-3273,1231658445
snake,-5048,6952,23272,7253,-8401,-14291,-2304,4660,24712,-14729,7963,10526,-380,8988,56,2477,3646,-2016,3123884238
snake,-2208,17372,21564,1163,-19512,-12823,-584,408,25732,-19635,2013,9880,568,9880,-948,3655,3613,-878,4220433586
snake,1032,13572,16696,-3360,-28180,-10925,652,-1136,19848,-16792,-3757,9113,1552,9816,-1164,3581,3795,194,3249560079
snake,1428,9076,9644,-6725,-32768,-8485,620,1096,10768,-7519,-7173,9971,3300,8396,-200,3099,4315,841,415383492
snake,1452,5216,1712,-7332,-32768,-7163,-968,3900,8264,-450,-9246,10148,5176,9608,820,3725,5566,891,235818160
snake,2360,4920,-5824,-7240,-32768,-4307,-3060,3288,11676,1281,-10685,8394,5792,14200,-1516,3542,7022,566,1780677013
snake,6560,4232,-11940,-8441,-32768,-1524,-1668,352,13528,3375,-11626,5831,4204,20416,-4784,2164,9715,1013,3336311860
snake,7424,1448,-14720,-8980,-32768,696,2328,-136,11800,9017,-10439,3888,-1432,26192,-72,1288,10661,1888,898611099
snake,6104,-1768,-10196,-7646,-28808,2449,6088,1628,7896,17478,-7266,4099,-6188,27924,5268,203,6742,3914,667297471
snake,6884,-6948,-2008,-4654,-27281,4840,7336,5588,9360,21794,-4338,3927,-3744,20320,-632,-1088,3870,4757,1666871911
snake,11416,-11748,6148,-3892,-23947,5675,6184,7000,13864,19248,-2767,3231,740,16164,-1948,-2294,3375,4975,1168180355
snake,9608,-12816,15928,460,-18136,9524,7964,6344,14944,15554,-1238,3154,720,13440,-1340,-2187,2417,4869,1332051309
snake,7876,-6116,18308,-653,-12196,10765,10280,5640,14212,14189,1614,3872,-372,13516,-1944,-1168,1320,3884,3215104079
snake,12008,-2084,8432,-10035,-4971,10208,9644,7920,15252,13403,5146,4751,-1720,13392,-440,166,793,2474,671788329
snake,18420,-6044,-1144,-14574,1970,9018,6580,8896,16268,12973,6243,5779,-176,14036,-1936,711,315,960,3787026662
snake,15640,-10216,4284,-7794,8567,7581,3392,9696,18872,10001,7040,6284,528,16012,-672,125,-719,-21,2445365317
snake,9748,-12072,12140,6849,13427,7142,2068,10540,22600,3338,7911,6144,1312,16840,-68,-321,-1732,54,3382854086
snake,5368,-7992,17292,16877,15459,6129,1380,10472,22316,209,8128,7638,1620,16056,48,-110,-1460,65,1674940583
snake,4148,-7028,19644,16381,14867,4889,268,8984,19596,6129,7445,9800,1592,15648,-688,8,-1705,135,3588433417
snake,4836,-7132,21544,14494,13600,3741,-1568,9544,18496,15038,7379,11510,2520,14660,-1224,-76,-1277,283,3435623211
snake,4832,-5676,22892,12744,12184,3063,-1504,8368,19392,22269,7298,11795,2188,14476,-200,-77,-1224,619,2067580570
snake,4068,-4396,22632,10018,10695,2688,960,7364,18924,25015,7533,11367,1808,14688,-820,-5,-1449,982,29146964
snake,3700,-3216,22180,7746,9053,2440,4320,8288,16476,25078,8540,9781,1528,15280,-1056,51,-1535,1190,451175595
snake,4720,-2168,21820,5565,7489,2110,4476,11736,15240,18870,9522,8122,1520,15564,-2104,70,-1609,1370,1802256826
snake,4752,-1944,21484,4483,6370,2333,3284,14080,14700,8227,12765,5788,1976,14888,-1784,111,-1478,1101,910575896
snake,4080,-1416,21156,3926,5896,2670,3848,15128,25788,-6813,15026,2870,1776,15228,-1416,220,-1757,852,1738682875
snake,3672,-1972,19972,2996,5962,2713,4944,16784,32240,-25765,12252,725,2128,15676,-2204,-37,-1580,636,2848845441
snake,4048,-1800,19080,1547,6295,2589,7416,11648,22188,-32768,12459,-764,1240,15880,-1400,116,-1627,260,3523943314
snake,3344,-764,19784,1578,6910,2795,2912,12680,22664,-32768,16893,-3317,1036,15876,136,500,-1767,57,3590368235
snake,2068,296,20656,3257,7379,3764,-5932,24144,32767,-32768,14121,-3831,1860,15428,304,641,-2877,-78,4095163976
snake,872,-56,20072,5705,8057,4921,-9600,16144,32767,-32768,5488,-7039,3168,16284,-1732,672,-3432,-133,2702290141
snake,876,-1572,19304,7396,8198,5627,-5020,-16652,18988,-32768,461,-16703,3104,16504,-1916,490,-3131,65,73092198
snake,1796,-2916,17520,7966,8381,5515,-1716,-32768,11328,-32768,663,-30558,3552,16036,-2064,-66,-2395,341,603914736
snake,1224,-1764,19392,7986,8062,4792,-4340,-32768,11496,-32768,-671,-32768,2788,15764,-1336,-371,-1312,875,3250598514
snake,-724,88,20704,6445,6212,4552,-7324,-31620,10748,-32768,-708,-32768,3264,15180,-1576,-938,-459,1200,113216916
snake,-1076,-124,18560,3310,4101,3989,-11168,-24468,7988,-32768,111,-32768,4636,14068,-1292,-772,594,1144,3971140597
snake,-1020,-1008,15904,-2146,2546,2870,-14400,-15816,11088,-7612,2750,-32768,6036,13636,-1668,-951,1136,762,254305580
snake,-128,-2600,13856,-8018,1296,1841,-16848,-2620,7580,10738,2175,-32768,5484,14188,-2124,-646,1719,476,1840414139
snake,664,-4428,13728,-9326,395,908,-18644,-2396,1288,23929,-2680,-32768,4864,14524,-3072,-679,3032,398,1004579722
snake,312,-3300,13612,-8637,-541,-11,-18724,-1196,-4420,32767,-8967,-32768,2532,15600,-2892,-1384,3874,723,485108417
snake,1364,-2992,13312,-9059,-1114,-987,-16196,10060,-9852,32767,-14691,-32768,2272,15916,-2296,-2044,4767,1173,686921827
snake,2432,-3176,14284,-9465,-1104,-2161,-9576,23932,-13656,32767,-17906,-21686,1084,14788,-752,-1966,5577,1220,3635056465
snake,2992,-3368,14804,-10054,-772,-3276,-1628,28272,-14620,32767,-18089,-8785,320,14572,-1392,-2138,5497,918,297051700
snake,2400,-4032,15316,-9979,-287,-4376,2916,29424,-14784,32767,-16652,19,-968,14476,-344,-2647,4646,640,2699840199
snake,1448,-4180,16004,-6805,371,-4797,6764,25472,-18736,32767,-13182,4500,-3020,15212,2828,-2621,2203,699,2714633345
snake,1868,-3644,16240,-3653,756,-4692,12540,19644,-22596,25805,-6385,6799,-3044,14804,4832,-984,-1822,969,3623022069
snake,1804,-3712,17116,-2449,1407,-4493,19808,14952,-16536,14086,890,7725,-1092,14724,1172,-741,-4410,688,1275361087
snake,1120,-2272,19452,-4079,1869,-4209,20760,7184,-6420,3179,7286,7054,-260,15084,624,-1071,-5831,4,1756123114
snake,692,-1756,21140,-10691,1490,-4408,14520,-864,7064,-4255,10954,2967,1908,15936,1424,-1059,-6958,-1126,1257741721
snake,56,-1868,23876,-18709,722,-4741,8752,-3708,16208,-4315,6298,-932,4020,16792,440,-734,-7587,-3012,438509999
snake,640,-3648,24976,-23885,508,-4591,10724,-6132,15900,3631,-697,-1800,5124,17604,-648,-428,-7463,-4675,3333157836
snake,4284,-6952,28696,-20919,1481,-3463,23580,-4680,16364,11921,12720,-915,3620,17076,28,-890,-6985,-5132,2397143633
snake,4408,-8980,32532,-11212,4259,-1588,21200,-88,19336,11874,24162,-1752,2260,18440,-460,-1413,-6803,-4230,2211834030
snake,3928,-6620,32767,-3934,6635,820,15536,2020,20876,17638,30820,-2108,2320,18952,-1284,-1951,-5613,-2388,2873890032
snake,360,-10044,31740,-7870,9054,4500,11420,2280,20132,19568,32767,-3804,5004,16524,-2148,-2551,-4194,-1030,1781694111
snake,-5800,-18700,29040,-6508,12728,6994,5580,4012,24880,9064,32767,-7931,6844,16292,-2036,-2894,-2359,-212,2998236387
snake,-10912,-30100,27556,10360,13213,5852,2192,524,26044,-3113,28653,-10245,5564,15976,-1684,-3022,-903,-687,2714737006
snake,-13272,-28532,12868,32767,13079,1791,-1992,2504,26248,-8919,24782,-10662,6224,14536,-1924,-3520,962,-1582,3024085910
snake,-11600,-13980,7904,32767,13571,-5456,-3964,5156,25928,-12463,21429,-9388,5648,12464,400,-2841,3764,-2876,7086776
snake,-15784,-3936,5592,32767,10492,-9945,-2440,2616,28552,-13561,17547,-7896,3024,11616,1836,-1017,5235,-3944,2145091866
snake,-13228,-4244,8364,25127,6265,-13223,-1396,1532,27080,-10471,12421,-5952,-56,10660,2420,984,4625,-3567,1413247936
snake,-10308,-4924,14084,20225,-488,-16447,-1044,2620,24064,-4741,6494,-3169,-24,9280,932,3485,4446,-2554,2572359567
snake,-9072,3128,17108,15990,-10696,-18346,812,4560,19964,3736,1658,-585,-1004,9652,-140,4010,3625,-1322,1857429872
snake,-4724,13764,18564,8516,-21297,-17357,1176,4592,20264,10889,-2380,2000,1020,10592,-1316,4053,3929,180,411833977
snake,-2624,17712,13360,-4060,-31177,-14711,1864,4888,17164,16465,-5898,4685,1832,10904,-2820,2537,3890,1197,2248880314
snake,-1200,15208,5060,-17149,-32768,-12142,2584,6592,13076,18746,-8342,7227,3972,10164,-844,1428,4297,1650,964520099
snake,772,9936,-3824,-24136,-32768,-10777,2400,6648,9116,17563,-7704,8307,6752,10152,1024,1676,4641,1283,4159844518
snake,2900,5564,-11536,-24258,-32768,-10683,-1244,4968,10536,12181,-6789,9796,8112,15308,-1044,2501,6153,-41,1073894206
snake,9356,2416,-14408,-23194,-32768,-11904,1948,6328,10172,7265,-3609,8736,4352,20960,-3040,2000,8655,-477,761455848
snake,11244,-3284,-11940,-14799,-28087,-10547,4852,6464,10232,1813,-941,8226,-992,24524,328,431,9563,88,989343290
snake,8564,-4808,-1344,2104,-23487,-6878,6268,6224,10940,-467,856,7924,-4952,24528,5244,-386,7674,1243,1688973639
snake,10280,-584,5476,18809,-19767,-1030,6208,7084,13628,-4484,3143,7367,-3140,19640,612,-446,5047,2471,2974542584
snake,11572,-388,8320,27218,-16031,4963,6260,4208,17152,-6429,5382,6837,-1404,15232,-844,-1579,4343,2494,4240353956
snake,15552,3760,6012,21468,-10329,10468,6248,4460,19520,-8527,5996,5933,-1996,13808,760,-1657,2290,2425,1124308827
snake,16832,3192,5940,5016,-3537,12230,5140,3520,19944,-7648,5844,5655,-1608,13868,1508,-739,286,2524,2006510661
snake,12992,-420,9064,-6319,1600,12071,4108,4436,21584,-5884,5631,5836,868,14124,-212,448,-776,1856,195745508
snake,10692,-5036,10592,-5850,6257,11618,4496,4496,23496,-4187,5789,6857,2224,14532,-712,726,-1140,212,3984727139
snake,9480,-8612,12244,1537,10595,10782,4664,2188,23396,-391,5755,8800,1460,15772,1400,1096,-1497,-939,1305875724
snake,9460,-9952,12784,11136,13833,9333,4108,3660,21716,2515,4810,10084,628,16504,976,944,-1980,-963,3502843226
snake,7288,-7512,15148,15749,14876,8160,2672,4460,20880,4705,4115,11276,944,15552,432,637,-1973,-623,2874189915
snake,3668,-5196,19720,15961,14225,7101,748,4400,22900,5862,4394,11262,2268,14976,-388,725,-1869,-421,1596357518
snake,3020,-4504,21520,13402,12664,6068,848,1392,24892,7056,5286,11292,1752,15052,-628,652,-1806,-39,844350328
snake,4544,-4804,21388,10280,11100,5389,2088,764,23664,11545,6097,11851,1744,15312,-692,637,-1716,420,1863913694
snake,5168,-4624,22684,7321,9475,4569,2020,1352,20580,16427,5916,11987,1540,15152,-1072,554,-1752,581,2254602879
snake,4724,-3812,22760,4967,7688,3885,3992,2384,16496,19574,5454,10954,2388,14460,-812,621,-1827,562,263349300
snake,4204,-2012,22016,1931,6158,3269,4376,2320,18656,17976,6754,9872,1652,15288,-428,542,-1819,564,214776660
snake,4960,-2240,19876,239,5378,2790,3984,4332,24672,10905,6800,7175,1672,15976,-564,619,-1987,542,3885813191
snake,6076,-1216,20804,-904,5183,2409,3208,4096,27148,3688,5301,5460,2700,15376,-1880,484,-1509,351,3865246898
snake,5316,-1376,20624,66,5194,2367,4472,3416,24804,1061,4702,3160,2688,15284,-1312,462,-1061,-30,669630267
snake,4416,-704,20504,888,5392,2597,3564,4280,26276,-4151,4445,851,1836,15820,-740,528,-915,-121,1121227869
snake,3648,-956,19912,688,5551,2713,2876,6500,26896,-12101,4903,-2085,1908,16344,-432,681,-1006,124,2816428935
snake,3732,-844,19764,1004,5445,2694,440,9576,26056,-21672,2739,-4583,2288,15608,-588,850,-1121,24,3078476399
snake,3224,-124,21180,1997,5168,2838,1056,8112,21596,-28705,2074,-8235,2416,15600,-948,1135,-1019,-116,3752042902
snake,3088,244,21244,3829,4597,3017,324,7712,22440,-32768,2734,-11165,2604,15540,-1392,870,-942,-181,1867368995
snake,3116,636,20612,4121,3958,3277,-3248,2724,27424,-32768,521,-14046,1736,15028,-524,766,-839,-138,2121481781
snake,2456,-544,19440,3133,3426,3457,-6548,-4440,27284,-32768,-2778,-19201,1732,15276,-1084,763,-881,76,730362527
snake,2664,-776,17928,1304,3251,3143,-4708,-11748,22632,-32768,-6618,-26519,2020,15252,-1120,568,-547,201,2195834607
snake,2812,-1148,18032,-327,2583,3032,-4636,-14684,16208,-32768,-8171,-32768,2920,15792,-904,444,-162,-123,3617901867
snake,2444,-816,18064,-549,1653,3269,-5052,-14828,12192,-32768,-7832,-32768,2100,16260,-508,53,117,55,2604268336
snake,2248,-1516,16384,-982,927,3522,-7828,-16352,10668,-30622,-7292,-32768,1764,14988,44,-135,-390,141,3463589119
snake,2628,-2388,14164,-3187,370,3286,-9812,-17052,6612,-5057,-8718,-32768,2072,14752,-408,-261,-712,199,2326518729
snake,2896,-3400,13512,-6155,-67,2723,-7936,-4520,-1904,20937,-9662,-32768,2396,15248,-1544,-213,-254,202,2137664822
snake,3256,-4440,14000,-7434,-144,2039,-5812,8200,-8504,32767,-10446,-31119,2972,15556,-2148,-470,441,321,1465118356
snake,3552,-3476,14208,-7949,-368,1295,-524,20592,-14960,32767,-9346,-20378,2684,15476,-2612,-625,1410,537,3779247323
snake,4500,-3340,12776,-8884,-621,414,4072,26332,-19440,32767,-7757,-8503,2736,14336,-2612,-943,2957,450,2499706982
snake,4796,-3660,11808,-9701,-197,-385,9548,27508,-23132,32767,-4726,465,1416,15392,-1752,-1747,3554,350,2425494253
snake,4624,-4816,12628,-8939,373,-982,8956,21912,-20820,32767,-1034,7238,-2068,14952,2404,-2542,2594,520,3809152117
snake,3792,-4740,14424,-4985,1229,-1201,5800,15064,-12356,29550,2007,9621,-3132,14380,4724,-1703,-299,719,1163847662
snake,3020,-3788,15444,-1340,1908,-882,-7512,15540,14420,14780,-1635,9064,-2604,15584,2592,-647,-3434,643,3048418281
snake,3220,-3172,15552,-250,2643,-699,-10988,10068,18728,-5344,-22596,4877,-964,14948,1660,-228,-5360,150,995726086
snake,4776,-3516,16388,-974,3802,-516,15204,-1336,12924,-8006,-7681,2233,1064,15068,148,-90,-6508,-736,215999621
snake,4320,-3888,19704,-1322,5211,-357,18216,2672,9608,4282,6824,3981,2168,16400,-684,-385,-6981,-1864,4128517011
snake,4064,-4560,21156,-581,6654,-325,17208,3404,12992,10172,19541,5158,2844,17696,-1872,-1000,-6299,-3179,3544725375
snake,4156,-5184,22760,2025,9484,-963,13416,-524,15100,11355,25793,3861,2480,20072,-2260,-1916,-6035,-4157,692432516
snake,3672,-4612,22956,4249,14953,-1479,9768,-2740,19956,7475,28000,1217,2260,21748,-1168,-2976,-6506,-4188,2276280468
snake,1304,-7184,25696,6150,22744,-2220,8332,-2368,25016,239,26204,-1774,2616,19924,-96,-3343,-6606,-3381,1224602575
snake,-8568,-12144,32767,19429,29953,-3117,4608,-2032,28108,-6094,25428,-3035,3348,18132,-1456,-2960,-6425,-2536,167916259
snake,-17456,-14340,29412,32767,32767,-5653,-740,200,28360,-9145,25426,-2510,5812,17296,-3944,-3783,-3699,-2489,1023659972
snake,-18948,-9800,15512,32767,32541,-10162,-4052,2804,25628,-13956,24845,-1027,6328,14876,-1316,-3632,-1203,-2853,1777892786
snake,-24140,-1288,12616,27078,27357,-14502,-4040,-1508,28496,-18231,23053,1488,7724,12060,1244,-2575,1055,-3079,4206418839
snake,-20624,2344,19956,12202,17508,-15245,-3204,-4268,31212,-22481,16639,2934,3860,9556,1780,-578,2375,-3107,529292714
snake,-14964,-288,27724,3045,3266,-14883,-1212,-7116,29848,-20546,8413,3757,2516,7540,3664,1773,2145,-2831,3663047305
snake,-6720,708,19192,-3518,-10224,-15042,2044,-3264,23104,-13303,771,5210,1000,6532,892,4639,2105,-2139,2695864825
snake,-7012,3212,16160,-5971,-20674,-15939,4248,-1496,19412,-3742,-4120,8036,-848,6388,-1308,5717,2815,-861,3904295383
snake,-132,9080,15852,-1877,-28105,-17691,2756,-1764,17608,5342,-7598,9893,-388,5720,-2752,5871,3449,498,3100225403
snake,3216,21308,10748,-5010,-32768,-15013,336,-1724,14508,11217,-9996,10772,716,5848,-3076,5421,4546,1684,2396673626
snake,2668,20532,7180,-14872,-32768,-11345,1020,-1256,11188,17791,-10869,11202,4656,7048,-4420,4214,5402,1987,2448316221
snake,-20,14260,3628,-21423,-32768,-7859,380,1760,8524,21629,-9972,10938,9436,10756,-1116,2995,6971,975,803338314
snake,-428,10680,-4600,-24519,-32768,-5126,196,2348,10216,20818,-7952,9519,5000,22624,504,5319,9610,158,2734448407
snake,2908,7148,-11048,-26764,-32768,-3663,2684,1716,12840,18732,-6054,7921,-1972,28512,1868,2686,7749,501,4086688416
snake,5180,4132,-14664,-27708,-32768,-1868,4320,1280,15352,19330,-3988,6956,-7788,30968,5220,1632,3623,2164,1855615596
snake,6908,-52,-13472,-25023,-32768,-356,6560,3804,15480,19401,-1670,6752,-2832,24704,-2436,-1060,1851,3288,4163143053
snake,15468,-8968,-9108,-10748,-27854,3552,6952,3972,16816,18593,561,6706,256,16636,-792,-2569,1595,2822,2656116438
snake,17948,-17852,7376,8535,-19093,7772,6868,4356,18296,16932,3090,6726,556,12996,-764,-2655,757,2552,917157729
snake,11868,-10056,24288,30396,-10833,14555,5540,3164,19620,15869,3773,7031,-2196,12608,224,-2042,-1078,1939,611534037
snake,8588,2520,11792,20217,-3667,16751,4824,3204,21620,16185,4533,6459,-2192,14400,-520,-944,-1557,1636,13805815
snake,15460,3440,-228,-1986,5223,15305,4108,6576,22792,14642,4595,6132,-224,14872,-1716,14,-1868,658,265539054
snake,11728,-8708,5176,-10485,10861,13289,4540,6212,20496,16030,7656,6799,440,15272,-284,69,-2942,217,2324451977
snake,8488,-20920,11796,5615,15867,11182,1488,6624,21184,20095,10180,7593,2912,15968,-1128,554,-2826,-293,1217139444
snake,4408,-10908,17040,23062,18362,8855,2188,5600,20164,23740,9852,9620,1052,16032,-1052,-600,-1933,-517,4084443852
snake,660,-5720,21300,25267,16393,7094,3340,8256,20136,23840,10885,10812,320,15504,-712,-516,-2139,67,753686131
snake,1812,-5640,21964,21876,13473,5295,2940,6152,19032,22610,10747,9827,1152,15632,-768,-642,-1959,814,757912338
snake,3884,-5120,22520,17684,11627,4127,2592,9600,20520,16231,13225,4171,304,14960,-148,-351,-1998,1367,3567088091
snake,4392,-3816,23360,13456,10500,3279,3052,15272,24504,-159,14036,201,408,15144,-1072,-506,-2325,1643,3113716078
snake,3592,-2176,24648,9108,9353,2801,3152,16676,26380,-16102,12913,-1738,324,14760,-1008,-714,-2674,1523,3642608708
snake,2948,-1344,24100,5412,8167,2499,3160,11116,23400,-21851,11998,-2153,-444,14536,-440,-462,-3461,1296,3743013
snake,4536,-556,21432,1352,6803,2249,1196,9148,21992,-24185,12081,-4218,536,15264,-652,-309,-3998,1044,156564227
snake,5080,-532,19352,21,6180,2639,-3732,14428,31072,-31183,10472,-6713,496,15936,32,54,-4851,893,1860403005
snake,3692,-92,19488,949,6126,3974,-2532,14748,32767,-32768,7019,-6711,1816,15488,-1292,117,-5329,667,481556094
snake,2188,24,19572,930,6532,5579,-3600,8004,27256,-32768,5465,-8301,3116,15276,-1840,-142,-5072,-25,4268647497
snake,2252,-236,18992,-696,7399,6894,-7256,6172,26816,-32768,4853,-9527,3220,17472,-1356,-390,-4537,-664,177429729
snake,2184,-1284,19852,-1589,8201,7920,-12196,9388,28692,-32768,1314,-10182,2228,18472,-1196,-265,-4269,-663,137568147
snake,1956,-1956,19972,-9,8978,8574,-9600,1508,30468,-32768,-3671,-10566,2492,18840,-2552,-439,-3886,59,1017093150
snake,-448,-2332,20860,2177,9068,8863,-12092,-14100,30016,-32768,-10415,-15358,2336,18756,-1772,-1248,-3365,1071,3274584912
snake,-1356,-2840,20728,3036,7921,7936,-10212,-26040,23768,-32768,-17087,-24219,3180,17724,-768,-2101,-2906,2316,132142684
snake,1236,-2700,18732,374,6717,6018,-9160,-27020,13424,-32768,-21111,-32768,4800,14488,-612,-1744,-1794,3157,3805123787
snake,1716,-3120,19944,-1829,5613,4603,-7524,-20920,2676,-22614,-22555,-32768,6020,11896,-1552,-1103,101,2863,2063921572
snake,620,-2748,20900,-551,3694,3458,-8124,-13868,-5048,-4902,-21961,-32768,6576,10100,-1376,-1069,2485,1789,2085556972
snake,120,-2132,16780,-1707,2022,2543,-11940,-3880,-11504,10295,-20482,-32768,4628,9664,1052,-667,3798,587,937198344
snake,-164,-3776,14108,-6461,632,1276,-10560,7648,-17636,22502,-16215,-32768,2660,9460,876,428,3918,-347,578849457
snake,1248,-5140,13948,-10135,-1104,-265,-6132,17688,-21084,31666,-11637,-32768,1396,11768,-2016,702,3925,-714,382077340
snake,1984,-4508,14584,-11683,-2264,-1769,-3172,25240,-18596,32767,-9938,-19683,8,13700,-2816,-10,4436,-404,276257613
snake,2280,-3796,15028,-11919,-3243,-3482,1176,28812,-20368,32767,-9655,-8945,-540,13952,-1204,-976,3992,108,598237689
snake,2760,-4836,13748,-12165,-4228,-5062,4868,29272,-23820,31640,-9912,-395,-2440,16072,436,-685,3048,714,1183442994
snake,2400,-6132,13148,-11102,-4192,-6483,4712,21504,-23436,30163,-9079,6670,-3252,17784,984,-325,1479,1545,4010642316
snake,1152,-6984,14312,-7543,-3463,-7081,4184,16660,-11760,30503,-6991,11337,-4016,17164,3104,93,-1624,2015,4140413134
snake,420,-6256,16320,-3295,-2299,-7179,-236,8260,10872,14555,-8114,7784,-3356,15748,4644,211,-6291,2099,2947418090
snake,744,-5060,16552,-1310,-1489,-7203,-3828,2604,32704,1680,-18516,156,1576,14652,-720,-339,-7337,1104,3981120579
snake,348,-4268,17128,-2672,-559,-6755,14492,-5048,11524,573,-11536,850,3324,13336,-808,-1337,-7296,-582,345602680
snake,1256,-5468,19016,-3080,167,-6255,24036,2708,10888,7730,-109,1203,6468,13144,-140,-764,-7334,-2638,3803920455
snake,4244,-5264,22016,-2166,806,-5937,25156,1740,13476,8570,9098,1639,5628,17092,336,1556,-4092,-4358,3116640101
snake,5212,-5160,23392,-729,1885,-5408,22536,932,16636,8844,17301,1907,2112,19296,-1664,307,-3609,-4339,3439451597
snake,3096,-5968,24592,1808,4051,-4664,16152,-2884,17952,6798,22269,428,4732,20984,-3084,-17,-1876,-3362,1821345172
snake,3160,-5148,24340,5239,6759,-4038,14852,-3684,21724,1885,22672,-2638,6092,20364,-2516,-704,-640,-2974,1387199446
snake,7064,-5500,18376,4552,12447,-3406,14996,-4344,25852,-2356,19963,-5771,5100,20472,-1352,-1399,51,-2554,3841762657
snake,-244,-7452,24872,4404,21185,-3744,10840,-3476,26588,-4404,19722,-8379,5644,18532,-612,-1923,1429,-2074,2530819586
snake,-9596,-16020,30824,16404,28079,-4051,5920,256,24724,-4488,23028,-9272,4612,17640,-1128,-3061,2946,-2248,2794001892
snake,-16180,-16232,25508,31849,32767,-6002,1476,2936,23484,-793,25768,-8580,3028,17600,-472,-3585,5114,-2432,3750709716
snake,-23048,-9700,20544,32767,32767,-10060,-1280,4408,22440,2250,25424,-6854,2112,17052,-648,-4461,5731,-2371,4288688106
snake,-24936,1732,15476,32767,28636,-12900,-888,3504,24336,378,23561,-5080,2132,12364,2912,-2684,5784,-2860,3995364511
snake,-21204,13092,21096,12729,19167,-10293,-520,600,29252,-5845,20393,-4054,1836,10224,2408,204,6018,-3860,2804322564
snake,-9920,7364,20624,-1307,7195,-7061,244,1372,28776,-12360,15099,-3365,1100,8396,872,1826,6494,-4563,722708969
snake,-9268,-1092,19744,-5349,-5532,-8492,1944,4640,25124,-15727,8744,-2592,-612,7212,1348,3312,5967,-4290,4002846895
snake,-7800,-4228,16228,-356,-16426,-10472,4172,4284,23372,-11577,3029,-121,-2608,6980,232,4328,3674,-2814,3743566761
snake,-5968,-5136,12856,12865,-24231,-13743,4392,3396,21508,-1631,-2262,2785,-1196,7312,-2140,3935,2078,-1358,2821604972
snake,-3816,5720,10144,20853,-32768,-13987,1956,3864,16768,5163,-5404,5153,-96,7972,-2752,3427,2543,-304,2983282308
snake,-20,21164,5276,11938,-32768,-9344,1644,4664,11860,8581,-6196,7358,-100,7784,-2964,2157,2998,665,2681785887
snake,1756,23216,-2048,-637,-32768,-2892,2412,5196,9044,10133,-5756,8963,2424,10432,-4224,907,2384,1172,2258863267
snake,6324,16828,-11824,-11779,-32768,296,1492,4812,9136,10566,-4790,9935,5396,15220,-3032,9,2929,437,3206718723
snake,10968,9376,-18408,-15726,-32768,3503,2328,3196,10508,8838,-2319,9517,4260,25092,6888,4680,7322,-716,2149116590
snake,8936,156,-15856,-13447,-32768,5349,4572,1948,12928,6330,591,8327,-5448,26912,10632,5587,3561,608,117760188
snake,6656,-1716,-8464,-5502,-29781,7734,6688,2840,13740,5050,2140,6845,-1700,24864,-4476,2249,1743,1735,2761362728
snake,7080,-3408,2484,4093,-27699,10772,6292,3140,14420,3632,3740,5946,-1680,18516,-584,-558,645,2354,2653286456
snake,12200,-15048,12404,25162,-23187,16369,4164,912,17308,2274,5743,5369,-2200,15308,80,-1314,376,2474,564941137
snake,15732,588,1840,32256,-8225,20292,3208,-192,19436,-140,7490,3680,-356,14308,-1840,-1147,654,3108,4209946663
snake,12940,9236,1984,4283,297,20260,5888,2540,18564,-3662,7708,2510,1412,12848,-2716,-527,869,2768,706182803
snake,8712,2832,1156,-22024,4309,17928,6524,2788,16888,-2831,8775,3767,2040,13520,-1176,-46,115,972,2440344597
snake,9332,-13812,1720,-20979,8711,16053,1300,2608,20640,-2569,9068,4383,760,15940,420,838,-896,-421,1566553190
snake,8312,-15504,10736,807,15713,13794,-1040,-544,24620,-2371,7343,5596,-168,17048,-2572,389,-1111,-309,1127630545
snake,3452,-7196,21684,13168,18897,11617,460,-2084,23116,1516,5158,6830,-492,15984,-1384,-469,-690,-15,15407647
snake,2348,-3660,23000,12788,17456,7933,2200,1708,17260,6984,5502,8793,-536,15876,-1208,-972,-520,155,3114718816
snake,-568,-4552,20332,6469,15616,5664,-2000,4872,18272,10050,6660,9173,-1584,15744,-148,-849,-1060,631,385334133
snake,8,-7104,20360,3089,13390,4316,-5924,5172,25108,8862,4855,8700,-1196,15820,-892,-1056,-2095,1155,555094151
snake,1912,-4716,22412,1380,11345,3375,-5244,2780,28404,8487,1206,8478,448,15024,-736,-1044,-2763,1250,3193244801
snake,2448,-2304,23236,-1142,9122,3046,-2836,3508,24844,13378,-1712,9177,520,14996,-1064,-807,-3076,1021,3457609978
snake,1548,-1140,22584,-3168,7441,2645,-360,6072,21048,19188,-1507,10421,440,15388,-1020,-649,-3116,905,3034091130
snake,2268,-1648,20420,-4382,6494,2230,1552,4268,17224,25724,219,11637,956,15728,-1460,-595,-3039,800,2825577142
snake,6688,-1156,18356,-5293,6692,2025,740,7324,18880,25532,2381,11503,2492,15584,-1400,-751,-2590,616,3477173112
snake,5880,-1728,19908,-3727,7680,2586,1364,8724,21328,19949,2953,10962,2072,15624,-604,-745,-2337,492,4190440514
snake,3728,-1252,20740,-1639,8465,3383,2964,8880,22668,11338,4223,10183,668,15872,60,-765,-2625,770,3379352241
snake,2040,-1048,20172,-1706,8967,3834,2232,10100,28464,3376,4430,8672,-844,16232,-476,-746,-3451,1270,4054038287
snake,1456,-1384,20512,-1718,8951,4067,-184,12732,31140,-5443,2039,6404,748,15920,-1572,-1114,-3445,1354,221404163
snake,2516,-1832,20148,-888,8631,4217,3196,9816,24672,-12548,1312,3652,1672,15160,-1104,-685,-3198,970,3968411972
snake,2224,-1288,20784,1197,8402,4349,5948,7124,21060,-17456,3719,1612,884,16352,668,-478,-3325,787,2287560823
snake,1684,-1116,21176,2175,7777,4678,5500,7620,27840,-23054,2184,-327,408,14248,404,-578,-4413,425,3443659104
snake,476,-1676,20072,1293,7111,4765,2032,5528,32268,-28783,-2932,-1862,-300,14772,168,-1148,-5179,720,337691091
snake,-1060,-1696,17260,-2531,6717,4641,-2060,-1488,30160,-29842,-8868,-5971,1320,15008,484,-901,-4985,979,827383586
snake,-1164,-3296,15092,-7833,6459,4357,-3060,-8444,31332,-26840,-13719,-14934,1492,15388,684,213,-4928,897,3007178436
snake,-296,-5476,15764,-8969,6655,4152,-6876,-6040,28368,-28583,-17966,-24002,2500,15892,-696,520,-4813,580,925915216
snake,-888,-5188,16924,-8051,6576,4324,-9924,-628,19496,-32768,-21450,-32095,3436,14992,-1536,289,-3930,22,415129470
snake,-1176,-5544,17072,-9244,6256,3989,-9500,4348,8916,-32768,-22549,-32768,4020,14396,-2004,227,-2376,-543,1768193111
snake,-352,-5084,16356,-13557,6099,3035,-8200,7712,4196,-32768,-20103,-32768,4540,14352,-1608,267,-590,-800,1515489663
snake,-472,-7684,16184,-14406,5325,2202,-5364,9924,1172,-32768,-17752,-32566,4664,14716,-1008,190,476,-601,3794965899
snake,-1200,-8688,17472,-10065,4619,991,-1916,9272,-2944,-32031,-15467,-30116,4244,15576,-368,388,749,57,1717121669
snake,-1432,-7792,18616,-6340,3407,-231,1676,6328,-7628,-18795,-11634,-26733,4512,16136,-2312,293,1606,780,2890389698
snake,-716,-7096,17940,-5203,2065,-1907,192,4684,-7984,-5916,-11373,-19939,3368,15292,-2844,-487,3260,1054,765627784
snake,488,-6772,17640,-5280,1319,-3758,1244,8136,-8064,5547,-11409,-11191,196,14828,-1156,-867,3937,1114,2123225025
snake,28,-6308,18740,-5523,594,-5118,3320,9920,-9208,15166,-10556,-1605,-2292,15284,-276,-795,3219,1418,371147607
snake,-80,-6436,18220,-5169,-189,-5912,7056,10128,-11184,21928,-8267,5295,-2144,15720,-772,-777,2966,1618,570193202
snake,-248,-6232,17972,-4652,-522,-6279,8444,10088,-13400,25466,-3689,8287,-2704,15592,956,-850,1262,1737,3853411096
snake,-116,-6436,18248,-3615,-534,-6168,7756,11840,-13100,25414,1608,9625,-2004,15488,2136,-918,-1784,1674,1344489132
snake,-772,-6576,19268,-2796,-303,-5718,10028,11228,-11228,25239,6417,9566,-260,15120,1084,-557,-4387,1479,2801152775
snake,-700,-6280,21384,-3492,-137,-5258,13184,12076,-6800,22317,12238,9161,1572,15188,-808,-1285,-4755,765,1440832197
snake,152,-6416,21188,-5219,187,-4558,10808,7664,5480,12256,16650,7044,3108,14620,-100,-1731,-5286,-133,4277217284
snake,604,-6896,22616,-5713,966,-3596,-444,176,25948,827,12549,2959,5432,14940,140,-1504,-4636,-1515,2331784626
snake,612,-7684,24224,-4094,1463,-2491,-5560,-7916,32767,6588,2230,343,5568,15992,1552,-201,-3407,-2920,2672529930
snake,-556,-8892,26616,-543,1999,-1845,13228,-552,26248,9919,7014,1614,4252,17212,-592,-126,-2779,-3580,3240294649
snake,-1264,-10220,28496,4390,2230,-1574,12896,4920,24464,9990,14438,1614,3748,17056,-552,-273,-1970,-3656,332062222
snake,-1472,-11280,30404,11953,3451,-1843,8332,4108,21388,9798,20305,2077,3068,17552,-1156,-352,-1382,-3430,1630970576
snake,-3744,-9040,30700,17418,5673,-2625,6160,4076,22940,8454,24076,1258,3420,17204,-764,-499,53,-3577,4123402561
snake,-5216,-5888,25648,10329,7535,-2857,3348,1316,27452,4288,23910,362,2412,16800,-1036,-769,746,-3471,3194354243
snake,-6584,-8380,23408,2862,8780,-2926,524,528,29788,1216,21726,-158,2740,15332,-972,-1144,1541,-3316,2939413621
snake,-6540,-12648,32767,8875,8032,-2942,420,744,30616,-2268,19324,-182,2048,14404,-192,-717,2424,-3179,890163924
snake,-11164,-15944,32767,15123,4127,-4480,-536,-144,30532,-3551,15605,-361,1484,13576,-1092,-937,4029,-2553,566603088
snake,-14104,-13608,29472,15686,-4797,-6449,-2180,272,28564,-2206,11424,46,1212,12612,-1832,-876,5675,-1709,3843091085
snake,-14220,-10192,26596,20708,-11119,-10019,-3532,1176,26812,1435,8013,1300,1064,13076,-1804,-818,6930,-528,1996350515
snake,-17024,-6456,25500,19280,-19545,-13224,-4308,1176,27856,4610,4891,2896,1592,13344,-232,-591,7744,314,4058324737
snake,-20592,-1920,28952,22623,-29383,-15391,-4352,-2196,29316,6017,1231,3566,1460,14824,904,408,7685,804,3103110625
snake,-22912,10576,23696,19520,-32768,-14267,-2368,-3648,20916,12168,-1599,4442,1492,15556,-924,654,7810,1379,243958500
snake,-19700,18284,8100,6357,-32768,-8885,472,1252,16524,16158,-3584,4684,1324,15476,-432,278,8430,1502,686059233
snake,-13136,13532,-4740,-10417,-32768,-4478,2956,3444,15116,17355,-5539,5202,928,14952,2176,654,7484,1261,498249638
snake,-7860,2132,-11708,-15740,-32768,-4271,2540,5704,13516,17237,-6520,5721,896,14008,1372,950,6319,551,3416123565
snake,964,-11344,-19996,-6494,-32768,-6022,992,5840,11568,14909,-6857,5813,364,13272,-948,1274,6144,-66,636874013
snake,4708,-14988,-23896,10808,-31306,-6479,1332,5260,10472,12321,-6608,5737,-724,13224,-1388,706,5621,-17,3076348466
snake,7568,-13644,-25544,27622,-21143,-7022,2832,5940,9288,11063,-6620,6021,-212,13668,-1252,4,5124,219,2517870249
snake,9680,-5264,-23612,32767,-12732,-6071,4236,6884,8316,10784,-6271,6129,600,14576,-972,-827,4496,575,3884887625
snake,12200,4688,-21196,32767,-6673,-3488,3096,8044,9668,7673,-6093,5257,608,16140,556,-626,4015,926,3590702884
snake,14880,11380,-16236,32767,-722,-1725,4784,8124,10800,3579,-3714,4964,1680,17384,2144,126,4148,1106,1111868723
snake,14360,15004,-12544,26915,5597,323,7380,8368,13200,427,-1558,4622,2812,16420,3052,1085,4450,859,1073776154
snake,12316,14124,-7372,6713,8939,2072,10120,7552,12888,-347,-117,4354,2288,16352,1208,483,4514,484,2539225346
snake,9916,7960,-1416,-8342,10043,3851,9088,8240,15588,-1195,405,3948,-80,15656,1540,504,3775,487,2280429990
snake,8260,-2416,3036,-11320,9674,5172,7808,8016,16444,-3727,2141,4055,-928,14936,1560,265,3284,778,1632672525
snake,10648,-3900,5936,-6185,12518,6263,7456,7352,18100,-4354,3696,4480,-856,14664,596,536,2599,846,2102941794
snake,9320,956,12188,-5873,14716,6731,6600,7784,19532,-5412,3990,4429,-1148,14912,868,889,1807,768,3925709339
snake,6992,-416,15048,-5543,15038,7443,5048,6980,21140,-5993,3841,4455,-1024,14760,408,1235,767,371,1887440131
snake,7788,-2468,13072,-4219,17027,7260,3840,6332,22464,-5095,4061,4948,-1184,15428,-236,1108,239,223,4071239651
snake,8148,-3280,12476,-4930,18874,6712,3088,5484,22896,-3556,4615,5899,-1204,16372,-1260,905,-271,260,3341867417
snake,6872,-3648,15180,-3972,18955,5921,3392,5552,21880,-2296,5191,6685,404,15628,-732,537,-403,347,338635246
snake,4516,-2704,19388,-2983,18021,5296,3144,6308,21456,-3018,5408,6978,1220,15688,-260,653,-284,239,953056902
snake,3964,-1988,21076,-1941,17035,4508,2048,4860,22612,-4932,5293,7081,980,15636,-296,725,112,127,802637313
snake,5376,-1780,21440,-1663,16736,3359,1352,3384,23428,-6894,4750,7213,636,15772,-912,604,324,191,2968580884
snake,5340,-1804,20784,-2014,16326,2481,440,1196,24216,-7839,3929,7078,168,15964,-404,425,371,471,341670502
snake,4276,232,21304,-1326,15742,2122,236,-296,24216,-5509,2983,6884,452,15760,-548,268,311,779,943991087
